Title,Authors,Source,Year,Language,DOI,Abstract
Datalog and its extensions for semantic web databases,"Gottlob, G. (1); Orsi, G. (1); Pieris, A. (1); Simkus, M. (2) ",Reasoning Web. Semantic Technologies for Advanced Query Answering. Proceedings of the 8th International Summer School 2012,2012,English,10.1007/978-3-642-33158-9_2,"Since the early 70s, data management played a central role in organizations and represented a challenging area of research. A number of languages have been proposed to model, query, and manipulate data, as well as for expressing very general classes of integrity constraints, inference procedures, and ontological knowledge. Such languages are nowadays crucial for many applications such as semantic data publishing and integration, decision support, and knowledge management. In this tutorial we first introduce Datalog, a powerful rule-based language originally intended for expressing complex queries over relational data, and that today is at the basis of languages for the specification of optimization and constraint satisfaction problems as well as of ontological constraints in data and knowledge bases. We then discuss the limitations of Datalog for the semantic web, in particular for ontological modeling and reasoning, and we present several extensions that allow to capture some of the ontology languages of the OWL family, the standard language for semantic data modeling on the semantic web."
"Reasoning Web: Semantic Technologies for Intelligent Data Access - 9th International Summer School 2013, Proceedings",,Lecture Notes in Computer Science (including subseries Lecture Notes in Artificial Intelligence and Lecture Notes in Bioinformatics),2013,English,,The proceedings contain 7 papers. The topics discussed include: introduction to linked data and its lifecycle on the web; RDFS and OWL reasoning for linked data; introductions to description logics - a guided tour; answer set programming; ontology-based data access with databases: a short course; a geo-semantics flyby; and statistical relational data integration for information extraction.
Data warehouse systems: Design and implementation,"Vaisman, Alejandro (1); Zimányi, Esteban (2) ",Data Warehouse Systems: Design and Implementation,2014,English,10.1007/978-3-642-54655-6,"With this textbook, Vaisman and Zimányi deliver excellent coverage of data warehousing and business intelligence technologies ranging from the most basic principles to recent findings and applications. To this end, their work is structured into three parts. Part I describes 'Fundamental Concepts' including multi-dimensional models; conceptual and logical data warehouse design; and MDX and SQL/OLAP. Subsequently, Part II details 'Implementation and Deployment,' which includes physical data warehouse design; data extraction, transformation, and loading (ETL); and data analytics. Lastly, Part III covers 'Advanced Topics' such as spatial data warehouses; trajectory data warehouses; semantic technologies in data warehouses; and novel technologies like MapReduce, column-store databases, and in-memory databases. As a key characteristic of the book, most of the topics are presented and illustrated using application tools. Specifically, a case study based on the well-known Northwind database illustrates how the concepts presented in the book can be implemented using Microsoft Analysis Services and Pentaho Business Analytics. All chapters are summarized using review questions and exercises to support comprehensive student learning. Supplemental material to assist instructors using this book as a course text is available at http://cs.ulb.ac.be/DWSDIbook/, including electronic versions of the figures, solutions to all exercises, and a set of slides accompanying each chapter. Overall, students, practitioners and researchers alike will find this book the most comprehensive reference work on data warehouses, with key topics described in a clear and educational style. © Springer-Verlag Berlin Heidelberg 2014. All rights reserved."
"5th International Conference on Data Management Technologies and Applications, DATA 2016",,Communications in Computer and Information Science,2017,English,10.1007/978-3-319-62911-7_1,The proceedings contain 9 papers. The special focus in this conference is on Data Management Technologies and Applications. The topics include: A scalable platform for low-latency real-time analytics of streaming data; identifying conversational message threads by integrating classification and data clustering; towards efficient multi-domain data processing; approaching ETL processes specification using a pattern-based ontology; topic-aware visual citation tracing via enhanced term weighting for efficient literature retrieval; towards decision support for paying the larger bills; generic and concurrent computation of belief combination rules; log-based model to enforce data consistency on agnostic fault-tolerant systems and improving performances of an embedded relational database management system with a hybrid CPU/GPU processing engine.
Subsumption and complementation as data fusion operators,"Bleiholder, Jens (1); Szott, Sascha (2); Herschel, Melanie (3); Kaufer, Frank (1); Naumann, Felix (1) ","Advances in Database Technology - EDBT 2010 - 13th International Conference on Extending Database Technology, Proceedings",2010,English,10.1145/1739041.1739103,"The goal of data fusion is to combine several representations of one real world object into a single, consistent representation, e.g., in data integration. A very popular operator to perform data fusion is the minimum union operator. It is defined as the outer union and the subsequent removal of subsumed tuples. Minimum union is used in other applications as well, for instance in database query optimization to rewrite outer join queries, in the semantic web community in implementing Sparql's optional operator, etc. Despite its wide applicability, there are only few efficient implementations, and until now, minimum union is not a relational database primitive. This paper fills this gap as we present implementations of subsumption that serve as a building block for minimum union. Furthermore, we consider this operator as database primitive and show how to perform optimization of query plans in presence of subsumption and minimum union through rule-based plan transformations. Experiments on both artificial and real world data show that our algorithms outperform existing algorithms used for subsumption in terms of runtime and they scale to large volumes of data. In the context of data integration, we observe that performing data fusion calls for more than subsumption and minimum union. Therefore, another contribution of this paper is the definition of the complementation and complement union operators. Intuitively, these allow to merge tuples that have complementing values and thus eliminate unnecessary null-values. Copyright 2010 ACM."
Integration of relational databases and record-based legacy systems for populating data warehouses,"Miller, L.L. (1); Yu, Xin (1); Nilakanta, S. (2) ",Proceedings of the Annual Hawaii International Conference on System Sciences,2002,English,10.1109/HICSS.2002.994286,"The number of data sources that an organization has to deal with continues to be nontrivial. Integrating this data is a growing problem. A great deal of research has been done to solve the general problem. Work on topics like multi-databases, mediators and ontologies has been directed at solving the general data integration problem. While all of this activity has been useful, the general problem of integrating heterogeneous data sources remains only partially solved. This paper looks at the solution of a sub-problem of the general problem where the data sources are restricted to relational databases and record-based legacy systems owned by the same organization. For many organizations, this restriction precisely defines their integration problem. For example, data warehouses typically have a tuple as their storage format, whether they are table- or cube-oriented. The task of defining the tuple requires integrating the organization's existing relational and/or record-based legacy systems. Populating the data warehouse can be accomplished by querying the integrated data sources. Specifically, we provide a mechanism for developing a relational model for the set of data sources, provide a method for generating correct queries over the model, and create an architecture for executing the queries based on the mobile agent paradigm. A prototype of the system has been designed and implemented. © 2002 IEEE."
Metamodel-based information integration at industrial scale,"Berger, Stefan (1); Grossmann, Georg (1); Stumptner, Markus (1); Schrefl, Michael (1) ",Lecture Notes in Computer Science (including subseries Lecture Notes in Artificial Intelligence and Lecture Notes in Bioinformatics),2010,English,10.1007/978-3-642-16129-2_12,"Flexible data integration has been an important IT research goal for decades. About ten years ago, a significant step was taken with the introduction of declarative methods (e.g., Clio). Since this work, mostly based on classic dependency analysis, extensions have been developed that express more powerful semantic relationships. However, much of this work has remained focused at the relational database (i.e., relatively low) level, and many of the extensions revert to specific algorithms and function specifications. At the same time, models have evolved to incorporate more powerful semantics (object or ontology-based methods). The work presented in the paper uses flexible metamodel-based mapping definitions that enable a model-driven engineering approach to integration, allowing declarative mapping specifications to be automatically executed at runtime within a single-formalism and single-tool framework. The paper reports how to create executable mappings for large-scale data integration scenarios with an interactive graphical tool. © 2010 Springer-Verlag."
Atlas - A data warehouse for integrative bioinformatics,"Shah, Sohrab P. (1); Huang, Yong (1); Xu, Tao (1); Yuen, Macaire M.S. (1); Ling, John (1); Ouellette, B.F. Francis (1) ",BMC Bioinformatics,2005,English,10.1186/1471-2105-6-34,"Background: We present a biological data warehouse called Atlas that locally stores and integrates biological sequences, molecular interactions, homology information, functional annotations of genes, and biological ontologies. The goal of the system is to provide data, as well as a software infrastructure for bioinformatics research and development. Description: The Atlas system is based on relational data models that we developed for each of the source data types. Data stored within these relational models are managed through Structured Query Language (SQL) calls that are implemented in a set of Application Programming Interfaces (APIs). The APIs include three languages: C++, Java, and Perl. The methods in these API libraries are used to construct a set of loader applications, which parse and load the source datasets into the Atlas database, and a set of toolbox applications which facilitate data retrieval. Atlas stores and integrates local instances of GenBank, RefSeq, UniProt, Human Protein Reference Database (HPRD), Biomolecular Interaction Network Database (BIND), Database of Interacting Proteins (DIP), Molecular Interactions Database (MINT), IntAct, NCBI Taxonomy, Gene Ontology (GO), Online Mendelian Inheritance in Man (OMIM), LocusLink, Entrez Gene and HomoloGene. The retrieval APIs and toolbox applications are critical components that offer end-users flexible, easy, integrated access to this data. We present use cases that use Atlas to integrate these sources for genome annotation, inference of molecular interactions across species, and gene-disease associations. Conclusion: The Atlas biological data warehouse serves as data infrastructure for bioinformatics research and development. It forms the backbone of the research activities in our laboratory and facilitates the integration of disparate, heterogeneous biological sources of data enabling new scientific inferences. Atlas achieves integration of diverse data sets at two levels. First, Atlas stores data of similar types using common data models, enforcing the relationships between data types. Second, integration is achieved through a combination of APIs, ontology, and tools. The Atlas software is freely available under the GNU General Public License at: http://bioinformatics.ubc.ca/atlas/. © 2005 Shah et al; licensee BioMed Central Ltd."
Biowarehouse: Relational integration of eleven bioinformatics databases and formats,"Karp, P.D. (1); Lee, T.J. (1); Wagner, V. (1) ","Data Integration in the Life Sciences. 5th International Workshop, DILS 2008",2008,English,10.1007/978-3-540-69828-9_2,"Biowarehouse is an open-source project for integrating bioinformatics databases within a relational database warehouse. It has two key features. A comprehensive database schema models many different bioinformatics datatypes. A set of loader tools permits loading of public bioinformatics databases, and of standard bioinformatics formats, into that database schema. Thus, multiple databases can be queried together within a single common schema. The supported databases are BioCyc, CMR, ENZYME, Eco2DBase, Genbank, Gene Ontology, KEGG, NCBI Taxonomy, and UniProt. The supported formats are BioPAX (protein interactions subset only) and MAGE-ML."
A journey to Semantic Web query federation in the life sciences,"Cheung, Kei-Hoi (1); Frost, H Robert (2); Marshall, M Scott (3); Prud'hommeaux, Eric (4); Samwald, Matthias (5, 6); Zhao, Jun (7); Paschke, Adrian (8) ",BMC Bioinformatics,2009,English,10.1186/1471-2105-10-S10-S10,"Background: As interest in adopting the Semantic Web in the biomedical domain continues to grow, Semantic Web technology has been evolving and maturing. A variety of technological approaches including triplestore technologies, SPARQL endpoints, Linked Data, and Vocabulary of Interlinked Datasets have emerged in recent years. In addition to the data warehouse construction, these technological approaches can be used to support dynamic query federation. As a community effort, the BioRDF task force, within the Semantic Web for Health Care and Life Sciences Interest Group, is exploring how these emerging approaches can be utilized to execute distributed queries across different neuroscience data sources. Methods and results: We have created two health care and life science knowledge bases. We have explored a variety of Semantic Web approaches to describe, map, and dynamically query multiple datasets. We have demonstrated several federation approaches that integrate diverse types of information about neurons and receptors that play an important role in basic, clinical, and translational neuroscience research. Particularly, we have created a prototype receptor explorer which uses OWL mappings to provide an integrated list of receptors and executes individual queries against different SPARQL endpoints. We have also employed the AIDA Toolkit, which is directed at groups of knowledge workers who cooperatively search, annotate, interpret, and enrich large collections of heterogeneous documents from diverse locations. We have explored a tool called 'FeDeRate', which enables a global SPARQL query to be decomposed into subqueries against the remote databases offering either SPARQL or SQL query interfaces. Finally, we have explored how to use the vocabulary of interlinked Datasets (voiD) to create metadata for describing datasets exposed as Linked Data URIs or SPARQL endpoints. Conclusion: We have demonstrated the use of a set of novel and state-of-the-art Semantic Web technologies in support of a neuroscience query federation scenario. We have identified both the strengths and weaknesses of these technologies. While Semantic Web offers a global data model including the use of Uniform Resource Identifiers (URI's), the proliferation of semantically-equivalent URI's hinders large scale data integration. Our work helps direct research and tool development, which will be of benefit to this community. © 2009 Cheung et al; licensee BioMed Central Ltd."
TriAL-QL: Distributed processing of navigational queries,"Przyjaciel-Zablocki, Martin (1); Schätzle, Alexander (1); Lausen, Georg (1) ","18th International Workshop on the Web and Databases, WebDB 2015: Freshness, Correctness, Quality of Information and Knowledge on the Web - Proceedings",2015,English,10.1145/2767109.2767115,"Navigational queries are among the most natural query patterns for RDF data, but yet most existing RDF query languages fail to cover all the varieties inherent to its triplebased model, including SPARQL 1.1 and its derivatives. As a consequence, the development of more expressive RDF languages is of general interest. With TriAL∗ [14], there exists an expressive algebra which subsumes many previous approaches, while adding novel features that are not expressible in most other RDF query languages based on the standard graph model. However, its algebraic notation is inappropriate for practical usage and it is not supported by any existing RDF triple store. In this paper, we propose TriAL- QL, an easy to write and grasp language for TriAL∗, preserving its compositional algebraic structure. We present an implementation based on Impala, a massive parallel SQL query engine on Hadoop, using an optimized semi-naive evaluation for the recursive fragments of TriAL∗. This way, we support both data-intensive ETL-like workloads and explorative ad-hoc style queries. To demonstrate the scalability and expressiveness of our approach, we conducted experiments on generated social networks with up to 1.8 billion triples and compared different execution strategies to a Hivebased solution. Copyright ©2010 by the Association for Computing Machinery."
Sirius: A Resource for Analyzing Drug-Disease Relationships for Drug Repositioning,"Maudarbux, Muhsin Muhammad (1); Ghoorah, Anisah Wahed (2); Fowdur, Tulsi Pawan (1) ",Lecture Notes in Electrical Engineering,2019,English,10.1007/978-3-030-18240-3_22,"Drug Repositioning is the use of existing drugs to treat new diseases. Drug molecules exert their actions by binding to specific 3D biological molecules. Working and reasoning with 3D structures is complex, thus researchers prefer working with 1D or text data. Furthermore, drug-repositioning studies often use data sets from various independent sources, which make data processing and analysis time consuming due to different file formats, missing data, and complex cross-referencing. Here, we integrate 12 publicly available data sets on various biological/chemical entities like disease, gene, protein, pathway, drug, and side effect and 5 ontologies to provide an abstraction paradigm. The resulting integrated repository, which we called Sirius (for shedding light on drug-disease relationships) contains 7,321 disease related phenotypes, 47,063 protein functions, 2,226 drugs functions and 72,787 drug side effects having 12, 11, 9 and 4 abstraction levels, respectively. We illustrate the usefulness of our repository by studying the relationships between drugs and diseases, using side effect and pathway data. Our study predicted 117 associations, of which 93 are confirmed by the CTD database. The database is available on request from the authors as an SQL dump file. © 2019, Springer Nature Switzerland AG."
A new system for integrating information from libraries' catalogues to MODS format,"Fermoso, Ana Ma. (1); Berjón, Roberto (1); Beato, Encarnación (1); Mateos, Montserrat (1); Sánchez, Miguel Angel (1); Manzano, Maribel (1); Gil, Ma. Jose (2) ","International Journal of Metadata, Semantics and Ontologies",2007,English,10.1504/IJMSO.2007.017613,"In this paper, we present the integration of information from library catalogues to the bibliographical format MODS (Metadata Object Description Schema). Hereby the resources of different bibliographical catalogues can be consulted obtaining the results in the same common format as MODS. To achieve our aim we use the XDS system, a software tool that solves the integration of heterogeneous data using XML as integration format. XDS allows integrating data from different relational and XML sources obtaining the results in the XML format specified by user. In this case the information sources store library catalogues and the output format is MODS. © 2007, Inderscience Publishers."
Integrating Ireland's Geospatial Information to Provide Authoritative Building Information,"McGlinn, Models Kris (1); Debruyne, Christophe (1); McNerney, Lorraine (2); O'Sullivan, Declan (1) ",ACM International Conference Proceeding Series,2017,English,10.1145/3132218.3132223,"Building Information Modelling (BIM) is a key enabler to support integration of building data within the buildings life cycle and is an important aspect to support a wide range of use cases, related to building navigation, control, sustainability, etc. Open BIM fac-es several challenges related to standardization, data interdepend-ency, data access, and security. In addition to these technical chal-lenges, there remains the barrier among BIM developers who wish to protect their intellectual property, as full 3D BIM development requires expertise and effort. This means that there is often limited availability of BIM models. In Ireland, the Ordnance Survey Ire-land (OSi) has a substantial dataset which includes not only GIS data (polygon footprint, geodetic coordinate), but also additional building specific data (form and function). In this paper we demonstrate the use of an applied and tested methodology for up-lifting GIS data (relational data) into RDF (GeoSPARQL and OSi ontology) and demonstrate how this data is used for interlinking to other building data with an initial, simple exploratory example, taken from DBpedia. By interlinking building data and making it available, new insights about buildings in Ireland can be made, currently not possible due to lack of availability of data. This is an important step towards the iterative integration of ever more com-plex BIM models into the wider web of data to support the afore-mentioned use cases. © 2017 Copyright held by the owner/author(s)."
Hybrid multidimensional relational and link analytical knowledge discovery for law enforcement,"Joslyn, Cliff (1); Gillen, David (1); Burke, John (1); Critchlow, Terence (1); Damante, Matt (2); Fernandes, Robert (2) ","2008 IEEE International Conference on Technologies for Homeland Security, HST'08",2008,English,10.1109/THS.2008.4534442,"The challenges facing the Department of Homeland Security (DHS) require not only multi-dimensional, but also multi-scale data analysis. In particular, the ability to seamlessly move from summary information, such as trends, into detailed analysis of individual entities, while critical for law enforcement, typically requires manually transferring information among multiple tools. Such time-consuming and error prone processes significantly hamper the analysts' ability to quickly explore data and identify threats. As part of a DHS Science and Technology effort, we have been developing and deploying for Immigration and Customs Enforcement the CubeLink system integrating information between relational data cubes and link analytical semantic graphs. In this paper we describe CubeLink in terms of the underlying components, their integration, and the formal mapping from multidimensional data analysis into link analysis. In so doing, we provide a formal basis for one particular form of automatic schema-ontology mapping from OLAP data cubes to semantic graphs databases, and point the way towards future 'intelligent' OLAP data cubes equipped with meta-data about their dimensional typing. ©2008 IEEE."
Offshore wind metadata management,"Nguyen, Trinh Hoang (1); Dunlap, Rocky (2); Mark, Leo (2); Prinz, Andreas (1); Østgren, Bjørn Mo (3); Friisø, Trond (4) ","International Journal of Metadata, Semantics and Ontologies",2014,English,10.1504/IJMSO.2014.065445,"Offshore wind energy is gaining more and more attention from industry and research community due to its high potential in producing green energy and lowering price on electricity consumption. However, offshore wind is facing many challenges, and hence it is still expensive to install in large scale. It therefore needs to be considered from different aspects of technologies in order to overcome these challenges. One of the problems of the offshore wind is that information comes from different sources with diversity in types and format. Besides, there are existing wind databases that should be utilised in order to enrich the knowledge base of the wind domain. This paper describes an approach to managing offshore wind metadata effectively using semantic technologies. An offshore wind ontology has been developed. The semantic gap between the developed ontology and the relational database is investigated. A prototype system has been developed to demonstrate the use of the ontology. Copyright © 2014 Inderscience Enterprises Ltd."
English querying over ontologies: E-QuOnto,"Bernardi, Raffaella (1); Bonin, Francesca (1, 2); Calvanese, Diego (1); Carbotta, Domenico (1); Thorne, Camilo (1) ",Lecture Notes in Computer Science (including subseries Lecture Notes in Artificial Intelligence and Lecture Notes in Bioinformatics),2007,English,10.1007/978-3-540-74782-6_16,"Relational database (DB) management systems provide the standard means for structuring and querying large amounts of data. However, to access such data the exact structure of the DB must be know, and such a structure might be far from the conceptualization of a human being of the stored information. Ontologies help to bridge this gap, by providing a high level conceptual view of the information stored in a DB in a cognitively more natural way. Even in this setting, casual end users might not be familiar with the formal languages required to query ontologies. In this paper we address this issue and study the problem of ontology-based data access by means of natural language questions instead of queries expressed in some formal language. Specifically, we analyze how complex real life questions are and how far from the query languages accepted by ontology-based data access systems, how we can obtain the formal query representing a given natural language question, and how can we handle those questions which are too complex wrt the accepted query language. © Springer-Verlag Berlin Heidelberg 2007."
The SIRUP ontology query API in action,"Ziegler, Patrick (1); Sturm, Christoph (1); Dittrich, Klaus R. (1) ",Lecture Notes in Computer Science (including subseries Lecture Notes in Artificial Intelligence and Lecture Notes in Bioinformatics),2006,English,10.1007/11687238_85,"Ontology languages to represent ontologies exist in large numbers, and users who want to access or reuse ontologies can often be confronted with a language they do not know. Therefore, ontology languages are nowadays themselves a source of heterogeneity. In this demo, we present the SIRUP Ontology Query API (SOQA) [5] that has been developed for the SIRUP approach to semantic data integration [4]. SOQA is an ontology language independent Java API for query access to ontological metadata and data that can be represented in a variety of ontology languages. In addition, we demonstrate two applications that are based on SOQA: The SOQA Browser, a tool to graphically inspect all ontology information that can be accessed through SOQA, and SOQA-QL, an SQL-like query language that supports declarative queries against ontological metadata and data. © Springer-Verlag Berlin Heidelberg 2006."
Storing and querying scientific workflow provenance metadata using an RDBMS,"Chebotko, Artem (1); Fei, Xubo (1); Lin, Cui (1); Lu, Shiyong (1); Fotouhi, Farshad (1) ","Proceedings - e-Science 2007, 3rd IEEE International Conference on e-Science and Grid Computing",2007,English,10.1109/E-SCIENCE.2007.70,"Provenance management has become increasingly important to support scientific discovery reproducibility, result interpretation, and problem diagnosis in scientific workflow environments. This paper proposes an approach to provenance management that seamlessly integrates the interoperability, extensibility, and reasoning advantages of Semantic Web technologies with the storage and querying power of an RDBMS. Specifically, we propose: i) two schema mapping algorithms to map an arbitrary OWL provenance ontology to a relational database schema that is optimized for common provenance queries; ii) two efficient data mapping algorithms to map provenance RDF metadata to relational data according to the generated relational database schema, and iii) a schema-independent SPARQL-to-SQL translation algorithm that is optimized on-the-fly by using the type information of an instance available from the input provenance ontology and the statistics of the sizes of the tables in the database. Experimental results are presented to show that our algorithms are efficient and scalable. © 2007 IEEE."
Approach for ontological modeling of database schema for the generation of semantic knowledge on the web,"Rozeva, A. (1) ",AIP Conference Proceedings,2015,English,10.1063/1.4936741,"Currently there is large quantity of content on web pages that is generated from relational databases. Conceptual domain models provide for the integration of heterogeneous content on semantic level. The use of ontology as conceptual model of a relational data sources makes them available to web agents and services and provides for the employment of ontological techniques for data access, navigation and reasoning. The achievement of interoperability between relational databases and ontologies enriches the web with semantic knowledge. The establishment of semantic database conceptual model based on ontology facilitates the development of data integration systems that use ontology as unified global view. Approach for generation of ontologically based conceptual model is presented. The ontology representing the database schema is obtained by matching schema elements to ontology concepts. Algorithm of the matching process is designed. Infrastructure for the inclusion of mediation between database and ontology for bridging legacy data with formal semantic meaning is presented. Implementation of the knowledge modeling approach on sample database is performed."
RDOTE - publishing relational databases into the semantic web,"Vavliakis, K.N. (1); Grollios, T.K. (1); Mitkas, P.A. (1) ",Journal of Systems and Software,2013,English,10.1016/j.jss.2012.07.018,"A necessary step for the evolution of the traditional Web into a Semantic Web is the transformation of the vast quantities of data, currently residing in Relational Databases into semantically aware data. In addition, in cases where new ontology schemata are developed, considerable experimentation with real data for testing the consistency of classes, properties and entailment rules is required. During the last decade, there has been intense research and development in creating methodologies and tools able to map Relational Databases with the Resource Description Framework (RDF). Although some systems have gained wider acceptance in the Semantic Web community, they either require users to learn a declarative language for encoding mappings or, in case they support friendly user interfaces, they provide limited expressivity.Thereupon, we present RDOTE, a framework for easily transporting data residing in Relational Databases into the Semantic Web. RDOTE is available under GNU/GPL license and it provides friendly graphical user interfaces, as well as enough expressivity for creating automatic and custom RDF dumps of relational data. RDOTE is also compatible with D2RQ and R2RML mapping definitions. [All rights reserved Elsevier]."
Towards more expressive ontology languages: The query answering problem,"Cali', Andrea (2, 3); Gottlob, Georg (1, 2); Pieris, Andreas (1) ",Artificial Intelligence,2012,English,10.1016/j.artint.2012.08.002,"Ontology reasoning finds a relevant application in the so-called ontology-based data access, where a classical extensional database (EDB) is enhanced by an ontology, in the form of logical assertions, that generates new intensional knowledge which contributes to answering queries. In this setting, queries are therefore answered against a logical theory constituted by the EDB and the ontology; more specifically, query answering amounts to computing the answers to the query that are entailed by the EDB and the ontology. In this paper, we study novel relevant classes of ontological theories for which query answering is both decidable and of tractable data complexity, that is, the complexity with respect to the size of the data only. In particular, our new classes belong to the recently introduced family of Datalog-based languages, called Datalog±. The basic Datalog± rules are (function-free) Horn rules extended with existential quantification in the head, known as tuple-generating dependencies (TGDs). We propose the language of sticky sets of TGDs (or sticky Datalog±), which are sets of TGDs with a restriction on multiple occurrences of variables in the rule-bodies. We establish complexity results for answering conjunctive queries under sticky sets of TGDs, showing, in particular, that queries can be compiled into domain independent first-order (and thus translatable into SQL) queries over the given EDB. We also present several extensions of sticky sets of TGDs, and investigate the complexity of query answering under such classes. In summary, we obtain highly expressive and effective ontology languages that unify and generalize both classical database constraints, and important features of the most widespread tractable description logics; in particular, the DL-Lite family of description logics. © 2012 Elsevier B.V."
Partitioned Indexes for Entity Search over RDF Knowledge Bases,Fang Du (1); Yueguo Chen (2); Xiaoyong Du (1) ,"Database Systems for Advanced Applications. Proceedings of the 17th International Conference, DASFAA 2012",2012,English,10.1007/978-3-642-29038-1_12,"The rapid growth of RDF data in RDF knowledge bases calls for efficient query processing techniques. This paper focuses on the star-style SPARQL join queries, which is very common when users want to search information of entities from RDF knowledge bases. We observe that the computational cost of such queries mainly comes from loading a large portion of predicate-ahead indexes. We therefore propose to partition the whole RDF knowledge bases based on the schema of individual entities, so that only entities of similar schemas are allocated into the same cluster. Such a partitioning strategy generates a pruning mechanism that effectively isolate the correlations of partitions and the queries. Consequently, queries are only conducted over a small number of partitions with small predicate-ahead indexes. Experiments over a large real-life RDF data set show the significant performance improvements achieved by our partitioned indexing techniques."
A method of building virtual datacenter based on semantic views,"Li, Huayu (1); Ouyang, Chunping (2) ","Proceedings - 2011 8th IEEE International Conference on e-Business Engineering, ICEBE 2011",2011,English,10.1109/ICEBE.2011.18,"Massive data exists in Well-Engineering domain, and they are distributed or heterogeneous. These features lead to difficulties during data integration and global decision making. For this problem, this paper proposes a solution of building virtual data center by means of semantic integration technology. In this method, schemas of data sources are firstly mapped to semantic views on domain ontology, secondly, with translation algorithm, global semantic query is rewritten into series of SQL statements which will be dispatched to relevant data sources and executed on local sites, finally, query results are reorganized and submitted to users. By practical application, this virtual data center can supply semantic-based data support for well production decision. © 2011 IEEE."
Digital patient: personalized and translational data management through the MyHealthAvatar EU project,"Kondylakis, H. (1); Spanakis, E.G. (1); Sfakianakis, S. (1); Sakkalis, V. (1); Tsiknakis, M. (2); Marias, K. (1); Xia Zhao (3); Hong Qing Yu (3); Feng Dong (3) ",2015 37th Annual International Conference of the IEEE Engineering in Medicine and Biology Society (EMBC). Proceedings,2015,English,10.1109/EMBC.2015.7318630,"The advancements in healthcare practice have brought to the fore the need for flexible access to health-related information and created an ever-growing demand for the design and the development of data management infrastructures for translational and personalized medicine. In this paper, we present the data management solution implemented for the MyHealthAvatar EU research project, a project that attempts to create a digital representation of a patient's health status. The platform is capable of aggregating several knowledge sources relevant for the provision of individualized personal services. To this end, state of the art technologies are exploited, such as ontologies to model all available information, semantic integration to enable data and query translation and a variety of linking services to allow connecting to external sources. All original information is stored in a NoSQL database for reasons of efficiency and fault tolerance. Then it is semantically uplifted through a semantic warehouse which enables efficient access to it. All different technologies are combined to create a novel web-based platform allowing seamless user interaction through APIs that support personalized, granular and secure access to the relevant information."
Supporting Geosciences Web services metadata management and discovery,"Brazier, P. (1); Chebotko, A. (1); Gonzalez, E. (1); Kashlev, A. (1); Piazza, A. (1) ",2010 IEEE 7th International Conference on Services Computing (SCC 2010),2010,English,10.1109/SCC.2010.27,"Geosciences Web portals are becoming increasingly important for supporting geoscientists in their research. The GEO-SEED portal is a repository of geosciences web services metadata, represented in Resource Description Framework (RDF), which supports management and discovery by machines and automated agents. This project uses SPARQL, the W3C standard for querying RDF, to support discovery of web services. SPARQL query performance becomes more critical as the amount of RDF metadata in the repository increases. Most existing RDF storage systems are based on relational database technology. The problem with most of these systems is that their query performance is limited by the use of fixed schema mapping strategies. In this paper, we present our system, called S2ST, which addresses this issue in the context of geosciences web services metadata management. Our experiments show that S2ST provides better SPARQL performance than existing relational RDF storage systems."
Fuzzy web data tables integration guided by an ontological and terminological resource,"Buche, P. (1); Dibie-Barthelemy, J. (2); Ibanescu, L. (2); Soler, L. (2) ",IEEE Transactions on Knowledge and Data Engineering,2013,English,10.1109/TKDE.2011.245,"In this paper, we present the design of ONDINE system which allows the loading and the querying of a data warehouse opened on the Web, guided by an Ontological and Terminological Resource (OTR). The data warehouse, composed of data tables extracted from Web documents, has been built to supplement existing local data sources. First, we present the main steps of our semiautomatic method to annotate data tables driven by an OTR. The output of this method is an XML/RDF data warehouse composed of XML documents representing data tables with their fuzzy RDF annotations. We then present our flexible querying system which allows the local data sources and the data warehouse to be simultaneously and uniformly queried, using the OTR. This system relies on SPARQL and allows approximate answers to be retrieved by comparing preferences expressed as fuzzy sets with fuzzy RDF annotations."
A cloud-based framework for collaborative data management in the VPH-share project,"Benkner, Siegfried (1); Borckholder, Chris (1); Bubak, Marian (2); Kaniovskyi, Yuriy (1); Knight, Richard (3); Koehler, Martin (1); Koulouzis, Spiros (2); Nowakowski, Piotr (2); Wood, Steven (3) ","Proceedings - 27th International Conference on Advanced Information Networking and Applications Workshops, WAINA 2013",2013,English,10.1109/WAINA.2013.58,"The VPH-Share project objective is to store, share, integrate, and link data, information, knowledge, and wisdom about the physiopathology of the human body to enable their reuse within the virtual physiological human community. Therefore, the projects develops a modular and generic data management platform on top of a distributed Cloud infrastructure. The data management platform enables the ontological annotation of VPH-relevant datasets, their provisioning in the Cloud, and supports different data integration approaches. In this paper we present the architecture and implementation of this VPH-Share Cloud and data management platform and we go into detail about two different data integration approaches: relational data mediation, which has been realized on top of a distributed data mediation engine, and semantic data integration, which is supported on the basis of the SPARQL federation extension. Both approaches are examined on top of a project-specific scenario executed in the VPH-Share Cloud environment. © 2013 IEEE."
The role of user requirements in data repository design,"Boukhari, Ilyès (1); Jean, Stéphane (2); Ait-Sadoune, Idir (3); Bellatreche, Ladjel (1) ",International Journal on Software Tools for Technology Transfer,2018,English,10.1007/s10009-016-0443-0,"Requirements engineering plays a crucial role in the development process of an information system as it aims at providing a complete and accurate requirement specification. In the life cycle of a Data Repository (DR) such as a database or a data warehouse, the requirements are mainly used to define the conceptual model once they have been identified from the informal specification. In this paper, we study the interest of requirements in the other phases of the DR life cycle. As the data integration problem, handled in the Extract, Transform, Load (ETL) phase, comes from the heterogeneity of requirements, we introduce a requirement integration framework based on ontologies and a generic model to unify the used vocabularies and requirement languages. Then we propose an approach to check the consistency of the requirements, w.r.t. the integrity constraints defined on the logical schema using the formal B method. We also show that requirements help define appropriate access structures such as indexes and materialized views to optimize SQL queries of a DR. Our approach is based on transformation rules that identify important queries that will be executed on a DR directly from the requirements. The experiments conducted on the Star Schema Benchmark (SSB) confirm the interest of this approach for the selection of different optimization structures. Finally, we present the OntoReqTool that implements the previous functionality on top of the OntoDB/OntoQL platform. © 2016, Springer-Verlag Berlin Heidelberg."
Advanced processing for ontological queries,"Calì, Andrea (2, 3); Gottlob, Georg (1, 2); Pieris, Andreas (1) ",Proceedings of the VLDB Endowment,2010,English,10.14778/1920841.1920912,"Ontology-based data access is a powerful form of extending database technology, where a classical extensional database (EDB) is enhanced by an ontology that generates new intensional knowledge which may contribute to answer a query. The ontological integrity constraints for generating this intensional knowledge can be specified in description logics such as DL-Lite. It was recently shown that these formalisms allow for very efficient query-answering. They are, however, too weak to express simple and useful integrity constraints that involve joins. In this paper we introduce a more expressive formalism that takes joins into account, while still enjoying the same low query-answering complexity. In our framework, ontological constraints are expressed by sets of rules that are so-called tuple-generating dependencies (TGDs). We propose the language of sticky sets of TGDs, which are sets of TGDs with a restriction on multiple occurrences of variables (including joins) in the rule bodies. We establish complexity results for answering conjunctive queries under sticky sets of TGDs, showing, in particular, that ontological conjunctive queries can be compiled into first-order and thus SQL queries over the given EDB instance. We also show how sticky sets of TGDs can be combined with functional dependencies. In summary, we obtain a highly expressive and effective ontological modeling language that unifies and generalizes both classical database constraints and important features of the most widespread tractable description logics. © 2010 VLDB Endowment."
Towards a language for representing and managing the semantics of big data,"Oro, Ermelinda (1, 2); Ruffolo, Massimo (1, 2); Gentile, Pietro (1); Bartone, Giuseppe (2) ",ICAART 2014 - Proceedings of the 6th International Conference on Agents and Artificial Intelligence,2014,English,10.5220/0004916906510656,"The amount of data in our world has been exploding. Integrating, managing and analyzing large amounts of data - i.e. Big Data - will become a key issue for businesses for better operating and competing in today's markets. Data are only useful if used in a smart way. We introduce the concept of Smart Data that is web and enterprise structured and unstructured big data with explicit and implicit semantics that leverages context to understand intent for better driving business processes and for better and more informed decisions making. This paper proposes a language able to give a representation of Big Data based on ontologies and a system that implements an approach capable to satisfy the increasing need for efficiency and scalability in semantic data management. The proposed MANTRA Language allows for: (i) representing the semantics of data by knowledge representation constructs; (ii) acquiring data from disparate heterogeneous sources (e.g. data bases, documents); (iii) integrating and managing data; (iv) reasoning and querying with Big Data. The syntax of the proposed language is partially derived from logic programming, but the semantic is completely revised. The novelty of the language we propose is that a class can be thought of as a flexible collection of structurally heterogeneous individuals that have different properties (schema-less). The language also allows executing efficient querying and reasoning for revealing implicit knowledge. These have been achieved by using a triple-based data persistency model and a scalable No-SQL storage system."
Linked open GeoData management in the cloud,"Kritikos, Kyriakos (1); Rousakis, Yannis (1); Kotzinos, Dimitris (2) ",ACM International Conference Proceeding Series,2013,English,10.1145/2500410.2500414,"The need to better integrate and link various isolated data sources on the web has been widely recognized and is tackled by the Linked Open Data (LOD) initiative. One of the problems to address is the issue of publishing and subsequently exploiting the data as LOD, due to reasons of data size and performance of the respective queries and to the publication complexity. This work addresses the size and performance issues by adapting the cloud as a hosting platform for LOD publication services so as to exploit its scalability and elasticity capabilities. The publication complexity issue is addressed by proposing a Linked Open Data-as-a-Service approach offering an integrated service based API for (semi)automatic publication of relational data as LOD and subsequent querying and updating capabilities. © 2013 ACM."
Matching of ontologies with XML schemas using a generic metamodel,"Quix, Christoph (1); Kensche, David (1); Li, Xiang (1) ",Lecture Notes in Computer Science (including subseries Lecture Notes in Artificial Intelligence and Lecture Notes in Bioinformatics),2007,English,10.1007/978-3-540-76848-7_71,"Schema matching is the task of automatically computing correspondences between schema elements. A multitude of schema matching approaches exists for various scenarios using syntactic, semantic, or instance information. The schema matching problem is aggravated by the fact that models to be matched are often represented in different modeling languages, e.g. OWL, XML Schema, or SQL DDL. Consequently, besides being able to match models in the same metamodel, a schema matching tool must be able to compute reasonable results when matching models in heterogeneous modeling languages. Therefore, we developed a matching component as a part of our model management system GeRoMeSuite which is based on our generic metamodel GeRoMe. As GeRoMe provides a unified representation of models, the matcher is able to match models represented in different languages with each other. In this paper, we will show in particular the results for matching XML Schemas with OWL ontologies as it is often required for the semantic annotation of existing XML data sources. GeRoMeSuite allows for flexible configuration of the matching system; various matching algorithms for element and structure level matching are provided and can be combined freely using different ways of aggregation and filtering in order to define new matching strategies. This makes the matcher highly configurable and extensible. We evaluated our system with several pairs of XML Schemas and OWL ontologies and compared the performance with results from other systems. The results are considerably better which shows that a matching system based on a generic metamodel is favorable for heterogeneous matching tasks. © Springer-Verlag Berlin Heidelberg 2007."
Evolving from standard vocabularies to formal ontology for an information system dedicated to organ transplantation,"Burgun, Anita (1); Golbreich, Christine (1); Jacquelinet, Christian (2) ",Studies in Health Technology and Informatics,2004,English,10.3233/978-1-60750-945-5-132,"Semantic heterogeneity is a key issue in the deployment of medical applications. In this paper, we examine solutions to address semantic heterogeneity for a complex organ transplantation information system. The information system that has been developed by the French agency for transplantation (EfG) has to gather medical information concerning patients and donors for organ allocation, epidemiological studies, and public health decisions. We analyze in this context the limits of the traditional approach based on a standard vocabulary and a relational database for the transplantation domain. We present its evolution towards a system that combines a terminology server and a data warehouse. The perspective is now to build a formal ontology that may support semantic integration in an advanced transplantation information system. Two open issues in formal ontology design are discussed. First, providing definitions of all medical concepts is not an obvious task if we want those definitions be meaningful, formal, and compatible with other ontologies. Second, propagation of properties along relations raises the needs for extending description logics with rules."
Information retrieval and knowledge discovery on the semantic web of traditional Chinese medicine,"Wu, Zhaohui (1); Yu, Tong (1); Chen, Huajun (1); Jiang, Xiaohong (1); Feng, Yi (1); Mao, Yuxin (1); Wang, Heng (1); Tang, Jingming (1); Zhou, Chunying (1) ","Proceeding of the 17th International Conference on World Wide Web 2008, WWW'08",2008,English,10.1145/1367497.1367668,"We conduct the first systematical adoption of the Semantic Web solution in the integration, management, and utilization of TCM information and knowledge resources. As the results, the largest TCM Semantic Web ontology is engineered as the uniform knowledge representation mechanism; the ontology-based query and search engine is deployed, mapping legacy and heterogeneous relational databases to the Semantic Web layer for query and search across database boundaries; the first global herb-drug interaction network is mapped through semantic integration, and the semantic graph mining methodology is implemented for discovering and interpreting interesting patterns from this network. The platform and underlying methodology are proved effective in TCM-related drug usage, discovery, and safety analysis."
"Update semantics for interoperability among XML, RDF and RDB","Ali, M.I. (1); Lopes, N. (1); Friel, O. (2); Mileo, A. (1) ","Web Technologies and Applications. 15th Asia-Pacific Web Conference, APWeb 2013. Proceedings",2013,English,10.1007/978-3-642-37401-2_7,"XSPARQL is a transformation and querying language that provides an integrated access over heterogeneous data sources on the fly. It is an extension of XQuery which supports a subset of SPARQL and SQL to provide unified access over XML, RDF and RDB formats. In practical applications, data integration does not only require the integrated access over distributed heterogeneous data sources, but also the update of underlying data. XSPARQL in its present state is only a querying and transformation language, hence lacking the update facility. In this paper, we propose an extension of the XSPARQL language with update facility. We present the syntax and semantics for this extension, and we use the real world scenario of semantic presence in CISCO's Unified Presence Systems to demonstrate the requirement of update facility. Preliminary evaluation of the XSPARQL Update Facility is also presented."
Semi-Structured Data Modelling for a Web-Enabled Engineering Application,"Rasys, E. (1); Dawood, N.N. (1) ",Proceedings of the 2012 ASCE International Conference on Computing in Civil Engineering,2012,English,10.1061/9780784412343.0006,"This paper is part of a larger research project, initiated to leverage the existing NoSQL database storage solutions for creating a platform-independent, fast, scalable and reliable database, capable of efficiently storing and retrieving information for oil & gas/civil engineering projects. This information is usually stored in SQL-based data warehouses to facilitate planning, maintenance or shutdown business processes. The proposed semi-structured database system stores information in JSON format, thus requiring a different approach in structuring, querying and aggregating data. The prototype storage model implemented in MongoDB looks very promising. JSON structure is a convenient way for storing project data, test scenarios show it being faster than a SQL alternative, and flexible schema definition means it is properly aligned with the agile development strategy. This storage approach fulfils the requirements of the project and is expected to be expanded to support ontology-driven storage, knowledge sharing and 3D model integration for a web application."
Pattern based database knowledge extraction,"Zygmunt, Maciej (1); Kozik, Jakub (1, 2) ",IFAC Proceedings Volumes (IFAC-PapersOnline),2006,English,10.3182/20060517-3-fr-2903.00031,"Relational databases are still the most commonly used knowledge storage in enterprise applications. The process of application integration includes integration of those databases. Semantic technologies seems to have wide area of usage in this field. The first step of semantic integration is interpretation of relational data within chosen semantic formalism. Nevertheless, straightforward interpretations are not the most effective. The approach presented in this paper is based on interpretation of frequently occurring representational patterns. Described ideas has been implemented and successfully used for integration of ArcGis with CIM, and in construction of ABB manufacturing data warehouse, facilitating its ETL phase. Copyright © 2006 IFAC."
Mediating RDF/S queries to relational and XML sources,"Koffina, I. (1); Serfiotis, G. (1); Christophides, V. (1); Tannen, V. (2) ",International Journal on Semantic Web and Information Systems,2006,English,10.4018/jswis.2006100103,"Semantic Web (SW) technology aims to facilitate the integration of legacy data sources spread worldwide. Despite the plethora of SW languages (e.g., RDF/S, OWL) recently proposed for supporting large-scale information interoperation, the vast majority of legacy sources still rely on relational databases (RDB) published on the Web or corporate intranets as virtual XML. In this article, we advocate a first-order logic framework for mediating high-level queries to relational and/or XML sources using community ontologies expressed in a SW language such as RDF/S. We describe the architecture and reasoning services of our SW integration middleware, termed SWIM, and we present the main design choices and techniques for supporting powerful mappings between different data models, as well as reformulation and optimization of queries expressed against mediator ontologies and views. © 2006, Idea Group Inc."
Ontology-based integration for relational databases,"Dou, Dejing (1); LePendu, Paea (1) ",Proceedings of the ACM Symposium on Applied Computing,2006,English,10.1145/1141277.1141387,"In this paper, we show that representation and reasoning techniques used in traditional knowledge engineering and the emerging Semantic Web can play an important role for heterogeneous database integration. Our OntoGrate architecture combines ontology-based schema representation, first order logic inference, and some SQL wrappers to integrate two sample relational databases. We define inferential data integration as the theoretical framework for our approach. The performance evaluation for query answering shows that OntoG rate reformulates conjunctive queries and retrieves over 100,000 answers from a target database in under 30 seconds. In addition to query answering, the system translates 40,000 database facts from source to target in under 30 seconds. Copyright 2006 ACM."
RDFProv: A relational RDF store for querying and managing scientific workflow provenance,"Chebotko, Artem (1); Lu, Shiyong (2); Fei, Xubo (2); Fotouhi, Farshad (2) ",Data and Knowledge Engineering,2010,English,10.1016/j.datak.2010.03.005,"Provenance metadata has become increasingly important to support scientific discovery reproducibility, result interpretation, and problem diagnosis in scientific workflow environments. The provenance management problem concerns the efficiency and effectiveness of the modeling, recording, representation, integration, storage, and querying of provenance metadata. Our approach to provenance management seamlessly integrates the interoperability, extensibility, and inference advantages of Semantic Web technologies with the storage and querying power of an RDBMS to meet the emerging requirements of scientific workflow provenance management. In this paper, we elaborate on the design of a relational RDF store, called RDFProv, which is optimized for scientific workflow provenance querying and management. Specifically, we propose: i) two schema mapping algorithms to map an OWL provenance ontology to a relational database schema that is optimized for common provenance queries; ii) three efficient data mapping algorithms to map provenance RDF metadata to relational data according to the generated relational database schema, and iii) a schema-independent SPARQL-to-SQL translation algorithm that is optimized on-the-fly by using the type information of an instance available from the input provenance ontology and the statistics of the sizes of the tables in the database. Experimental results are presented to show that our algorithms are efficient and scalable. The comparison with two popular relational RDF stores, Jena and Sesame, and two commercial native RDF stores, AllegroGraph and BigOWLIM, showed that our optimizations result in improved performance and scalability for provenance metadata management. Finally, our case study for provenance management in a real-life biological simulation workflow showed the production quality and capability of the RDFProv system. Although presented in the context of scientific workflow provenance management, many of our proposed techniques apply to general RDF data management as well. © 2010 Elsevier B.V. All rights reserved."
An ontology-extended relational algebra,"Bonatti, Piero (1); Deng, Yu (2); Subrahmanian, V.S. (2) ","Proceedings of the 2003 IEEE International Conference on Information Reuse and Integration, IRI 2003",2003,English,10.1109/IRI.2003.1251413,Heterogeneous relational databases being integrated vary widely in how the same data is represented. We propose the notion of an ontology extended relation (OER). An OER contains an ordinary relation as well as an associated ontology that conveys semantic meaning about the terms being used. We extend the relational algebra to query OERs. The advantage of this is that the OER model can be directly built on top of commercial relational DBMSs. We describe an implementation of the OER model and show (via experiments) that the system scales to handle large data sets. © 2003 IEEE.
"OBDA: Query rewriting or materialization? In practice, both!","Sequeda, Juan F. (1); Arenas, Marcelo (2); Miranker, Daniel P. (1) ",Lecture Notes in Computer Science (including subseries Lecture Notes in Artificial Intelligence and Lecture Notes in Bioinformatics),2014,English,10.1007/978-3-319-11964-9,"Given a source relational database, a target OWL ontology and a mapping from the source database to the target ontology, Ontology-Based Data Access (OBDA) concerns answering queries over the target ontology using these three components. This paper presents the development of UltrawrapOBDA, an OBDA system comprising bidirectional evaluation; that is, a hybridization of query rewriting and materialization.We observe that by compiling the ontological entailments as mappings, implementing the mappings as SQL views and materializing a subset of the views, the underlying SQL optimizer is able to reduce the execution time of a SPARQL query by rewriting the query in terms of the views specified by the mappings. To the best of our knowledge, this is the first OBDA system supporting ontologies with transitivity by using SQL recursion. Our contributions include: (1) an efficient algorithm to compile ontological entailments as mappings; (2) a proof that every SPARQL query can be rewritten into a SQL query in the context of mappings; (3) a cost model to determine which views to materialize to attain the fastest execution time; and (4) an empirical evaluation comparing with a state-of-the-art OBDA system, which validates the cost model and demonstrates favorable execution times. © Springer International Publishing Switzerland 2014."
Semantic information integration of Health Care Network for Physical-Cyber-Social computing approach,"Rahman, H.H. (1); Chakraborty, S. (2); Seddiqui, M.H. (2) ",2014 17th International Conference on Computer and Information Technology (ICCIT),2014,English,10.1109/ICCITechn.2014.7073104,"The Health Care Network (HCN ) related information of a country is one of the most influential fields of data sharing and integrating with disparate data sources of physical world and compatible health care organizations on the exponentially growing World Wide Web (WWW ) for improving and maintaining health related services of mass people. Although these accessible HCN related unstructured or semi-structured data in multiple heterogeneous repositories on the web originate challenges to develop a smarter method in finding specific information using traditional keyword-based search engines. Moreover, it is also a formidable task to harmonize spatial data with our HCN for exploring implicit knowledge that assist people in making their decisions regarding of health services and it is getting researchers' attention at a rapid pace. In this regard, we applied the Physical-Cyber-Social (PCS) computing approach on HCN that demonstrates the feasibility of semantic web technologies to represent domain information in the machine understandable format and we also integrate data from accessible Cyber Space Data Sources (CSDSs) to address these challenges. We published our HCN related data using Resource Description Framework (RDF ) to build a knowledge-base. We call this repository as HCN - BD, which is HCN related machine understandable data source of Bangladesh. This yields a huge knowledge graph with 0.25 million nodes, i.e. RDF triples to facilitate reasoning important information pattern by a graph based query language, SPARQL. Furthermore, we integrate this semantic repository with our generic spatial knowledge-base, Geo - Bangladesh, a machine understandable geographic data source related to the administrative structure of Bangladesh, to examine health care locations using SPARQL and therefore, we achieved the semantic interoperability in our Linked Open Data (LOD) application. Moreover, our research effectively addresses nearest health care centers using real time spatial data from Global Positioning System (GPS) and maps these locality to increase searching ability by mass people."
Intensional first-order logic for P2P database systems,"Majkic, Zoran (1) ",Lecture Notes in Computer Science (including subseries Lecture Notes in Artificial Intelligence and Lecture Notes in Bioinformatics),2009,English,10.1007/978-3-642-00685-2_5,"The meaning of concepts and views defined over a database ontology can be considered as intensional objects which have a particular extension in a given possible world: for instance in the actual world. Thus, non invasive mapping between completely independent peer databases in a P2P systems can be naturally specified by the set of couples of views, which have the same meaning (intension), over two different peers. Such a kind of mapping has very different semantics from standard view-based mappings based on material implication, commonly used for Data Integration Systems. The introduction of an intensional equivalence generates the quotient intensional FOL fundamental for a query answering in P2P systems. In this paper we introduce this formal intensional FOL by fusing Bealer's intensional algebraic FOL with a possible-world semantics of the Montague's FOL modal approach to natural language. We modify the Bealer's intensional algebra in order to deal with relational databases and views, by introducing the join operation of relational algebra. Then we adopt the S5 Kripke frame in order to define an intensional equivalence relation between views for peer databases. Finally, we define an embedding of P2P database system into this quotient intensional FOL, and the computing of its extensionalization mapping in the actual Montague's world. © 2009 Springer Berlin Heidelberg."
Resource capability discovery and description management system for bioinformatics data and service integration - An experiment with gene regulatory networks,"Ahmed, Emdad (1) ","Proceedings of 11th International Conference on Computer and Information Technology, ICCIT 2008",2008,English,10.1109/ICCITECHN.2008.4802991,"Traditional legacy HTML based web sites/ page can be thought of as web services because the dynamic web pages can take user input argument via web forms and response to user query. The ability of agents and services to automatically locate and interact with unknown partners is a goal for Web based Data Integration system. This 'serendipitous interoperability' is hindered by the lack of an explicit means of describing what web pages are able to do and in order to do it what input it takes and what output it produces, that is what is their capabilities [1]. The tremendous success of the WWW is countervailed by the efforts needed to search and find relevant information. For tabular structures embedded in HTML documents, typical keyword or linkanalysis based search fails. The next phase envisioned for the WWW is automatic ad-hoc interaction between intelligent agents, web services, databases and semantic web enabled applications. A large amount of information available on the Web is formatted in HTML tables, which are mainly presentation oriented and are not suited for database applications. As a result, how to capture information in HTML tables semantically and integrate relevant information is a challenge. We are envisioning another layer of web abstraction where user can query intra web document table like structure. Our prototype application is based on WebFusion and an ad hoc query language BioFlow [2], [3], [4], [5], [6] a software agent that can simulate a person interacting with web search forms and extracting information from the resulting pages by means of an API. We need to develop a framework which is able to query search web forms and the web page tables in a SQL way. In this context we also report a Java based implementation for integrating Flybase and AlignACE site. © 2008 IEEE."
Semantic-based access control for grid data resources in Open Grid Services Architecture - Data Access and Integration (OGSA-DAI),"Muppavarapu, Vineela (1); Chung, Soon M. (1) ","Proceedings - International Conference on Tools with Artificial Intelligence, ICTAI",2008,English,10.1109/ICTAI.2008.148,"In this paper, we propose a semantic-based access control method for Grid data resources in the Open Grid Services Architecture - Data Access and Integration (OGSA-DAI). OGSA-DAI is an efficient Grid-enabled middleware implementation of interfaces and services to access and control data resources (such as files, relational databases and XML databases). However, the identity-based access control in OGSA-DAI causes substantial overhead for the resource providers in virtual organizations (VOs), because the access control information of individual users has to be maintained by each resource provider. In addition, access control policies need to be specified and managed across multiple VOs. To solve these problems, we propose the use of semantic-based access control policies in Data Grids. We use the Web Ontology Language (OWL) standard to represent the ontology of an organization's resources and users. Recently, extensible Access Control Markup Language (XACML) has been increasingly used for the representation of access control policies in Grid environments. We propose the use of semantics in conjunction with the XACML standard for better interoperability and reduced administration overhead. © 2008 IEEE."
Scalable containment for unions of conjunctive queries under constraints,"Konstantinidis, George (1); Ambite, Jose Luis (1) ","Proceedings of the 5th Workshop on Semantic Web Information Management, SWIM 2013",2013,English,10.1145/2484712.2484716,"We consider the problem of query containment under ontological constraints, such as those of RDFS. Query containment, i.e., deciding whether the answers of a given query are always contained in the answers of another query, is an important problem to areas such as database theory and knowledge representation, with applications to data integration, query optimization and minimization. We consider unions of conjunctive queries, which constitute the core of structured query languages, such as SPARQL and SQL. We also consider ontological constraints or axioms, expressed in the language of Tuple-Generating Dependencies. TGDs capture RDF/S and fragments of Description Logics. We consider classes of TGDs for which the chase is known to terminate. Query containment under chase-terminating axioms can be decided by first running the chase on one of the two queries and then rely on classic relational containment. When considering unions of conjunctive queries, classic algorithms for both the chase and containment phases suffer from a large degree of redundancy. We leverage a graph-based modeling of rules, that represents multiple queries in a compact form, by exploiting shared patterns amongst them. As a result we couple the phases of both for chase and regular containment and end up with a faster and more scalable algorithm. Our experiments show a speedup of close to two orders of magnitude."
Semantic upgrade and publication of legacy data,"Rodríguez, Jesús Barrasa (1) ",Ontologies for Software Engineering and Software Technology,2006,English,10.1007/3-540-34518-3_11,"Nowadays an enormous quantity of data can be found on web pages generated from relational databases. This information is often referred to as the Deep Web [7] as opposed to the surface web comprising static web pages. The same can be said about almost every organization's legacy data which usually hides behind all kinds of applications, and publishing systems like intranets, web portals, blogs, etc. For these large amounts of data the challenge is no longer to head for better performances, i.e., to store more and more information in less space and to answer queries faster; the database community has realized that now it is all about the provision of 'smart information', information which can easily be interchanged, combined, integrated among systems and processes or automatically reasoned about. In other words, we face the challenge of 'upgrading' this large amount of existing content into Semantic Web content. But this challenge clashes with a huge problem: that of the absence of explicit data semantics. These two ideas are summarized in the following quotation appearing in [10]: The three most important research problems in Databases used to be 'Performance', 'Performance' and 'Performance'; in years to come, the three most important and challenging problems will be 'Semantics', 'Semantics' and 'Semantics'. If we face this problem from the perspective of the Semantic Web, we see that one of its biggest barriers is the generation of semantic content [6] out of the existing one. The question of how to add semantics to the large amount of existing content on legacy databases and the Deep Web has been answered in several ways: annotation of web pages, migration of content stored in different sources, translation, etc. [10]. In every case, this task takes as input existing content, either structured, semi-structured or unstructured, and provides as output instances of ontologies. The semantics is contained in the ontologies and that is why such content can be seen as the 'smart' version of the existing one, by describing it in terms of these ontologies. The key point in this task is how to link the existing content to ontologies to profit from the knowledge they contain. This is described further in this chapter. Semantic content generation can be performed in many different ways, ranging from completely manual to fully automatic. In our particular case, the existing content is stored in relational databases, which can be considered a high level of structure. Our approach is based on the processing of a mapping specification where correspondences between the elements of the database and those of the ontology are defined formally and declaratively. Let's set the following scenario: we have a legacy database and we want to generate Semantic Web content from it. Until now, the following approaches have been reported in the literature: The first approach, described in [21, 20], is based on the semi-automatic generation of an ontology from the database's relational model by applying reverse engineering techniques supervised by the designer. Then mappings are defined between the database and the generated ontology. Because the level of similarity between both models is very high, mappings will be quite direct and complex mapping situations do not usually appear. A second approach, described in [16], proposes the manual annotation of dynamic web pages which publish database content, with information about the underlying database and about how each content item in a page is extracted from the database. This approach does not deal with complex mapping situations and assumes we want to make our database schema public, which is not always the case. A third approach, the one described in [9] and extended in [4], proposes a language to define correspondences between ontology concepts and database schema views with a processor that takes such descriptions and extracts massively the content of the database to generate a set of ontology instances out of it. This last approach is richer than the preceding ones but its expressiveness is limited to the definition of mappings between database views and ontology concepts and direct mappings between attributes/relations of the ontology and attributes of the database views. Conditions and transformations which are often needed to describe complex mapping situations cannot be defined with this language. From a more general point of view, related approaches to this work can also be found in the intelligent information integration area, in which data from existing heterogeneous databases is extracted and integrated according to ontologies. The main difference between such approaches and ours is that in information integration systems the ontologies used as global schemas (mediator views) are generally created by integrating and/or merging the schemas of each of the data source,s which leads again to simple mapping situations. Another difference is the fact that mappings are described with views (normally SQL) but not with specific purpose languages for the definition of mappings. Examples of such systems are Observer [19], MOMIS [8] and Picsel [15], among others. Our proposal tries to be more generic in the sense that it will map existing and independently developed and maintained databases and ontologies. One important aspect of our approach is that we will use the database and the ontology 'as they are' and we will just define a declarative specification of the mappings between their modeling components. That is why the R2O (Relational to Ontology) language, which is the base of our approach, has been conceived as expressive enough to cope with complex mapping situations arising from low similarity between the ontology and the database model (one of them is richer, more generic or specific, better structured, etc., than the other). From the point of view of the expressive power, the approach presented in this chapter is intended to extend and enhance the mapping description capabilities of the ones described previously. This chapter is organized as follows. Section 11.2 describes the global approach to database-to-ontology mapping proposed by our framework. Section 11.3 enumerates a set of significant mapping situations covered by the R2O language. Section 11.4 provides an informal description of R2O, its BNF grammar, and some representative examples of mappings expressed in this language. Section 11.5 describes the ODEMapster processor in charge of exploiting the mapping definitions in R2O. Section 11.6 gives an outline of the fund finder application where the ideas presented in this chapter have been implemented. Finally, Sect. 11.7 draws some conclusions and gives a glimpse of future trends. © 2006 Springer-Verlag Berlin Heidelberg."
Querying semantic web contents a case study,"Royer, Loïc (1); Linse, Benedikt (2); Wächter, Thomas (1); Furch, Tim (2); Bry, François (2); Schroeder, Michael (1) ",Semantic Web: Revolutionizing Knowledge Discovery in the Life Sciences,2007,English,10.1007/978-0-387-48438-9_3,"Semantic web technologies promise to ease the pain of data and system integration in the life sciences. The semantic web consists of standards such as XML for mark-up of contents, RDF for representation of triplets, and OWL to define ontologies. We discuss three approaches for querying semantic web contents and building integrated bioinformatics applications, which allows bioinformaticians to make an informed choice for their data integration needs. Besides already established approach such as XQuery, we compare two novel rule-based approaches, namely Xcerpt - a versatile XML and RDF query language, and Prova - a language for rule-based Java scripting. We demonstrate the core features and limitations of these three approaches through a case study, which comprises an ontology browser, which supports retrieval of protein structure and sequence information for proteins annotated with terms from the ontology. © 2007 Springer Science+Business Media, LLC. All rights reserved."
Semantic service-oriented architecture for range operations: Evolving the role of semantics in the enterprise,"Hull, Richard (1); Bimson, Kent (2); Hyle, Richard (3); Thiebauth, Richard (4) ",Proceedings of SPIE - The International Society for Optical Engineering,2009,English,10.1117/12.818628,"The Knowledge Management Framework (KMF) of the US Air Force 45th Space Wing's Knowledge Management Initiative (KMI) is a semantic service-oriented architecture that provides Eastern Range stakeholders with a semantically unified, web-based view of distributed range information-a Single Integrated Range Picture-through a virtual, federated, ontology-based enterprise model. Design time activities include the creation of physical data services and mapping of those physical data services to logical data services corresponding to the concepts described in an OWLDL[ 1] ontology. The physical data services aggregate and normalize information stored within federated relational databases and XML[2] files. Runtime activities are managed through a single web service providing methods for ontology discovery, ontology inspection and retrieval of concept instances from federated data sources. We present lessons learned and the technology currently under development to support ontology-driven EII, reasoning, and search. We finish by discussing how these lessons have reshaped our thinking about the role of semantics in enriching information to make it more meaningful for stakeholders, and the impact of these new concepts on our evolving KMF architecture. © 2009 SPIE."
Semantic middleware for E-Discovery,"Butler, Mark (1); D., Reynolds; I., Dickinson; B., McBride; D., Grosvenor; A., Seaborne ",ICSC 2009 - 2009 IEEE International Conference on Semantic Computing,2009,English,10.1109/ICSC.2009.6,"E-Discovery is the process of collecting, preparing, reviewing and producing electronically stored information in the context of the legal process. In this paper we describe practical experiences developing semantic middle-ware to support E-Discovery from a variety of enterprise data sources including relational databases, LDAP directories and document repositories. Specifically we discuss the development of a top level ontology suitable for representing enterprise data for E-Discovery, a semantic mapping process that maps the data models of these heterogeneous sources into the top level ontology, a data integration step that merges references to the same entity from different sources, and a query controller that provides a common, coordinated view for applications consuming these sources. © 2009 IEEE."
A case study of integrating protein interaction data using semantic web technology,"Dhanapalan, L. (1); Jake Yue Chen ",International Journal of Bioinformatics Research and Applications,2007,English,10.1504/IJBRA.2007.015004,"We describe a new ontology-driven semantic data integration approach for post-genome biology studies. Here, a view-based global schema can be automatically generated by merging RDF schemas from local databases. The semantic inconsistency of the merged schema is resolved by the creation of 'RDF ontology maps'. Data querying capability is accomplished with a virtual data repository, in which a D2RQ-based 'relational-to-RDF' map is developed to link schema to the relational database backend. With sample RDQL queries, we demonstrate that our approach significantly simplifies the retrieval of human protein interaction data from different databases containing hundreds of thousands of records."
Exposing the history of Europe: The creation of a structure to enable time-spatial searching of historical resources within a European framework,"Aucott, Paula J. (1); von Lünen, Alexander (1); Southall, Humphrey (1) ",OCLC Systems and Services,2009,English,10.1108/10650750911001851,"Purpose: The purpose of this paper is to describe the development of a knowledgebase supporting a prototype Europe-wide time-spatial search interface for historical resources. It discusses how this structure could be used to access other types of digital heritage content. Design/methodology/approach: By using a relational database with spatial capabilities, a multi-lingual search structure has been created which supports a temporal map and a facetted browser, collaborative facilities and a heritage resource viewer, with links to online catalogues. Findings: Combining data from three states with very different histories identified the strengths and weaknesses of the approach. The framework's flexibility means it could easily be re-purposed to support front ends to other types of cultural content. Research limitations/implications: Due to the variability in the administrative unit source data, its initial integration required significant manipulation to achieve consistency; however, the benefits of data assimilation ensure the base framework is as efficient as possible. Practical implications: Usage levels of on-line cultural resources will be far higher if ordinary users can access them via access routes which have meaning for them, such as by locality/place. Ontology-based geographical frameworks are much easier to search by place name than are conventional GIS systems, and vastly more accessible to search engines. Originality/value: This interface demonstrates the potential for integrating data from any number of different national organisations into a single user tool. It also highlights the potential for utilising the underlying structure in multiple contexts. © Emerald Group Publishing Limited."
Evaluation of semantic data storages for integrating heterogenous disciplines in automation systems engineering,"Serral, Estefania (1); Mordinyi, Richard (1); Kovalenko, Olga (1); Winkler, Dietmar (1); Biffl, Stefan (1) ",IECON Proceedings (Industrial Electronics Conference),2013,English,10.1109/IECON.2013.6700268,"Automation systems development projects typically require the integration of heterogeneous local tool data models that come from various disciplines and sources. Semantic data integration provides solutions for bridging semantic gaps between common project-level concepts and the local tool concepts used by each discipline. The following use cases represent the foundation for efficient data integration: (a) data insertion in the local tool models, (b) transformation of data between the local models and a common model, and (c) querying across concepts from different local models by using the common model. The selection of a proper semantic data storage for storing the data has a strong impact on efficiently executing these use cases. Three different important types of semantic storages have been identified: ontology file storages, triple storages, and relational databases storages. In this paper, we evaluate them, and identify their drawbacks and advantages in the context of the presented integration use cases' requirements. © 2013 IEEE."
Populating the i2b2 database with heterogeneous Emr data: A semantic network approach,"Mate, Sebastian (1); Bürkle, Thomas (1); Köpcke, Felix (1); Breil, Bernhard (2); Wullich, Bernd (3); Dugas, Martin (2); Prokosch, Hans-Ulrich (1, 4); Ganslandt, Thomas (4) ",Studies in Health Technology and Informatics,2011,English,10.3233/978-1-60750-806-9-502,"In an ongoing effort to share heterogeneous electronic medical record (EMR) data in an i2b2 instance between the University Hospitals Münster and Erlangen for joint cancer research projects, an ontology based system for the mapping of EMR data to a set of common data elements has been developed. The system translates the mappings into local SQL scripts, which are then used to extract, transform and load the facts data from each EMR into the i2b2 database. By using Semantic Web standards, it is the authors' goal to reuse the laboriously compiled 'mapping knowledge' in future projects, such as a comprehensive cancer ontology or even a hospital-wide clinical ontology. © 2011 European Federation for Medical Informatics. All rights reserved."
An industrial evaluation of data access techniques for the interoperability of engineering software tools,"El-khoury, Jad (1); Berezovskyi, Andrii (1); Nyberg, Mattias (2) ",Journal of Industrial Information Integration,2019,English,10.1016/j.jii.2019.04.004,"New industrial initiatives such as Industrie 4.0 rely on digital end-to-end engineering across the entire product lifecycle, which in turn depends on the ability of the supporting software tools to interoperate. A tool interoperability approach based on Linked Data, and the OASIS OSLC standard, has the potential to provide such integration, where each software tool can expose its information and services to other tools using the web as a common technology base. In this paper, we report on our negative findings when attempting to use existing ontology-based Linked Data access techniques to expose and manipulate the structured content managed in engineering tools. Such techniques typically target the Data Access Layer (DAL) of a tool to access and manipulate its content, with the assumption that sufficient information and control is available within this layer to automate the process. Based on a case study with the truck manufacturer Scania CV AB, our study finds that an engineering tool controls its artefacts using business logic that is not necessarily reflected at the data layer. This renders such ontology-based access techniques inadequate. Instead we propose an alternative Linked Data extraction architecture that can mitigate the identified shortcomings. While less automated compared to the existing solutions, the proposed architecture is realised as a standalone library that can still facilitate the extraction process. © 2019"
On the complexity of ontological reasoning under disjunctive existential rules,"Gottlob, Georg (1, 2, 3); Manna, Marco (1, 4); Morak, Michael (1); Pieris, Andreas (1) ",Lecture Notes in Computer Science (including subseries Lecture Notes in Artificial Intelligence and Lecture Notes in Bioinformatics),2012,English,10.1007/978-3-642-32589-2_1,"Ontology-based data access is an emerging yet powerful technology that allows to enhance a classical relational database with an ontology in order to infer new intensional knowledge. Recently, Datalog+/- was introduced with the purpose of providing tractable reasoning algorithms for expressive ontology languages. In this framework, Datalog is extended by features such as existential quantification in rule heads, and at the same time the rule syntax is restricted to guarantee decidability, and also tractability, of relevant reasoning tasks. In this paper, we enrich Datalog even more by allowing not only existential quantification but also disjunction in rule heads, and we investigate the complexity of reasoning under the obtained formalism. © 2012 Springer-Verlag."
Integrating Heterogeneous Data Source Using Ontology,Jinpeng Wang (1); Jianjiang Lu (1); Yafei Zhang (1); Zhuang Miao (1); Bo Zhou (1) ,Journal of Software,2009,English,10.4304/jsw.4.8.843-850,"Integrating data from multiple heterogeneous sources entail dealing with different data models, schemas and query languages. The burgeoning Semantic Web has provided several new methods for data integration. This paper focuses on integration of relational database and XML data. To solve the problem we propose an ontology-based approach. A semantic integration infrastructure for heterogeneous data sources is presented. In this infrastructure, ontology is used as the mediated schema for the representation of the data source semantics. To model different source schemas, we propose a describing method based on RDF graph patterns. The semantic mappings between source schema and RDF ontology are described declaratively using SPARQL queries. The semantic of query rewriting is further discussed and a query rewriting algorithm is presented."
The SPARQL2XQuery interoperability framework,"Bikakis, N. (1); Tsinaraki, C. (2); Stavrakantonakis, I. (3); Gioldasis, N. (2); Christodoulakis, S. (2) ",World Wide Web,2015,English,10.1007/s11280-013-0257-x,"In the context of the emergent Web of Data, a large number of organizations, institutes and companies (e.g., DBpedia, Data.gov, GeoNames, PubMed) adopt the Linked Data practices. Utilizing the Semantic Web (SW) technologies, they publish their data and offer SPARQL endpoints (i.e., SPARQL-based search services). On the other hand, the dominant standard for information exchange in the Web today is XML. Additionally, many international standards (e.g., Dublin Core, MPEG-7, METS, TEI, IEEE LOM) in several domains (e.g., Digital Libraries, GIS, Multimedia, e-Learning) have been expressed in XML Schema. The aforementioned have led to an increasing emphasis on XML data, accessed using the XQuery query language. The SW and XML worlds and their developed infrastructures are based on different data models, semantics and query languages. Thus, it is crucial to develop interoperability mechanisms that allow the Web of Data users to access XML datasets, using SPARQL, from their own working environments. It is unrealistic to expect that all the existing legacy data (e.g., Relational, XML, etc.) will be transformed into SW data. Therefore, publishing legacy data as Linked Data and providing SPARQL endpoints over them has become a major research challenge. In this direction, we introduce the SPARQL2XQuery Framework which creates an interoperable environment, where SPARQL queries are automatically translated to XQuery queries, in order to access XML data across the Web. The SPARQL2XQuery Framework provides a mapping model for the expression of OWL-RDF/S to XML Schema mappings as well as a method for SPARQL to XQuery translation. To this end, our Framework supports both manual and automatic mapping specification between ontologies and XML Schemas. In the automatic mapping specification scenario, the SPARQL2XQuery exploits the XS2OWL component which transforms XML Schemas into OWL ontologies. Finally, extensive experiments have been conducted in order to evaluate the schema transformation, mapping generation, query translation and query evaluation efficiency, using both real and synthetic datasets."
Logic in the time of WWW: An OWL view,"Zakharyaschev, Michael (1) ",Lecture Notes in Computer Science (including subseries Lecture Notes in Artificial Intelligence and Lecture Notes in Bioinformatics),2011,English,10.1007/978-3-642-20920-8_6,"This paper analyses the classical automated reasoning problem-given a theory T, a set A of ground atoms and a formula , decide whether (formula presnted) –in the context of the OWL 2 Web Ontology Language and ontology-based data access (OBDA). In a typical OBDA scenario, T is an OWL 2 ‘ontology’ providing a user-oriented view of raw data A and (x) is a query with answer variables x. Unlike classical automated reasoning, an important requirement for OBDA is that it should scale to large amounts of data and preferably be as efficient as standard relational database management systems. There are various ways of formalising this requirement, which give rise to different fragments of firstorder logic suitable for OBDA. For example, according to the query-rewriting approach of [1], given T, A and (x), one has to compute a new query ′(x), independently of A, such that, for any tuple a, (formula presnted). As a result, this approach can only be applicable to the languages for which query-answering belongs to the class AC0 for data complexity (that is, if only A is regarded as input, whereas both T and are regarded as fixed). In the combined approach to OBDA [4,2], given T, A and (x), one has to compute new (i) (formula presnted) in polynomial time in T and A, and (ii) ′(x) in polynomial tome in T and such that, for any tuple a, (formula presnted). The combined approach can be used for languages with polynomial queryanswering. © 2011, Springer-Verlag Berlin Heidelberg."
ONTOCUBE: Efficient ontology extraction using OLAP cubes,"Garcia-Alvarado, Carlos (1); Chen, Zhibo (1); Ordonez, Carlos (1) ","International Conference on Information and Knowledge Management, Proceedings",2011,English,10.1145/2063576.2063984,"Ontologies are knowledge conceptualizations of a particular domain and are commonly represented with hierarchies. While final ontologies appear deceivingly simple on paper, building ontologies represents a time-consuming task that is normally performed by natural language processing techniques or schema matching. On the other hand, OLAP cubes are most commonly used during decision-making processes via the analysis of data summarizations. In this paper, we present a novel approach based on using OLAP cubes for ontology extraction. The resulting ontology is obtained through an analytical process of the summarized frequencies of keywords within a corpus. The solution was implemented within a relational database system (DBMS). In our experiments, we show how all the proposed discrimination measures (frequency, correlation, lift) affect the resulting classes. We also show a sample ontology result and the accuracy of finding true classes. Finally, we show the performance breakdown of our algorithm. © 2011 ACM."
Polynomial Conjunctive Query Rewriting under Unary Inclusion Dependencies,"Kikot, S. (1); Kontchakov, R. (1); Zakharyaschev, M. (1) ",Web Reasoning and Rule Systems. Proceedings 5th International Conference (RR 2011),2011,English,10.1007/978-3-642-23580-1_10,"Ontology-based data access (OBDA) is widely accepted as an important ingredient of the new generation of information systems. In the OBDA paradigm, potentially incomplete relational data is enriched by means of ontologies, representing intensional knowledge of the application domain. We consider the problem of conjunctive query answering in OBDA. Certain ontology languages have been identified as FO-rewritable (e.g., DL-Lite and sticky-join sets of TGDs), which means that the ontology can be incorporated into the user's query, thus reducing OBDA to standard relational query evaluation. However, all known query rewriting techniques produce queries that are exponentially large in the size of the user's query, which can be a serious issue for standard relational database engines. In this paper, we present a polynomial query rewriting for conjunctive queries under unary inclusion dependencies. On the other hand, we show that binary inclusion dependencies do not admit polynomial query rewriting algorithms."
An approach to support data integrity for web services using semantic restful interfaces,"Lira, Hermano Albuquerque (1); Dantas, José Renato Villela (1); De Azevedo Muniz, Bruno (2); Nunes, Tadeu Matos (2); Farias, Pedro Porfírio Muniz (2) ",WWW 2015 Companion - Proceedings of the 24th International Conference on World Wide Web,2015,English,10.1145/2740908.2743042,"In the Web, linked data is growing rapidly due to its potential to facilitate data retrieval and data integration. At the same time, relational database systems store a vast amount of data published on the Web. Current linked data in the Web is mainly read only. It allows for integration, navigation, and consultations in large structured datasets, but it still lacks a general concept for reading and writing. This paper proposes a specification, entitled Semantic Data Services (SDS), for RESTful Web services that provide data access. To provide linked data read-write capacity, SDS proposes a mechanism for integrity checking that is analogous to that used in relational databases. SDS implements the Semantic Restful Interface (SERIN) specification. SERIN uses annotations on classes in an ontology, describing the semantic web services that are available to manipulate data. This work extends SERIN specification adding annotations to allow the adoption of data access integrity constraints."
Rewriting queries using view for RDF/RDFS-based relational data integration,Huajun Chen (1) ,"Distributed Computing and Internet Technology. Second International Conference, ICDCIT 2005. Proceedings (Lecture Notes in Computer Science Vol.3816)",2005,English,10.1007/11604655_29,"We study the problem of answering queries through a target RDF-based ontology, given a set of view-based mappings between one or more source relational schemas and this target ontology. Particularly, we consider a set of RDFS semantic constraints such as rdfs:subClassof, rdfs:subPropertyof, rdfs:domain, and rdfs:range, which are present in RDF model but neither XML nor relational models. We formally define the query semantics in such an integration scenario, and design a novel query rewriting algorithm to implement the semantics."
Dynamic description logic model for data integration,"Hao, Guoshun (1); Ma, Shilong (1); Sui, Yuefei (2); Lv, Jianghua (1) ",Frontiers of Computer Science in China,2008,English,10.1007/s11704-008-0030-y,"Data integration is the issue of retrieving and combining data residing at distributed and heterogeneous sources, and of providing users with transparent access without being aware of the details of the sources. Data integration is a very important issue because it deals with data infrastructure issues of coordinated computing systems. Despite its importance, the following key challenges make data integration one of the longest standing problems around: 1) how to solve the system heterogeneity; 2) how to build a global model; 3) how to process queries automatically and correctly; and 4) how to solve semantic heterogeneity. This paper presents an extended dynamic description logic language to describe systems with dynamic actions. By this language, a universal and unified model for relational database systems and a model for data integration are presented. This paper presents a universal and unified description logic model for relational databases. The model is universal because any relational database system can be automatically transformed to the model; it is unified because it integrates three essential components of relational databases together: description logic knowledge bases modeling the relational data, atomic modalities modeling the atomic relational operations, and combined modalities modeling the combined relational operations-queries. Furthermore, a description logic model for data integration is proposed which contains four layers of ontologies. Based on the model, a solution for each key challenge is proposed: a universal model eliminates system heterogeneity; a novel global model including three ontologies is proposed with some important benefits; a query process mechanism is provided by which user queries can be decomposed to queries over the sources; and for solving the semantic heterogeneity, this paper provides a framework under which semantic relations can be expressed and inferred. In summary, this paper presents a dynamic knowledge base framework by an extended description logic language. Under the framework, databases and data integration systems are modeled, the query processing problem is converted into a semantic-preserving rewriting problem, and many other issues of data integration can be formally studied. © 2008 Higher Education Press and Springer-Verlag GmbH."
Datalog and logic databases,"Greco, Sergio (1); Molinaro, Cristian (1) ",Synthesis Lectures on Data Management,2016,English,10.2200/S00648ED1V01Y201505DTM041,"The use of logic in databases started in the late 1960s. In the early 1970s Codd formalized databases in terms of the relational calculus and the relational algebra. A major influence on the use of logic in databases was the development of the field of logic programming. Logic provides a convenient formalism for studying classical database problems and has the important property of being declarative, that is, it allows one to express what she wants rather than how to get it. For a long time, relational calculus and algebra were considered the relational database languages. However, there are simple operations, such as computing the transitive closure of a graph, which cannot be expressed with these languages. Datalog is a declarative query language for relational databases based on the logic programming paradigm. One of the peculiarities that distinguishes Datalog from query languages like relational algebra and calculus is recursion, which gives Datalog the capability to express queries like computing a graph transitive closure. Recent years have witnessed a revival of interest in Datalog in a variety of emerging application domains such as data integration, information extraction, networking, program analysis, security, cloud computing, ontology reasoning, and many others. The aim of this book is to present the basics of Datalog, some of its extensions, and recent applications to different domains. © 2016 by Morgan & Claypool."
Applied research on the integrated scheme of well history data based on ontology,"Cui, Meng (1); Zhai, Ying-Hu (2) ","2010 2nd International Workshop on Database Technology and Applications, DBTA2010 - Proceedings",2010,English,10.1109/DBTA.2010.5659115,"In view of the characteristics of CNPC(China National Petroleum Corporation) well history management system and existing problems in drilling information, such as the magnitude of drilling data, complicated relations, inhomogeneous distribution, heterogeneity, autonomy, etc, a new integrated scheme based on Ontology is proposed for heterogeneous drilling data. Taking advantage of semantic integration, the new scheme can completely eliminate data heterogeneity among data sources and realize the most effective integration and sharing of different well history data for each oil and gas field. This paper elaborates the work principle and implementation procedure of the new scheme, establishes the fundamental model for bulk database of drilling field based on ontology, and achieves correlative mapping from oil field's relational databases to drilling field's globe ontology. Case analysis confirms that this scheme is effective and feasible in heterogeneous data integration field. ©2010 IEEE."
Two-dimensional rule language for querying sensor log data: A framework and use cases,"Brandt, Sebastian (1); Kalayci, Elem Güzel (2); Mörzinger, Benjamin (3); Xiao, Guohui (2); Calvanese, Diego (2); Kontchakov, Roman (4); Ryzhikov, Vladislav (4); Zakharyaschev, Michael (4, 5) ","Leibniz International Proceedings in Informatics, LIPIcs",2019,English,10.4230/LIPIcs.TIME.2019.7,"Motivated by two industrial use cases that involve detecting events of interest in (asynchronous) time series from sensors in manufacturing rigs and gas turbines, we design an expressive rule language DslD equipped with interval aggregate functions (such as weighted average over a time interval), Allen's interval relations and various metric constructs. We demonstrate how to model events in the uses cases in terms of DslD programs. We show that answering DslD queries in our use cases can be reduced to evaluating SQL queries. Our experiments with the use cases, carried out on the Apache Spark system, show that such SQL queries scale well on large real-world datasets. © Michael H. Böhlen and Muhammad Saad;"
Ontop of Geospatial Databases,"Bereta, K. (1); Koubarakis, M. (1) ",The Semantic Web - ISWC 2016. 15th International Semantic Web Conference. Proceedings: LNCS 9981,2016,English,10.1007/978-3-319-46523-4_3,"We propose an OBDA approach for accessing geospatial data stored in relational databases, using the OGC standard GeoSPARQL and R2RML or OBDA mappings. We introduce extensions to an existing SPARQL-to-SQL translation method to support GeoSPARQL features. We describe the implementation of our approach in the system ontop-spatial, an extension of the OBDA system Ontop for creating virtual geospatial RDF graphs on top of geospatial relational databases. We present an experimental evaluation of our system using and extending a state-of-the-art benchmark. To measure the performance of our system, we compare it to a state-of-the-art geospatial RDF store and confirm its efficiency."
Generating OWL ontology for database integration,"Alalwan, N. (1); Zedan, H. (1); Siewe, F. (1) ",2009 Third International Conference on Advances in Semantic Processing (SEMAPRO 2009),2009,English,10.1109/SEMAPRO.2009.21,"Today, databases provide the best technique for storing and retrieving data, but they suffer from the absence of a semantic perspective, which is needed to reach global goals such as the semantic web and data integration. Using ontologies will solve this problem by enriching databases semantically. Since building an ontology from scratch is a very complicated task, we propose an automatic transformation system to build Web Ontology Language OWL ontologies from a relational model written in Structured Query Language SQL. Our system also uses metadata, which helps to extract some semantic aspects which could not be inferred from the SQL. Our system analyzes database tuples to capture these metadata. Finally, the outcome ontology of the system is validated manually by comparing it with a conceptual model of the database (E/R diagram) in order to obtain the optimal ontology."
Knowledge-data integration for temporal reasoning in a clinical trial system,"O'Connor, M.J. (1); Shankar, R.D. (1); Parrish, D.B. (2); Das, A.K. (1) ",International Journal of Medical Informatics,2009,English,10.1016/j.ijmedinf.2008.07.013,"Managing time-stamped data is essential to clinical research activities and often requires the use of considerable domain knowledge. Adequately representing and integrating temporal data and domain knowledge is difficult with the database technologies used in most clinical research systems. There is often a disconnect between the database representation of research data and corresponding domain knowledge of clinical research concepts. In this paper, we present a set of methodologies for undertaking ontology-based specification of temporal information, and discuss their application to the verification of protocol-specific temporal constraints among clinical trial activities. Our approach allows knowledge-level temporal constraints to be evaluated against operational trial data stored in relational databases. We show how the Semantic Web ontology and rule languages OWL and SWRL, respectively, can support tools for research data management that automatically integrate low-level representations of relational data with high-level domain concepts used in study design. [All rights reserved Elsevier]."
DTD2OWL2: a new approach for the transformation of the DTD to OWL,"Hacherouf, M. (1); Bahloul, S.N. (2) ",Procedia Computer Science,2015,English,10.1016/j.procs.2015.08.506,"The expansion of data sources existed in the Web affects on the quality of research information. The correct answer (answer specific) of a request is all depend terms selected for their construction. Such as these terms sometimes mean more sense, the intended meaning may not be found. Fort this need, the Semantic Web has come to cover the semantic level, it proposed an ontological representation of data sources. This representation is implemented by OWL (Web Ontology Language). The current challenge of the Semantic Web is the transformation of data formats exist (SQL, XML ...) to the form of ontology (RDF, OWL ...), in order to facilitate the integration of data sources exist in the semantic Web. Our target is to provide a series of extension concepts of DTD2OWL method, a simple and effective method for transforming XML documents into OWL ontologies. [All rights reserved Elsevier]."
An ontology-based MicroRNA knowledge sharing and acquisition framework,"Huang, Jingshan (1); Lu, Xingyu (1); Dou, Dejing (2); Gerthoffer, William T. (3); Dang, Jiangbo (4); Blake, Judith A. (5); Tan, Ming (6) ","Proceedings - 2012 IEEE International Conference on Bioinformatics and Biomedicine Workshops, BIBMW 2012",2012,English,10.1109/BIBMW.2012.6470228,"MicroRNAs (miRNAs) play important roles in various biological processes by regulating their target genes. Therefore, miRNAs are closely associated with development, diagnosis, and prognosis for many diseases. The prediction of miRNA targets remains a challenging task for biologists because it involves an extremely large amount of data sources to be explored: to manually integrate information of identified targets and related information from various sources is time-consuming and error-prone; most of all, it is subject to biologists' limited prior knowledge. In this paper we investigated an ontology-based knowledge sharing framework to assist biologists in unraveling important roles of miRNAs in human disease in an automated and more efficient manner, (i) We developed the very first domain-specific ontologies in the miRNA field, Ontology for MicroRNA Target (OMIT), (ii) According to the global metadata model defined in ontologies, heterogeneous data sources were annotated and seamlessly integrated and stored into a central Resource Description Framework (RDF) data repository, (iii) We then enabled ontology-based queries, instead of traditional SQL queries, by inferring new statements from RDF data triples. Consequently we were able to acquire hidden knowledge originally implicit and unclear, yet critical, to biologists. © 2012 IEEE."
Towards a flexible mediator architecture using fuzzy logic for integration of incomplete and uncertain information,"Aggoune, Aicha (1) ",ACM International Conference Proceeding Series,2018,English,10.1145/3177148.3180094,"The major problems of data integration systems are closely related to the heterogeneity of the data sources, the query processing complexity, and the global schema evolution. These problems are increased when data sources contain both uncertain and incomplete information. The existing works aim to use fuzzy ontology as well as a global schema of mediator system for providing a homogeneous view of semantically heterogeneous data sources and expressing imprecise information. In this paper, we present new flexible mediator architecture based only on fuzzy logic for, representing incomplete and uncertain information, and fuzzy querying of heterogeneous databases using fuzzy predicates. This architecture is split into three layers: Flexible mediation, Flexible wrappers, and sources. At the wrapper layer, we propose a method for fuzzy querying of both incomplete and uncertain information. The flexible mediator architecture, including an example of data integration in food safety field. © 2018 Association for Computing Machinery."
Computational framework to support integration of biomolecular and clinical data within a translational approach,"Miyoshi, Newton Shydeo Brandão (1); Pinheiro, Daniel Guariz (2); Silva Jr, Wilson Araújo (3); Felipe, Joaquim Cezar (1) ",BMC Bioinformatics,2013,English,10.1186/1471-2105-14-180,"Background: The use of the knowledge produced by sciences to promote human health is the main goal of translational medicine. To make it feasible we need computational methods to handle the large amount of information that arises from bench to bedside and to deal with its heterogeneity. A computational challenge that must be faced is to promote the integration of clinical, socio-demographic and biological data. In this effort, ontologies play an essential role as a powerful artifact for knowledge representation. Chado is a modular ontology-oriented database model that gained popularity due to its robustness and flexibility as a generic platform to store biological data; however it lacks supporting representation of clinical and socio-demographic information.Results: We have implemented an extension of Chado - the Clinical Module - to allow the representation of this kind of information. Our approach consists of a framework for data integration through the use of a common reference ontology. The design of this framework has four levels: data level, to store the data; semantic level, to integrate and standardize the data by the use of ontologies; application level, to manage clinical databases, ontologies and data integration process; and web interface level, to allow interaction between the user and the system. The clinical module was built based on the Entity-Attribute-Value (EAV) model. We also proposed a methodology to migrate data from legacy clinical databases to the integrative framework. A Chado instance was initialized using a relational database management system. The Clinical Module was implemented and the framework was loaded using data from a factual clinical research database. Clinical and demographic data as well as biomaterial data were obtained from patients with tumors of head and neck. We implemented the IPTrans tool that is a complete environment for data migration, which comprises: the construction of a model to describe the legacy clinical data, based on an ontology; the Extraction, Transformation and Load (ETL) process to extract the data from the source clinical database and load it in the Clinical Module of Chado; the development of a web tool and a Bridge Layer to adapt the web tool to Chado, as well as other applications.Conclusions: Open-source computational solutions currently available for translational science does not have a model to represent biomolecular information and also are not integrated with the existing bioinformatics tools. On the other hand, existing genomic data models do not represent clinical patient data. A framework was developed to support translational research by integrating biomolecular information coming from different ' omics' technologies with patient's clinical and socio-demographic data. This framework should present some features: flexibility, compression and robustness. The experiments accomplished from a use case demonstrated that the proposed system meets requirements of flexibility and robustness, leading to the desired integration. The Clinical Module can be accessed in http://dcm.ffclrp.usp.br/caib/pg=iptrans. © 2013 Miyoshi et al.; licensee BioMed Central Ltd."
Can RDB2RDF tools feasibily expose large science archives for data integration?,"Gray, A.J.G. (1); Gray, N. (2); Ounis, I. (1) ","Semantic Web: Research and Applications. Proceedings 6th European Semantic Web Conference, ESWC 2009",2009,English,10.1007/978-3-642-02121-3_37,"Many science archive centres publish very large volumes of image, simulation, and experiment data. In order to integrate and analyse the available data, scientists need to be able to (i) identify and locate all the data relevant to their work; (ii) understand the multiple heterogeneous data models in which the data is published; and (iii) interpret and process the data they retrieve. RDF has been shown to be a generally successful framework within which to perform such data integration work. It can be equally successful in the context of scientific data, if it is demonstrably practical to expose that data as RDF. In this paper we investigate the capabilities of RDF to enable the integration of scientific data sources. Specifically, we discuss the suitability of SPARQL for expressing scientific queries, and the performance of several triple stores and RDB2RDF tools for executing queries over a moderately sized sample of a large astronomical data set. We found that more research and improvements are required into SPARQL and RDB2RDF tools to efficiently expose existing science archives for data integration."
Knowledge Base Construction Process for Smart-City Services,"Bellini, P. (1); Nesi, P. (1); Rauch, N. (1) ",2014 19th International Conference on Engineering of Complex Computer Systems,2014,English,10.1109/ICECCS.2014.33,"Presently a very large number of public and private data sets are available around the local governments. In most cases, they are not semantically interoperable and a huge human effort is needed to create integrated ontologies and knowledge base for smart city. In this paper, a system for the ingestion of data for smart city related aspects as road graph, services available on the roads, traffic sensors etc., is proposed. The system allows to manage a big volume of data coming from a variety of sources considering both static and dynamic data, these data are then mapped to a smart-city and mobility ontology and stored into an RDF-Store where this data are available for applications via SPARQL queries to provide new services to the users. The paper presents the knowledge base and the mechanisms adopted for the verification, reconciliation and validation. Some examples about the possible usage of the knowledge base produced are also offered and are accessible from the RDF-Store."
"Dynamic customisation, validation and integration of product data models using semantic web tools","Krima, S. (1); Feeney, A.B. (1); Foufou, S. (2) ",International Journal of Product Lifecycle Management,2014,English,10.1504/IJPLM.2014.065463,"Standard product data models enable information exchange across different organisations, actors, processes and stages in the product lifecycle. These standard models need to support diverse domain-specific requirements from the multitude of disciplines involved during a product's lifecycle. Due to this diversity, challenges are to: 1) develop multidisciplinary models; 2) extend them to support new requirements over time; 3) implement the resulting gigantic information models. ISO 10303, the reference standard for PLM-related data models provides mechanisms to enable specialisation of generic product data to address some of these challenges. In this paper, we introduce the need for dynamic product data models, detail the ISO method and identify its limitations. We present enhancements to that methodology using ontologies and the SPARQL Inference Notation (SPIN) for validating product data. To conclude, we show how these ontologies can be leveraged to ease and strengthen PLM data integration through the use of Linked Data."
Towards processing and reasoning streams of events in knowledge-driven manufacturing execution systems,"Ferrer, B.R. (1); Iarovyi, S. (1); Lobov, A. (1); Martinez Lastra, J.L. (1) ",2015 IEEE 13th International Conference on Industrial Informatics (INDIN). Proceedings,2015,English,10.1109/INDIN.2015.7281884,"The incessant need of the industry to optimize processes due to market demands derived in a huge investment on information communication technologies implementation during last decades, in the industrial automation domain. This caused the implementation of paradigms as service-oriented or event-driven architectures in factories, used for wide data integration. Moreover, the use of knowledge representation, within ontologies, permitted the description of system status in knowledge bases, which can be queried and updated at runtime. Due to the massive occurrence of events at any location of the enterprise, complex event processing (CEP) technologies can be used for anticipating facts that can compromise the production at shop floors. In fact, recent implementations on processing and reasoning streams of events in the Semantic Web can be applied also in the industrial automation domain because they combine CEP and SPARQL, which are technologies nowadays used by factory systems. This article describes how these technologies can support the study of the ontological system models evolution through time and an approach to bring predictability to current knowledge-based systems."
Global ontology construction for heterogeneous digital museums,"Liu, Hong-Zhe (1) ","Proceedings of the Sixth International Conference on Machine Learning and Cybernetics, ICMLC 2007",2007,English,10.1109/ICMLC.2007.4370848,"The distribution of data and knowledge of a huge amount of cultural heritage and the desire to make them available readily to people, but heterogeneous natural of the databases of distributed digital museums gives rise to the challenge of semantic integration of them. In order to make this difficult task tractable, we describe how to derive ontologies from legacy relational databases and then construct one global ontology, and during our three step process, the cultural heritage domain ontology CIDOC Conceptual Reference Model (CRM) is deployed as a bridge ontology. © 2007 IEEE."
Data integration for the semantic web with full preferences,"Curé, Olivier (1) ","International Conference on Information and Knowledge Management, Proceedings",2008,English,10.1145/1458484.1458495,"This paper presents a tool that enables the integration of data stored in relational databases into Semantic Web compliant knowledge bases. The resulting knowledge bases are represented using Description Logics and can thus be translated into theWeb Ontology language (OWL). Our approach tackles the impedance mismatch problem which is due to the storage of data in (relational) databases and objects in the knowledge bases. This problem is addressed with a mapping language that allows to specify how to transform data into objects. Another issue undertaken by our solution is related to inconsistencies emerging when contradicting values can be integrated into a given object. In order to deal with these inconsistencies, we enable users to set preferences over mapping views and their attributes. This approach provides a fine grained solution to design consistent knowledge bases. © 2008 ACM."
Rewriting queries using views for RDF-based relational data integration,"Chen, Huajun (1); Wu, Zhaohui (1); Mao, Yuxin (1) ","Proceedings - International Conference on Tools with Artificial Intelligence, ICTAI",2005,English,10.1109/ICTAI.2005.109,"We study the problem of answering queries through a tar get RDF ontology, given a set of view-based mappings between one or more source relational schemas and this target ontology. We design a novel query rewriting algorithm that can efficiently rewrites a RDF query into relational queries using a set of RDF views. With our approach, we highlight the important role played by RDF Blank Node in representing incomplete semantics of relational data when integrating them using RDF. © 2005 IEEE."
A Knowledge-Driven Geospatially Enabled Framework for Geological Big Data,Liang Wu (1); Lei Xue (1); Chaoling Li (2); Xia Lv (2); Zhanlong Chen (1); Baode Jiang (3); Mingqiang Guo (3); Zhong Xie (1) ,ISPRS International Journal of Geo-Information,2017,English,10.3390/ijgi6060166,"Geologic survey procedures accumulate large volumes of structured and unstructured data. Fully exploiting the knowledge and information that are included in geological big data and improving the accessibility of large volumes of data are important endeavors. In this paper, which is based on the architecture of the geological survey information cloud-computing platform (GSICCP) and big-data-related technologies, we split geologic unstructured data into fragments and extract multi-dimensional features via geological domain ontology. These fragments are reorganized into a NoSQL (Not Only SQL) database, and then associations between the fragments are added. A specific class of geological questions was analyzed and transformed into workflow tasks according to the predefined rules and associations between fragments to identify spatial information and unstructured content. We establish a knowledge-driven geologic survey information smart-service platform (GSISSP) based on previous work, and we detail a study case for our research. The study case shows that all the content that has known relationships or semantic associations can be mined with the assistance of multiple ontologies, thereby improving the accuracy and comprehensiveness of geological information discovery."
A Semantic-Based EMRs Integration Framework for Diagnosis Decision-Making,Huili Jiang (1); Zili Zhang (1); Li Tao (1) ,"Knowledge Science, Engineering and Management. 7th International Conference, KSEM 2014. Proceedings: LNCS 8793",2014,English,10.1007/978-3-319-12096-6_34,"Discovering latent information from Electronic Medical Re- cords (EMRs) for guiding diagnosis decision making is a hot issue in the era of big data. An EMR composes of various data (e.g., patient information, medical history, diagnosis, treatments, symptoms), but most of them are stored in the relational database. It is difficult to integrate the data and infer new knowledge based on existing data structures. Semantic technology (ST) is a flexible and scalable method for integrating heterogeneous, distributed information from big data. Taking advantage of these features, this paper proposes a framework that leverages ontology to improve EMRs decision-making. A case study shows that this framework is feasible to integrate information, and can provide specific and personalized information services for facilitating medical diagnosis."
Visualizing semantic mapping based on view graph,Funian Tang (1); Li Yao (1); Yang Sun (1); Meng Qian (1) ,Proceedings of the 2009 Second International Symposium on Knowledge Acquisition and Modeling (KAM 2009),2009,English,10.1109/KAM.2009.318,"Semantic mappings between relational database and ontology are very useful in ontology-based relational data integration system. However, managing those semantic mappings is an arduous work in an open and dynamic environment. Aiming at facilitating the work of managing semantic mappings, a model named view graph is proposed in this paper. View graph retains the semantics discovered during the process of mapping construction, and these semantics may be reused in maintaining mappings. What's more, visualizing mappings based on view graph illustrates the semantics implicated in mappings, and this will help us understand those mappings."
Towards interoperability of spatial planning data: 5-steps harmonization framework,"Janecka, Karel (1); Cerba, Otakar (1); Jedlicka, Karel (1); Jezek, Jan (1) ","International Multidisciplinary Scientific GeoConference Surveying Geology and Mining Ecology Management, SGEM",2013,English,10.5593/SGEM2013/BB2.V1/S11.051,"The article describes the 5-steps harmonization framework - a complex attitude to the harmonization of spatial planning data as the importance of this process is still rapidly increasing. The reason is building of spatial data infrastructures and sharing of data coming from various resourcesin an unifiedstructure. The principles shown in the article are generally valid, in this particular casethe 5-steps harmonization framework was tested upon the spatial planning data. The motivation for the research was primarily the European Directive Infrastructure for Spatial Information in the European Community (INSPIRE) that states that each European Union member state must provide selected data according to the INSPIRE technical implementing rules.The innovative feature of the presented 5-steps harmonization framework is using of ontology that is used for managing of heterogeneity of spatial data from variousdata themes. As different institutions, organizationsor companies are involved e.g. inspatial planning and building of spatial data infrastructures moretechnical options for data harmonization realization have been explored. The first way how to practically realize the 5-steps harmonization framework was using the ontologies and Extract-Transform-Load(ETL)tools.Further research aimed at exploring of capabilities of traditional relational database management systems and their spatial extensions for harmonization.Third, the focus was also put on traditional vendors of geographic information systems(GIS) and using of world widespread GIS for realizationof the 5-steps harmonization framework.Finally the article summarizes the pros and cons of various approaches that have been explored. © SGEM2013 All Rights Reserved by the International Multidisciplinary Scientific GeoConference SGEM."
Intelligent search in Big Data,"Birialtsev, E. (1); Bukharaev, N. (2); Gusenkov, A. (2) ",Journal of Physics: Conference Series,2017,English,10.1088/1742-6596/913/1/012010,"An approach to data integration, aimed on the ontology-based intelligent search in Big Data, is considered in the case when information objects are represented in the form of relational databases (RDB), structurally marked by their schemes. The source of information for constructing an ontology and, later on, the organization of the search are texts in natural language, treated as semi-structured data. For the RDBs, these are comments on the names of tables and their attributes. Formal definition of RDBs integration model in terms of ontologies is given. Within framework of the model universal RDB representation ontology, oil production subject domain ontology and linguistic thesaurus of subject domain language are built. Technique of automatic SQL queries generation for subject domain specialists is proposed. On the base of it, information system for TATNEFT oil-producing company RDBs was implemented. Exploitation of the system showed good relevance with majority of queries. © Published under licence by IOP Publishing Ltd."
A generic ontological network for Agri-food experiment integration – Application to viticulture and winemaking,"Muljarto, Aunur Rofiq (1, 4); Salmon, Jean-Michel (2); Charnomordic, Brigitte (1); Buche, Patrice (3, 5); Tireau, Anne (1); Neveu, Pascal (1) ",Computers and Electronics in Agriculture,2017,English,10.1016/j.compag.2017.06.020,"This paper presents an ontological approach of scientific experimental data integration across complementary sub-domains, i.e., agricultural production and food processing, with an application to viticulture and winemaking. The two main steps in this approach are (i) to integrate preexisting ontologies to create a so-called ontology network and (ii) to populate the ontology network with experimental data from various sources. The Agri-Food Experiment Ontology (AFEO), a new ontology network, was developed, based on two ontological resources, i.e., AEO (Ontology for Agricultural Experiments) and OFPE (Ontology for Food Processing Experiments). It contains 136 concepts which cover various viticulture practices, as well as winemaking products and operations. AFEO was used to guide the data integration of two different data sources, i.e., viticulture experimental data stored in a relational database, and winemaking experimental data stored in Microsoft Excel files. Two applications illustrate the approach. The first one is on wine traceability and the second one is related to the influence of irrigation practices and winemaking methods on GSH concentration in wine. These examples show that data integration guided by an ontology network can provide researchers with the information necessary to address extended research questions. © 2017 Elsevier B.V."
Data modelling and ontological semantics,"Telnarova, Z. (1) ",International Journal of Data Analysis Techniques and Strategies,2012,English,10.1504/IJDATS.2012.047818,"The paper deals with semantic data model and its application in data integration. It analyses the issue of mapping database schemes (particularly relational models) for common data models expressed in the form of ontology. Substantial part is dedicated to methods of acquiring ontology from relational databases, where rules for creating classes, properties, hierarchies, cardinalities and instances are specified. Simple examples arc used to demonstrate the application, i.e., the mapping of individual concepts of a relational data model into ontology concepts. the article is concluded by a graph showing fragment of ontology through examples using Altova Semantic Works software."
Linked REST APIs: A Middleware for Semantic REST API Integration,"Serrano, D. (1); Stroulia, E. (1); Diana Lau (2); Tinny Ng (1) ",2017 IEEE International Conference on Web Services (ICWS). Proceedings,2017,English,10.1109/ICWS.2017.26,"Over the last decade, an exponentially increasing number of REST services have been providing a simple and straightforward syntax for accessing rich data resources. To use these services, however, developers have to understand 'information-use contracts' specified in natural language, and, to build applications that benefit from multiple existing services they have to map the underlying resource schemas in their code. This process is difficult and error-prone, especially as the number and overlap of the underlying services increases, and the mappings become opaque, difficult to maintain, and practically impossible to reuse. The more recent advent of the Linked Data formalisms can offer a solution to the challenge. In this paper, we propose a conceptual framework for REST-service integration based on Linked Data models. In this framework, the data exposed by REST services is mapped to Linked Data schemas, based on these descriptions, we have developed a middleware that can automatically compose API calls to respond to data queries (in SPARQL). Furthermore, we have developed a RDF model for characterizing the access-control protocols of these APIs and the quality of the data they expose, so that our middleware can develop 'legal' compositions with desired qualities. We report our experience with the implementation of a prototype that demonstrates the usefulness of our framework in the context of a research-data management application."
Lightweight spatial conjunctive query answering using keywords,"Eiter, Thomas (1); Krennwallner, Thomas (1); Schneider, Patrik (1) ",Lecture Notes in Computer Science (including subseries Lecture Notes in Artificial Intelligence and Lecture Notes in Bioinformatics),2013,English,10.1007/978-3-642-38288-8-17,"With the advent of publicly available geospatial data, ontology-based data access (OBDA) over spatial data has gained increasing interest. Spatio-relational DBMSs are used to implement geographic information systems (GIS) and are fit to manage large amounts of data and geographic objects such as points, lines, polygons, etc. In this paper, we extend the Description Logic DL-Lite with spatial objects and show how to answer spatial conjunctive queries (SCQs) over ontologies-that is, conjunctive queries with point-set topological relations such as next and within-expressed in this language. The goal of this extension is to enable an off-the-shelf use of spatio-relational DBMSs to answer SCQs using rewriting techniques, where data sources and geographic objects are stored in a database and spatial conjunctive queries are rewritten to SQL statements with spatial functions. Furthermore, we consider keyword-based querying over spatial OBDA data sources, and show how to map queries expressed as simple keyword lists describing objects of interest to SCQs, using a meta-model for completing the SCQs with spatial aspects. We have implemented our lightweight approach to spatial OBDA in a prototype and show initial experimental results using data sources such as Open Street Maps and Open Government Data Vienna from an associated project. We show that for real-world scenarios, practical queries are expressible under meta-model completion, and that query answering is computationally feasible. © 2013 Springer-Verlag Berlin Heidelberg."
Towards an efficient RDF dataset slicing,"Marx, E. (1); Soru, T. (1); Shekarpour, S. (1); Auer, S. (1); Ngonga Ngomo, A.-C. (1); Breitman, K. (2) ",International Journal of Semantic Computing,2013,English,10.1142/S1793351X13400151,"Over the last years, a considerable amount of structured data has been published on the Web as Linked Open Data (LOD). Despite recent advances, consuming and using Linked Open Data within an organization is still a substantial challenge. Many of the LOD datasets are quite large and despite progress in Resource Description Framework (RDF) data management their loading and querying within a triple store is extremely time-consuming and resource-demanding. To overcome this consumption obstacle, we propose a process inspired by the classical ExtractTransform-Load (ETL) paradigm. In this article, we focus particularly on the selection and extraction steps of this process. We devise a fragment of SPARQL Protocol and RDF Query Language (SPARQL) dubbed SliceSPARQL, which enables the selection of well-defined slices of datasets fulfilling typical information needs. SliceSPARQL supports graph patterns for which each connected subgraph pattern involves a maximum of one variable or Internationalized resource identifier (IRI) in its join conditions. This restriction guarantees the efficient processing of the query against a sequential dataset dump stream. Furthermore, we evaluate our slicing approach on three different optimization strategies. Results show that dataset slices can be generated an order of magnitude faster than by using the conventional approach of loading the whole dataset into a triple store."
Building performance optimisation: A hybrid architecture for the integration of contextual information and time-series data,"Hu, Shushan (1, 2); Corry, Edward (1, 2); Curry, Edward (3); Turner, William J.N. (2); O'Donnell, James (1) ",Automation in Construction,2016,English,10.1016/j.autcon.2016.05.018,"Buildings tend to not operate as intended, and a pronounced gap often exists between measured and predicted environmental and energy performance. Although the causes of this ‘performance gap’ are multi-faceted, issues surrounding data integration are key contributory factors. The distributed nature of the Architecture, Engineering and Construction (AEC) industry presents many challenges to the effective capture, integration and assessment of building performance data. Not all building data can be described semantically, nor is it feasible to create adapters between many different software tools. Similarly, not all building contextual data can easily be captured in a single product-centric model. This paper presents a new solution to the problem based upon a hybrid architecture that links data which is retained in its original format. The architecture links existing and efficient relational databases storing time-series data and semantically-described building contextual data. The main contribution of this work is an original RDF syntax structure and ontology to represent existing database schema information, and a new mechanism that automatically prepares data streams for processing by rule-based performance definitions. Two test cases evaluate the concept by 1) applying the hybrid architecture to building performance data from an actual building, and 2) evaluating the efficiency of the architecture against a purely RDF-based solution that also stores all of the time-series data in RDF for a virtual building. The hybrid architecture also avoids the duplication of time-series data and overcomes some of the differences found in database schemas and database platforms. © 2016"
Temporal Query Answering in the Description Logic DL-Lite,"Borgwardt, S. (1); Lippmann, M. (1); Thost, V. (1) ","Frontiers of Combining Systems. 9th International Symposium, FroCoS 2013. Proceedings LNCS 8152",2013,English,10.1007/978-3-642-40885-4_11,"Ontology-based data access (OBDA) generalizes query answering in relational databases. It allows to query a database by using the language of an ontology, abstracting from the actual relations of the database. For ontologies formulated in Description Logics of the DL-Lite family, OBDA can be realized by rewriting the query into a classical first-order query, e.g. an SQL query, by compiling the information of the ontology into the query. The query is then answered using classical database techniques. In this paper, we consider a temporal version of OBDA. We propose a temporal query language that combines a linear temporal logic with queries over DL-Lite core -ontologies. This language is well-suited to express temporal properties of dynamical systems and is useful in context-aware applications that need to detect specific situations. Using a first-order rewriting approach, we transform our temporal queries into queries over a temporal database. We then present three approaches to answering the resulting queries, all having different advantages and drawbacks."
GIDL: a rule based expert system for GenBank Intelligent Data Loading into the Molecular Biodiversity database,"Pannarale, Paolo (3); Catalano, Domenico (2); De Caro, Giorgio (1); Grillo, Giorgio (1); Leo, Pietro (3); Pappadà, Graziano (4); Rubino, Francesco (3); Scioscia, Gaetano (3); Licciulli, Flavio (1) ",BMC Bioinformatics,2012,English,10.1186/1471-2105-13-S4-S4,"Background: In the scientific biodiversity community, it is increasingly perceived the need to build a bridge between molecular and traditional biodiversity studies. We believe that the information technology could have a preeminent role in integrating the information generated by these studies with the large amount of molecular data we can find in bioinformatics public databases. This work is primarily aimed at building a bioinformatic infrastructure for the integration of public and private biodiversity data through the development of GIDL, an Intelligent Data Loader coupled with the Molecular Biodiversity Database. The system presented here organizes in an ontological way and locally stores the sequence and annotation data contained in the GenBank primary database.Methods: The GIDL architecture consists of a relational database and of an intelligent data loader software. The relational database schema is designed to manage biodiversity information (Molecular Biodiversity Database) and it is organized in four areas: MolecularData, Experiment, Collection and Taxonomy. The MolecularData area is inspired to an established standard in Generic Model Organism Databases, the Chado relational schema. The peculiarity of Chado, and also its strength, is the adoption of an ontological schema which makes use of the Sequence Ontology.The Intelligent Data Loader (IDL) component of GIDL is an Extract, Transform and Load software able to parse data, to discover hidden information in the GenBank entries and to populate the Molecular Biodiversity Database. The IDL is composed by three main modules: the Parser, able to parse GenBank flat files; the Reasoner, which automatically builds CLIPS facts mapping the biological knowledge expressed by the Sequence Ontology; the DBFiller, which translates the CLIPS facts into ordered SQL statements used to populate the database. In GIDL Semantic Web technologies have been adopted due to their advantages in data representation, integration and processing.Results and conclusions: Entries coming from Virus (814,122), Plant (1,365,360) and Invertebrate (959,065) divisions of GenBank rel.180 have been loaded in the Molecular Biodiversity Database by GIDL. Our system, combining the Sequence Ontology and the Chado schema, allows a more powerful query expressiveness compared with the most commonly used sequence retrieval systems like Entrez or SRS. © 2012 Pannarale et al.; licensee BioMed Central Ltd."
Data management issues on the semantic web,"Hassanzadeh, O. (1); Kementsietsidis, A. (2); Velegrakis, Y. (3) ",2012 IEEE 28th International Conference on Data Engineering (ICDE 2012),2012,English,10.1109/ICDE.2012.141,"We provide an overview of the current data management research issues in the context of the Semantic Web. The objective is to introduce the audience into the area of the Semantic Web, and to highlight the fact that the area provides many interesting research opportunities for the data management community. A new model, the Resource Description Framework (RDF), coupled with a new query language, called SPARQL, lead us to revisit some classical data management problems, including efficient storage, query optimization, and data integration. These are problems that the Semantic Web community has only recently started to explore, and therefore the experience and long tradition of the database community can prove valuable. We target both experienced and novice researchers that are looking for a thorough presentation of the area and its key research topics."
RDF/RDFS-based relational database integration,"Chen, Huajun (1); Wu, Zhaohui (1); Wang, Heng (1); Mao, Yuxin (1) ",Proceedings - International Conference on Data Engineering,2006,English,10.1109/ICDE.2006.127,"We study the problem of answering queries through a RDF/RDFS ontology, given a set of view-based mappings between one or more relational schemas and this target ontology. Particularly, we consider a set of RDFS semantic constraints such as rdfs:subClassof, rdfs:subPropertyof, rdfs:domain, and rdfs:range, which are present in RDF model but neither XML nor relational models. We formally define the query semantics in such an integration scenario, and design a novel query rewriting algorithm to implement the semantics. On our approach, we highlight the important role played by RDF Blank Node in representing incomplete semantics of relational data. A set of semantic tools supporting relational data integration by RDF are also introduced. The approach have been used to integrate 70 relational databases at China Academy of Traditional Chinese Medicine. © 2006 IEEE."
Pushing the Scalability of RDF Engines on IoT Edge Devices,"Anh Le-Tuan (1); Hayes, C. (2); Hauswirth, M. (1); Danh Le-Phuoc (1) ",Sensors,2020,English,10.3390/s20102788,"Semantic interoperability for the Internet of Things (IoT) is enabled by standards and technologies from the Semantic Web. As recent research suggests a move towards decentralised IoT architectures, we have investigated the scalability and robustness of RDF (Resource Description Framework)engines that can be embedded throughout the architecture, in particular at edge nodes. RDF processing at the edge facilitates the deployment of semantic integration gateways closer to low-level devices. Our focus is on how to enable scalable and robust RDF engines that can operate on lightweight devices. In this paper, we have first carried out an empirical study of the scalability and behaviour of solutions for RDF data management on standard computing hardware that have been ported to run on lightweight devices at the network edge. The findings of our study shows that these RDF store solutions have several shortcomings on commodity ARM (Advanced RISC Machine) boards that are representative of IoT edge node hardware. Consequently, this has inspired us to introduce a lightweight RDF engine, which comprises an RDF storage and a SPARQL processor for lightweight edge devices, called RDF4Led. RDF4Led follows the RISC-style (Reduce Instruction Set Computer) design philosophy. The design constitutes a flash-aware storage structure, an indexing scheme, an alternative buffer management technique and a low-memory-footprint join algorithm that demonstrates improved scalability and robustness over competing solutions. With a significantly smaller memory footprint, we show that RDF4Led can handle 2 to 5 times more data than popular RDF engines such as Jena TDB (Tuple Database) and RDF4J, while consuming the same amount of memory. In particular, RDF4Led requires 10%-30% memory of its competitors to operate on datasets of up to 50 million triples. On memory-constrained ARM boards, it can perform faster updates and can scale better than Jena TDB and Virtuoso. Furthermore, we demonstrate considerably faster query operations than Jena TDB and RDF4J."
Towards a framework for agent-enabled semantic integration in the design of Distributed Digital Museum,"Yu, Jie-Hua (1, 2); Liu, Hong-Zhe (1); Bao, Hong (1); Xu, De (2) ","Proceedings - First International Conference on Semantics, Knowledge and Grid, SKG 2005",2006,English,10.1109/SKG.2005.130,"This paper presents a framework for agent-enabled semantic integration in the design of distributed digital museum. In this framework, Web Services provides remote information process services which can be discovered and invoked by middle-layer agent to satisfy multiple needs. Domain Ontology is used to characterize and model the semantics that are embedded in the digital museum. Concept-mapping Agent is deployed to set up the semantic relationships between Domain Ontology and relational databases and feedback to middle-layer agent, in doing so, we can get directly benefit from middle-layer agent. During the user request answer process, middle-layer agent can dynamically and quickly discovered the services, executed the remote calling of services, combined the results and finally feedback to user. Furthermore, the paper gave out a Digital Museum Information Retrieval System (DMIRS), which is designed, based on this framework and demonstrated to be stable and efficient. © 2006 IEEE."
Transient and Persistent RDF Views over Relational Databases in the Context of Digital Repositories,"Konstantinou, Nikolaos (1); Spanos, Dimitrios-Emmanuel (1); Mitrou, Nikolas (2) ",Communications in Computer and Information Science,2013,English,10.1007/978-3-319-03437-9_33,"As far as digital repositories are concerned, numerous benefits emerge from the disposal of their contents as Linked Open Data (LOD). This leads more and more repositories towards this direction. However, several factors need to be taken into account in doing so, among which is whether the transition needs to be materialized in real-time or in asynchronous time intervals. In this paper we provide the problem framework in the context of digital repositories, we discuss the benefits and drawbacks of both approaches and draw our conclusions after evaluating a set of performance measurements. Overall, we argue that in contexts with infrequent data updates, as is the case with digital repositories, persistent RDF views are more efficient than real-time SPARQL-to-SQL rewriting systems in terms of query response times, especially when expensive SQL queries are involved. © Springer International Publishing Switzerland 2013."
"Specifying, monitoring, and executing workflows in linked data environments","Käfer, Tobias (1); Harth, Andreas (2) ",Lecture Notes in Computer Science (including subseries Lecture Notes in Artificial Intelligence and Lecture Notes in Bioinformatics),2018,English,10.1007/978-3-030-00671-6_25,"We present an ontology for representing workflows over components with Read-Write Linked Data interfaces and give an operational semantics to the ontology via a rule language. Workflow languages have been successfully applied for modelling behaviour in enterprise information systems, in which the data is often managed in a relational database. Linked Data interfaces have been widely deployed on the web to support data integration in very diverse domains, increasingly also in scenarios involving the Internet of Things, in which application behaviour is often specified using imperative programming languages. With our work we aim to combine workflow languages, which allow for the high-level specification of application behaviour by non-expert users, with Linked Data, which allows for decentralised data publication and integrated data access. We show that our ontology is expressive enough to cover the basic workflow patterns and demonstrate the applicability of our approach with a prototype system that observes pilots carrying out tasks in a virtual reality aircraft cockpit. On a synthetic benchmark from the building automation domain, the runtime scales linearly with the size of the number of Internet of Things devices. © Springer Nature Switzerland AG 2018."
Exploiting data dependencies with null values for ontology extraction,"Amalfi, Maria (1) ",Lecture Notes in Computer Science (including subseries Lecture Notes in Artificial Intelligence and Lecture Notes in Bioinformatics),2012,English,10.1007/978-3-642-34002-4_45,"I present a novel methodology to automatically extract ontologies in the form of conceptual schemes characterizing raw data and then generate mappings linking the obtained ontology to raw data with the aim to extend Ontology Based Data Access to raw data. Additionally, I propose new definitions of functional and multivalued dependencies under SQL (in short, resp., nFDs and nMVDs) to model the semantics of raw data and to achieve raw data normalization. The main novelty in this work is to adapt existing techniques to deal with the case of data with missing or incomplete information that is witnessed through the presence of null values. © 2012 Springer-Verlag."
Publish-time data integration for open data platforms,"Eberius, Julian (1); Damme, Patrick (1); Braunschweig, Katrin (1); Thiele, Maik (1); Lehner, Wolfgang (1) ",ACM International Conference Proceeding Series,2013,English,10.1145/2500410.2500413,"Platforms for publication and collaborative management of data, such as Data.gov or Google Fusion Tables, are a new trend on the web. They manage very large corpora of datasets, but often lack an integrated schema, ontology, or even just common publication standards. This results in inconsistent names for attributes of the same meaning, which constrains the discovery of relationships between datasets as well as their reusability. Existing data integration techniques focus on reuse-time, i.e., they are applied when a user wants to combine a specific set of datasets or integrate them with an existing database. In contrast, this paper investigates a novel method of data integration at publish-time, where the publisher is provided with suggestions on how to integrate the new dataset with the corpus as a whole, without resorting to a manually created mediated schema or ontology for the platform. We propose data-driven algorithms that propose alternative attribute names for a newly published dataset based on attribute- and instance statistics maintained on the corpus. We evaluate the proposed algorithms using real-world corpora based on the Open Data Platform opendata.socrata.com and relational data extracted from Wikipedia. We report on the system's response time, and on the results of an extensive crowdsourcing-based evaluation of the quality of the generated attribute names alternatives. © 2013 ACM."
CASD: A Framework for Context Aware Service Discovery and Selection,"Hussain, A. (1); MacCaull, W. (1); Lamo, Y. (2) ","On the Move to Meaningful Internet Systems: OTM 2016 Workshops. Confederated International Workshops EI2N, FBM, ICSP, Meta4eS and OTMA 2016. Revised Selected Papers: LNCS 10034",2017,English,10.1007/978-3-319-55961-2_26,"We present the architecture for a framework for semantic web-based service discovery, suitable for integration with relational data-base systems. Existing discovery algorithms often lead to poor results due to limitations of the service description used and lack of domain data. Our framework incorporates context aware service discovery vis a vis dynamic (run-time) update using relational (domain) data from a legacy system. A template for service ontologies is provided, so the user may represent their services and the interrelationships between them. The domain data is represented as an OWL-ontology. The systems takes information in the service and domain ontologies and performs rule based reasoning using rules articulating inter-service dependencies as well as dependencies between services and domain data. An aggregation over service quality properties allows the aggregated selection of the best-suited services. The framework is implemented as a web application following the Service Oriented Architecture; extensive testing shows that the system is robust. Features of the framework are illustrated using a detailed case study for the health-care domain."
Methodology and intermediate layer for the automatic creation of ontology instances stored in relational databases,"Stanimirovic, Aleksandar (1); Bogdanovic, Milo (1); Stoimenov, Leonid (1) ",Software - Practice and Experience,2013,English,10.1002/spe.2103,"In this paper, we introduce our solution for mapping local ontologies to relational and object-oriented representations. This solution is part of the GeoNis framework for the interoperability of geo-information systems applications in a local community environment. The GeoNis framework is based on a hybrid ontology approach for data integration. Therefore, a very important subject in our research on semantic data integration is the creation of mapping between a spatial information source and its local ontology. We developed the OWL2RDB mapping language to create an intermediate layer between a relational database and the OWL ontology. This intermediate layer contains rules (expressed in the OWL2RDB language) for mapping between the structural elements of a relational database and the concepts of OWL ontologies. We also present a system that uses the OWL2RDB intermediate layer to create classes that can handle ontology instances stored in relational databases. We have developed a prototype for a tool that uses this proposed approach for the automatic generation of translator/wrapper components in the GeoNis interoperability environment. Copyright © 2012 John Wiley & Sons, Ltd."
DBpedia SPARQL benchmark - performance assessment with real queries on real data,"Morsey, M. (1); Lehmann, J. (1); Auer, S. (1); Ngomo, A.-C.N. (1) ",The Semantic Web. Proceedings 10th International Semantic Web Conference (ISWC 2011),2011,English,10.1007/978-3-642-25073-6_29,"Triple stores are the backbone of increasingly many Data Web applications. It is thus evident that the performance of those stores is mission critical for individual projects as well as for data integration on the Data Web in general. Consequently, it is of central importance during the implementation of any of these applications to have a clear picture of the weaknesses and strengths of current triple store implementations. In this paper, we propose a generic SPARQL benchmark creation procedure, which we apply to the DBpedia knowledge base. Previous approaches often compared relational and triple stores and, thus, settled on measuring performance against a relational database which had been converted to RDF by using SQL-like queries. In contrast to those approaches, our benchmark is based on queries that were actually issued by humans and applications against existing RDF data not resembling a relational schema. Our generic procedure for benchmark creation is based on query-log mining, clustering and SPARQL feature analysis. We argue that a pure SPARQL benchmark is more useful to compare existing triple stores and provide results for the popular triple store implementations Virtuoso, Sesame, Jena-TDB, and BigOWLIM. The subsequent comparison of our results with other benchmark results indicates that the performance of triple stores is by far less homogeneous than suggested by previous benchmarks."
Ontology and database schema: What's the difference?,"Uschold, Michael (1) ",Applied Ontology,2015,English,10.3233/AO-150158,"This paper analyzes the similarities and differences between an ontology (focused on meaning), and a database schema (focused on data). We address questions about purpose, representation, creation, usage and semantics of each. We distill out twenty-five features that characterize these two representational artifacts, the majority of which are relevant to both. Each has a strong semantic heritage using formal logic to build conceptual models of some subject matter. And while there are differences in 90% of the features, the differences are mostly historical, not technical. We identify pros and cons for each, and notice that there is usually no free lunch. The disadvantage that you think you are getting rid of may show up elsewhere in a different and unexpected way. We close by considering how ontology contributes to enterprise data integration. The emergence of using URIs as global identifiers (e.g. in OWL) dramatically enhances data integration as well as schema reuse and sharing. The primary focus on meaning helps ontology break through a lot of unnecessary complexity that exists in large traditional databases and greatly simplifies the process of integration. Ontology is providing a glimmer of light at the end of the tunnel for enterprise-wide data integration. © 2015 - IOS Press and the authors. All rights reserved."
Interactive Pay as You Go Relational-to-Ontology Mapping,"Pinkel, C. (1) ",The Semantic Web - ISWC 2013. 12th International Semantic Web Conference. Proceedings: LNCS 8219,2013,English,10.1007/978-3-642-41338-4_31,"Ontology Based Data Access (OBDA) enables access to relational data with a complex structure through ontologies as conceptual domain models. To this end, mappings are required. A key aim of OBDA is to facilitate access to data with a complex structure. Ironically, though, in today's existing OBDA systems mappings typically need to be compiled by hand, which is a complex and labor intensive task.Additionally, existing semi-automatic mapping approaches suffer from high human effort for cleaning up results. Fully automatic approaches, on the other side, suffer from a lack of precision and/or recall. In setups where the correctness of query results is crucial but the initial human effort must still be kept be small as possible, neither approach is acceptable. This situation calls for a guided, pay as you go feedback process for human mapping validation.We envision a comprehensive suite of methods and techniques that work well with one another in a seamless mapping process and support mapping construction in the context of OBDA. This suite will in part consist of a recombination and adaptation of various existing methods, but will also comprise newly devised algorithms and techniques."
WF2OML: A modeling language for mapping web forms to ontology,"Chen, Lei (1, 2); Xu, Zhuoming (1); Ni, Lixian (1) ","Proceedings - 2013 10th Web Information System and Application Conference, WISA 2013",2013,English,10.1109/WISA.2013.92,"Deep Web databases contain huge amounts of data that can only be accessed via the front-end Web form queries. Since query clients cannot directly issue SPARQL queries against the Deep Web databases, Semantic Web applications cannot take advantage of this information resource. Recently, many RDB2RDF mapping tools, relying on mapping languages such as W3C's R2RML, provide the ability to view existing relational databases in the RDF model, and offer a virtual SPARQL endpoint over the mapped relational data. However, these mapping languages require the information provider to expose the underlying information structure, and to reconstruct the Web site. In this paper we propose a modeling language, WF2OML, for mapping Web forms to OWL or RDFS ontologies. Based on the WF2OML mapping, SPARQL endpoint queries against the back-end database of the Web form can be achieved. We introduce WF2OML, propose the architecture and algorithm design ideas of a WF2OML-based SPARQL query system, and demonstrate a mapping example using our implemented prototype. The experimental results on real-life Web form query sites (e.g., Amazon.com) confirm the feasibility of the proposed method. © 2013 IEEE."
Querying Heterogeneous Property Graph Data Sources based on a Unified Conceptual View,"Fathy, N. (1); Gad, W. (1); Badr, N. (1); Hashem, M. (2) ",ICSIE 2020: Proceedings of the 2020 9th International Conference on Software and Information Engineering (ICSIE),2020,English,10.1145/3436829.3436855,"With the great success of NoSQL (Not only SQL) databases, data becomes more heterogeneous than ever. Hence, it is essential to provide solutions to integrate such heterogeneous databases and facilitate accessing them. This paper proposes an Ontology Based Data Access (OBDA) approach to query NoSQL property graph databases using SPARQL language. This allows users to access diverse data sources with the same query through a unified conceptual view (ontology). The proposed work goes through an offline phase to map the property graph data model to a unified ontology model. This is done by proposing hybrid relational graph algebra expressions. Then, an online phase starts when the user submits a SPARQL query. The submitted query is translated into the property graph declarative query language, Cypher. The translated query is then executed on the target property graph database and query results are presented to users in a unified format."
Querying Temporal Databases via OWL 2 QL,"Klarman, S. (1); Meyer, T. (1) ","Web Reasoning and Rule Systems. 8th International Conference, RR 2014. Proceedings: LNCS 8741",2014,English,10.1007/978-3-319-11113-1_7,"SQL:2011, the most recently adopted version of the SQL query language, has unprecedentedly standardized the representation of temporal data in relational databases. Following the successful paradigm of ontology-based data access, we develop a practical approach to querying the SQL:2011-based temporal data model via the semantic layer of OWL 2 QL. The interval-based temporal query language (TQL), which we propose for this task, is based on naturally characterizable combinations of temporal logic with conjunctive queries. As the central contribution, we present rules for sound and complete rewriting of TQL queries into two-sorted first-order logic, and consequently, into corresponding SQL queries, which can be evaluated in any existing relational database management system compliant with the SQL:2011 temporal data model. Importantly, the proposed rewriting is based on the direct reuse of the standard rewriting techniques for conjunctive queries under OWL 2 QL. This renders our approach modular and easily implementable. As a notable corollary, we show that the data complexity of TQL query answering remains in AC0, i.e., as in the usual, non-temporal case."
Using the Linked Data for Building of the Production Capacity Planning System of the Aircraft Factory,"Yarushkina, Nadezhda (1); Romanov, Anton (1); Filippov, Aleksey (1) ",Advances in Intelligent Systems and Computing,2020,English,10.1007/978-3-030-50097-9_68,"The basic principles of data consolidation of the production capacities planning system of the large industrial enterprise are formulated in this article. The article describes an example of data consolidation process of two relational databases (RDBs). The proposed approach involves using of ontological engineering methods for extracting metadata (ontologies) from RDB schemas. The research contains an analysis of approaches to the consolidation of RDBs at different levels. The merging of extracted metadata is used to organize the data consolidation process of several RDBs. The difference between the traditional and the proposed data consolidation algorithms is shown, their advantages and disadvantages are considered. The formalization of the integrating data model as system of extracted metadata of RDB schemas is described. Steps for integrating data model building in the process of ontology merging is presented. An example of the integrating data model building as settings for data consolidation process confirms the possibility of practical use of the proposed approach in the data consolidation process. © 2020, Springer Nature Switzerland AG."
morph-LDP: An R2RML-based linked data platform implementation,"Mihindukulasooriya, Nandana (1, 2); Priyatna, Freddy (2); Corcho, Oscar (2); García-Castro, Raúl (1, 2); Esteban-Gutiérrez, Miguel (1, 2) ",Lecture Notes in Computer Science (including subseries Lecture Notes in Artificial Intelligence and Lecture Notes in Bioinformatics),2014,English,10.1007/978-3-319-11955-7_59,"The W3C Linked Data Platform (LDP) candidate recommendation defines a standard HTTP-based protocol for read/write Linked Data. The W3C R2RML recommendation defines a language to map relational databases (RDBs) and RDF. This paper presents morph- LDP, a novel system that combines these two W3C standardization initiatives to expose relational data as read/write Linked Data for LDPaware applications, whilst allowing legacy applications to continue using their relational databases. © Springer International Publishing Switzerland 2014."
Framework for automatically construct ontology knowledge base from semi-structured datasets,"Baek, Gui-Hyun (1); Kim, Su-Kyoung (1); Ahn, Ki-Hong (1) ","2015 10th International Conference for Internet Technology and Secured Transactions, ICITST 2015",2015,English,10.1109/ICITST.2015.7412077,"This paper propose the method to dynamically construct optimized ontology knowledge base (KB) using ontology schema model from semi-structured datasets based RDM (relational data model). In order to enhance a big data analysis ability, it must be provided classification or analysis method based on context and meaning. Also recently, for providing high-level services on IoT environment, necessity of a semantic interaction between objects is emphasizing. An existing RDB is difficult to share or interact a various data. Besides, they are impediment in a contextual big data analysis or an interaction between individuals of IoT environment, because they has been operating by features of RDM that constructed a metadata or schema about domain. Therefore, a studies in constructing ontology KB that is possible contextual and semantic representation from existing RDB is in progress, as a result, typically, R2RML was published by W3C RDB2RDF Working Group. But, existing a mapping language can be limited, when RDB is not normalized (such as, 1NF), or when a semi-structured data provided (e.g. spreadsheet, text of key-value type (such as JSON), text of XML type etc.). Therefore, it has been requiring method that construct ontology KB from semi-structured datasets. We proposed a CVI (Cell-Value Importer) and a TTG (Transformation Table Generator) for dynamically importing value at semi-structured data. Also, we defined a Property Expression (PropertyExp) for describing mapping information by intuitive and concise sentence. Finally, we show that our design satisfied 10 of all 14 possible features of mapping languages [1] through testing by that constructed ontology KB from research equipment semi-structured dataset, after we implement prototype of this framework based JDK Environment. © 2015 Infonomics Society."
Deep semantic integration for information system,Zhenxin Qu (1); Shengqun Tang (2) ,2009 International Conference on Computational Intelligence and Natural Computing (CINC),2009,English,10.1109/CINC.2009.94,"When applied semantic integration technology to databases, common method is to rewrite semantic query into SQL statements, while only RDFs vocabularies are supported at most. Semantics having been realized is weak. A more perfect algorithm inherited from the idea of rewriting semantic query is proposed, a sub set of OWL is supported, and semantics having been supported is more deep than ever. Ontology and query all are transformed into graphs, semantic match is done. Applying breadth-first search on match result, SQL statements will be generated. A case is designed to exemplify it, which shows that some OWL constructors have been supported."
Data integration through DL-LiteA ontologies,"Calvanese, Diego (1); De Giacomo, Giuseppe (2); Lembo, Domenico (2); Lenzerini, Maurizio (2); Poggi, Antonella (2); Rosati, Riccardo (2); Ruzzi, Marco (2) ",Lecture Notes in Computer Science (including subseries Lecture Notes in Artificial Intelligence and Lecture Notes in Bioinformatics),2008,English,10.1007/978-3-540-88594-8-2,"The goal of data integration is to provide a uniform access to a set of heterogeneous data sources, freeing the user from the knowledge about where the data are, how they are stored, and how they can be accessed. One of the outcomes of the research work carried out on data integration in the last years is a clear conceptual architecture, comprising a global schema, the source schema, and the mapping between the source and the global schema. In this paper, we present a comprehensive approach to, and a complete system for, ontology-based data integration. In this system, the global schema is expressed in terms of a TBox of the tractable Description Logics , the sources are relations, and the mapping language allows for expressing GAV sound mappings between the sources and the global schema. The mapping language has specific mechanisms for addressing the so-called impedance mismatch problem, arising from the fact that, while the data sources store values, the instances of concepts in the ontology are objects. By virtue of the careful design of the various languages used in our system, answering unions of conjunctive queries can be done through a very efficient technique (LogSpace with respect to data complexity) which reduces this task to standard SQL query evaluation. We also show that even very slight extensions of the expressive abilities of our system lead beyond this complexity bound. © 2008 Springer Berlin Heidelberg."
A scalable ontology reasoner via incremental materialization,"Rabbi, F. (1); MacCaull, W. (1); Faruqui, R.U. (2) ",Proceedings of the 26th IEEE International Symposium on Computer-Based Medical Systems (CBMS),2013,English,10.1109/CBMS.2013.6627792,"Ontology based knowledge management systems have a lot of potential: their applicability ranges from artificial intelligence, e.g., for knowledge representation and natural language processing, to information integration and retrieval systems, requirements analysis, and, most lately, to semantic web applications and workflow management systems. However the huge complexity of reasoning for ontologies with large TBoxes and/or ABoxes is often a barrier to their applicability in real-world settings especially those which are time sensitive. Materialization is a promising solution for scalable reasoning over ontologies with large ABoxes as it derives the implicit knowledge of an ontology and makes it available in a relational database. Although materialization can reduce the query answering time of an ontology, it has limitations in applications which require frequent update to the knowledge base. To overcome this problem, we developed a tool for incremental materialization which identifies the fragment of the ontology that needs to be updated due to the ABox or TBox change, thereby reducing the complexity of the exhaustive forward chaining required."
Implementation of ontology extraction oriented to non-normalized database,"Cui, Shi Chao (1); Li, Ying (1); Wang, Yong Bin (1) ",Advanced Materials Research,2013,English,10.4028/www.scientific.net/AMR.756-759.1489,"Ontology has be applied in many fields, such as data integration, system interoperability, etc. At present, there are many ontology extraction methods based on relational database, but they all assume that the database schema is at least in third normal form (3NF). A set of improved rules to extract ontology is presented in this paper. The ontology generated is described with the OWL language. Compared with other existing methods, this approach can be able to identify a variety of strategies about non-normalized design of relational databases and deal with them, while none of existing methods can identify all of them. The results show that our method provides a more accurate process of ontology learning from non-normalized relational database. © (2013) Trans Tech Publications, Switzerland."
Towards large-scale probabilistic OBDA,"Schoenfisch, J. (1); Stuckenschmidt, H. (1) ","Scalable Uncertainty Management 9th International Conference, SUM 2015. Proceedings: LNCS 9310",2015,English,10.1007/978-3-319-23540-0_8,"Ontology-based Data Access has intensively been studied as a very relevant problem in connection with semantic web data. Often it is assumed, that the accessed data behaves like a classical database, i.e. it is known which facts hold for certain. Many Web applications, especially those involving information extraction from text, have to deal with uncertainty about the truth of information. In this paper, we introduce an implementation and a benchmark of such a system on top of relational databases. Furthermore, we propose a novel benchmark for systems handling large probabilistic ontologies. We describe the benchmark design and show its characteristics based on the evaluation of our implementation."
Semantic data querying over NoSQL databases with apache spark,"Hassan, Mahmudul (1); Bansal, Srividya K. (1) ","Proceedings - 2018 IEEE 19th International Conference on Information Reuse and Integration for Data Science, IRI 2018",2018,English,10.1109/IRI.2018.00061,"The rapid growth of semantic data in the form of RDF triples demands a scalable distributed storage and efficient query processing engine for its management and reuse. To overcome the limitation of native RDF stores and traditional relational database management systems and scale adequately with the exponential increase in the size of RDF datasets, Big Data processing infrastructure like Hadoop with MapReduce have been used. NoSQL databases such as HBase and Cassandra for storing large-scale RDF data and in-memory data processing to execute SPARQL query as SQL query using Apache Spark is proposed in this paper. This paper presents techniques for distributed RDF data storage and querying schemes for HBase and Cassandra clusters. We also present a compiler that translates SPARQL queries into their Spark SQL equivalent for execution. An empirical comparison of HBase and Cassandra systems using datasets and queries from Berlin SPARQL Benchmark (BSBM) and SPARQL Performance Benchmark (SP2Bench) on Microsoft Azure cloud is presented. © 2018 IEEE."
Ontology-based semantic integration of GML spatial information,"Zhou, Jiaogen (1); Guan, Jihong (2, 3); Zhu, Fubao (3); Zhou, Shuigeng (4); Li, Pingxiang (5) ",Proceedings of SPIE - The International Society for Optical Engineering,2006,English,10.1117/12.712690,"GML is an XML encoding for the modeling, transport and storage of geographic information, which has been making a significant influential on the ability of organizations to share geographic information among their Web based GIS applications. Ontology has been acknowledged to be the kernel methodology for capturing and sharing semantics of spatial information. This paper proposes a framework for integrating spatial information based on GML schema matching by using ontology technologies, in which GML is adopted as the common format for spatial information wrapping and mediation, and ontology is used to overcome the heterogeneity when matching different GML schemas. A prototype is also implemented based on the proposed framework."
GTFS-Madrid-Bench: A benchmark for virtual knowledge graph access in the transport domain,"Chaves-Fraga, David (1); Priyatna, Freddy (1); Cimmino, Andrea (1); Toledo, Jhon (1); Ruckhaus, Edna (1); Corcho, Oscar (1) ",Journal of Web Semantics,2020,English,10.1016/j.websem.2020.100596,"A large number of datasets are being made available on the Web using a variety of formats and according to diverse data models. Ontology Based Data Integration (OBDI) has been traditionally proposed as a mechanism to facilitate access to such heterogeneous datasets, providing a unified view over their data by means of ontologies. Recently, the term 'Virtual Knowledge Graph Access' has begun to be used to refer to the mechanisms that provide query-based access to knowledge graphs virtually generated from heterogeneous data sources. Several OBDI engines exist in the state of the art, with overlapping capabilities but also clear differences among them (in terms of the data formats that they can deal with, mapping languages that they support, query expressivity that they allow, etc.). These engines have been evaluated with different testbeds and benchmarks. However, their heterogeneity has made it difficult to come up with a common comprehensive benchmark that allows for comparisons among them to facilitate their selection by practitioners, and more importantly, for their continuous improvement by the teams that maintain them. In this paper we present GTFS-Madrid-Bench, a benchmark to evaluate OBDI engines that can be used for the provision of access mechanisms to virtual knowledge graphs. Our proposal introduces several scenarios that aim at measuring the query capabilities, performance and scalability of all these engines, considering their heterogeneity. The data sources used in our benchmark are derived from the GTFS data files of the subway network of Madrid. They have been transformed into several formats (CSV, JSON, SQL and XML) and scaled up. The query set aims at addressing a representative number of SPARQL 1.1 features while covering usual queries that data consumers may be interested in. © 2020 The Authors"
A semantic approach to polystores,"Kharlamov, E.; Mailis, T.; Bereta, K.; Bilidas, D.; Brandt, S.; Jimenez-Ruiz, E.; Lamparter, S.; Neuenstadt, C.; Ozcep, O.; Soylu, A.; Svingos, C.; Xiao, G.; Zheleznyakov, D.; Calvanese, D.; Horrocks, I.; Giese, M.; Ioannidis, Y.; Kotidis, Y.; Moller, R.; Waaler, A. ",2016 IEEE International Conference on Big Data (Big Data). Proceedings,2016,English,10.1109/BigData.2016.7840898,"In the database community Polystores is an emerging and promising approach for data federation that aims at designing a unified querying layer over multiple data models. In the Semantic Web community a similar in spirit approach of Ontology-Based Data Access (OBDA) has been recently proposed, attracted a lot of attention, and proved its success in several industrial scenarios. In this paper we discuss a semantic approach to building polystores using the OBDA paradigm. We also present our system Optique that is utilized in an industrial application of performing turbine diagnostics in Siemens."
A building method of virtual knowledge base based on ontology mapping,"Li, Huayu (1); Zhang, Xiaoming (2) ",Advances in Intelligent and Soft Computing,2011,English,10.1007/978-3-642-25661-5_73,"For distributed relational data sources in oilfield domain, we propose a semantic integration method of building virtual knowledge base using ontology mapping technology. In this method, two kinds of mappings are created and two ontologies designed specially to record these mappings, by which semantic query can be rewritten into SQL statements to be executed on data sources, and results will be returned as knowledge instances. Moreover, a knowledge exchange center is provided to cache some results to improve query efficiency. Since query results directly come from data sources rather than by instances transformation, this query-driven integration system can provide a unified, virtual knowledge base which can be served to achieve decision support for oilfield production. © 2011 Springer-Verlag Berlin Heidelberg."
Development of a Novel Semantic-based System Integration Framework,"Banhalmi, A. (1); Paczolay, D. (1); Vegh, A.Z. (1); Antal, G. (1); Bilicki, V. (1) ",2013 3rd Eastern European Regional Conference on the Engineering of Computer-Based Systems,2013,English,10.1109/ECBS-EERC.2013.11,"It is a frequent problem in system development when various different systems with similar functionality have to be integrated together. System integration generally means accessing, sharing and exchanging data among applications. This data sharing can be achieved by implementing interfaces for communication and data exchange, and services for all the applications to be integrated. However, this solution requires a large amount of human resources for software development and refactoring. Here, a novel framework is proposed for data integration that makes the process much simpler by generating all the source code needed for querying data of an integrated system. The proposed framework is based on two ontology mediators, namely, a local ontology generated for the data source to be integrated, and a global or central ontology for the common query interface. This way, the integration process is reduced to finding automatically or semi-automatically the mapping between the concepts of local and global ontologies. If this semantic matching is performed, then all the predefined SPARQL queries of global ontology will be rewritten automatically to queries belonging to data sources to be integrated. Hence, the differences between the systems to be integrated will appear just in the DAO (Data Access Object) layer that is generated according to the ontology alignments. The proposed integration technique does not need any program coding in practice (only visual concept matching has to be done semi-automatically), so the productivity of integration software development can be improved significantly. To demonstrate our concept, our novel framework is applied to real-world integration tasks. In this paper, the framework, methodology, experiences and some measurements relating to the productivity will be presented and discussed."
Crowd Sourced Semantic Enrichment (CroSSE) for knowledge driven querying of digital resources,"Cavallo, G. (1); Di Mauro, F. (1); Pasteris, P. (1); Sapino, M.L. (1); Candan, K.S. (2) ",Journal of Intelligent Information Systems: Integrating Artificial Intelligence and Database Technologies,2019,English,10.1007/s10844-019-00559-8,"Today, most information sources provide factual, objective knowledge, but they fail to capture personalized contextual knowledge which could be used to enrich the available factual data and contribute to their interpretation, inthecontextoftheknowledgeoftheuserwhoqueriesthesystem. This would require a knowledge framework which can accommodate both objective data and semantic enrichments that capture user provided knowledge associated to the factual data in the database. Unfortunately, most conventional DBMSs lack the flexibilities necessary (a) to prevent the data and metadata, evolve quickly with changing application requirements and (b) to capture user-provided and/or crowdsourced data and knowledge for more effective decision support. In this paper, we present CrowdSourced Semantic Enrichment (CroSSE) knowledge framework which allows traditional databases and semantic enrichment modules to coexist. CroSSE provides a novel Semantically Enriched SQL (SESQL) language to enrich SQL queries with information from a knowledge base containing semantic annotations. We describe CroSSE and SESQL with examples taken from our SmartGround EU project."
A Language for Ontology-based Metamodeling Systems,"Jean, S. (1); Aït-Ameur, Y. (1); Pierra, G. (1) ","Advances in Databases and Information Systems. Proceedings 14th East European Conference, ADBIS 2010",2010,English,10.1007/978-3-642-15576-5_20,"Nowadays, metamodeling techniques and ontologies play a central role in many computer science problems such as data exchange, integration of heterogeneous data and models or software reuse. Yet, if many metamodeling repositories and ontology repositories have been proposed, few attempts have been made to combine their advantages into a single repository with a dedicated language. In this paper, we present the capabilities of the OntoQL language for managing the various levels of information stored in a metamodeling systems where (1) both data, models and metamodels are available and (2) semantic descriptions are provided using ontologies. Some of the main characteristics of OntoQL are: management of the metamodel level using the same operators as the ones applied to data and to model levels, semantic queries through ontologies and SQL compatibility. We report several applications where this language has been extensively and successfully used."
A relational recommender system based on domain ontology,"Kapusuzoglu, Hikmet (1); Ögüdücü, S¸ule Gündüz (1) ","Proceedings - 2011 International Conference on Emerging Intelligent Data and Web Technologies, EIDWT 2011",2011,English,10.1109/EIDWT.2011.15,"Product recommendation on electronic commerce Web sites becomes more important with the widespread use of Internet-based shopping. Collaborative filtering and content based filtering methods have been commonly used for this task by electronic commerce Web sites. These methods have several shortcomings, such as cold start problem, biased ratings problem or inaccurate recommendations. In order to produce effective and accurate recommendations, recent approaches utilize the semantic properties of data by integrating the domain ontology into the recommendation process. In these studies, the domain ontology covering only the types and properties of the product to be recommended is considered where the relational nature of the product data is omitted. However, the domain ontology of the features related to the product may also provide useful information during recommendation process. In this study, we focus on integrating the domain ontology of relational data into the recommendation process. We design a framework for an easy implementation of a recommendation system on relational data. Using this framework, we implement as a case study a recommendation model that recommends books to the users. We evaluated the performance of our model on real data obtained from a Turkish Internet book store. Our experimental results show that our proposed method can be effectively used for recommending items in relational data. © 2011 IEEE."
Engineering optimisations in query rewriting for OBDA,"Mora, Jose (1); Corcho, Oscar (1) ",ACM International Conference Proceeding Series,2013,English,10.1145/2506182.2506188,"Ontology-based data access (OBDA) systems use ontologies to provide views over relational databases. Most of these systems work with ontologies implemented in description logic families of reduced expressiveness, what allows applying efficient query rewriting techniques for query answering. In this paper we describe a set of optimisations that are applicable with one of the most expressive families used in this context (ELHIO). Our resulting system exhibits a behaviour that is comparable to the one shown by systems that handle less expressive logics. © 2013 ACM."
Generating executable mappings from RDF data cube data structure definitions,"Debruyne, Christophe (1); Lewis, Dave (1); O’Sullivan, Declan (1) ",Lecture Notes in Computer Science (including subseries Lecture Notes in Artificial Intelligence and Lecture Notes in Bioinformatics),2018,English,10.1007/978-3-030-02671-4_21,"Data processing is increasingly the subject of various internal and external regulations, such as GDPR which has recently come into effect. Instead of assuming that such processes avail of data sources (such as files and relational databases), we approach the problem in a more abstract manner and view these processes as taking datasets as input. These datasets are then created by pulling data from various data sources. Taking a W3C Recommendation for prescribing the structure of and for describing datasets, we investigate an extension of that vocabulary for the generation of executable R2RML mappings. This results in a top-down approach where one prescribes the dataset to be used by a data process and where to find the data, and where that prescription is subsequently used to retrieve the data for the creation of the dataset 'just in time'. We argue that this approach to the generation of an R2RML mapping from a dataset description is the first step towards policy-aware mappings, where the generation takes into account regulations to generate mappings that are compliant. In this paper, we describe how one can obtain an R2RML mapping from a data structure definition in a declarative manner using SPARQL CONSTRUCT queries, and demonstrate it using a running example. Some of the more technical aspects are also described. © Springer Nature Switzerland AG 2018."
Business process driven ontology discovery method from distributed data environment,"Xu, Boyi (1); Wu, Jiahong (2); Cai, Hongming (2) ","Proceedings - 2011 8th International Conference on Fuzzy Systems and Knowledge Discovery, FSKD 2011",2011,English,10.1109/FSKD.2011.6019626,"Ontology is considered to be one formal description of domain knowledge which is often defined by experts manually. Ontology technique plays an important role in data integrating and semantic web searching. However, it is a hard work for experts to abstract ontology network for complex application, especially from the heterogeneous data sources. In this paper, automatic ontology discovery method is researched to generate local ontology network from relational data base schema. The data column characteristic, primary key and foreign key relations of the separated data base dictionary are analyzed. Then, ontology reasoning is used to eliminate the inconsistence among the distributed ontology networks. Business process driven method is proposed to merge the local ontology network into a global ontology network to reflect the enterprise knowledge. Finally, the method is demonstrated in a hospital ontology system constructing. The result shows that ontology discovery method could abstract initial ontology efficiently from data base and the local ontology could be combined to enterprise global ontology. © 2011 IEEE."
Evaluation of NoSQL graph databases for querying and versioning of engineering data in multi-disciplinary engineering environments,"Mordinyi, R. (1); Schindler, P. (1); Biffl, S. (1) ",2015 IEEE 20th Conference on Emerging Technologies & Factory Automation (ETFA),2015,English,10.1109/ETFA.2015.7301486,"In the context of large engineering projects the effective and efficient exchange and versioning of information from different engineering disciplines is essential. Semantic data integration approaches provide the necessary means to overcome the gap between heterogeneous local engineering tool concepts and common project-level concepts which enable the mapping of engineering data coming from different disciplines. However, evaluations have shown that ontology-based stores do not satisfy versioning and query performance criteria in case of large multi-disciplinary engineering projects. In this paper, we present an architecture solution that uses ontologies to describe engineering models and a NoSQL graph database to version individuals. We evaluate the software architectures according to quality attributes, i.e., performance and scalability, in the context of an industrial scenarios, and compare it with related approaches. Main results suggest that the architecture outperforms ontology stores and match solutions relying on relational databases."
grlc Makes GitHub Taste Like Linked Data APIs,"Meroño-Peñuela, A. (1); Hoekstra, R. (1) ","The Semantic Web, ESWC 2016: Satellite Events. Revised Selected Papers: LNCS 9989",2016,English,10.1007/978-3-319-47602-5_48,"Building Web APIs on top of SPARQL endpoints is becoming common practice. It enables universal access to the integration favorable data space of Linked Data. In the majority of use cases, users cannot be expected to learn SPARQL to query this data space. Web APIs are the most common way to enable programmatic access to data on the Web. However, the implementation of Web APIs around Linked Data is often a tedious and repetitive process. Recent work speeds up this Linked Data API construction by wrapping it around SPARQL queries, which carry out the API functionality under the hood. Inspired by this development, in this paper we present grlc, a lightweight server that takes SPARQL queries curated in GitHub repositories, and translates them to Linked Data APIs on the fly."
Research on an integrated model of information resources based on ontology in the power system,"Wang, BaoYi (1); Zhou, Wei (1); Zhang, ShaoMin (1) ",Advances in Intelligent and Soft Computing,2012,English,10.1007/978-3-642-27951-5_7,"With the development of the electric power informatization,the problem of data integration is becoming more and more serious. Due to lack of overall planning and design, it is difficult to make system integration for the characteristics such as numerous information islands, heterogeneous database, and the low information integration level. In view of the above questions this paper has proposed a power system integrated research method based on ontology. This paper discusses the mapping between the Local Ontology and the data sources. Firstly we discuss how to convert from the relational database schema to OWL ontology, then give a corresponding conversion algorithm, finally the algorithm is proved to be feasible by an application example. © 2012 Springer-Verlag GmbH."
An efficient ontology approach for organizing and mapping deep web resources,"Hlaing, Su Su (1); Hla, Khin Hay Mar Saw (1) ","2010 The 2nd International Conference on Computer and Automation Engineering, ICCAE 2010",2010,English,10.1109/ICCAE.2010.5451959,"To enable effective access to databases on the Web, it is critical to integrate the large scale deep Web sources. Therefore, schema matching is a basic problem in many database application domains, such as data integration, E-business, data warehousing, and semantic query processing. In current implementations, schema matching has some significant limitations until now. And also, there are some problems of the interfaces which often have some hidden regularities over many sources. These regularities can be essentially leveraged in enabling semantics discover of schema matching. In this paper, we focus on the specific problem of semantic heterogeneity between schema matching. We propose a clustering algorithm to organize similar sources with metadata-labeling. Our system includes a same model representation for all relational databases schemas with their own ontologies. In this paper, we represent the experimental results of semantic mapping for two schemas. ©2010 IEEE."
Exclusive technique for stocking and probing data table integration using the Internet,"Divya, T. (1); Nithya, M. (1) ",2014 International Conference on Information Communication and Embedded Systems (ICICES),2014,English,10.1109/ICICES.2014.7033787,"The highly successful architecture and protocols of today's Internet may operate poorly in environments characterized by very long delay paths. People are great sources of unique information, especially that which is location-specific, community-specific and time-specific. We extant the design of ONDINE system which allows the loading and the querying of a data warehouse opened on the Web, directed by an Ontological and Terminological Resource (OTR). The ONtology-based Data INtEgration (ONDINE), using the semantic Web framework and language recommendations, which implement the entire management system, to supplement existing local data sources with data tables which have been extracted from Web documents. ONDINE system trusts on an Ontological and Terminological Resource (OTR). In Chief, we present the main steps of our semiautomatic method to annotate data tables driven by an OTR. The output of this method is an XML/RDF data warehouse composed of XML documents representing data tables with their fuzzy RDF annotations. This system relies on SPARQL and allows approximate answers to be retrieved. to compare old and new data, if there is any modification occurs, then the new document updated as the RDF file."
Query answering over complete data with conceptual constraints,"Ngo, Nhung (1) ",Proceedings of the ACM SIGMOD International Conference on Management of Data,2016,English,10.1145/2926693.2929899,"Query answering over databases with conceptual constraints is an important problem in database theory. To deal with the problem, the ontology-based data access approach uses ontologies to capture both constraints and databases. In this approach, databases are considered under open-world assumption which creates many issues including the necessity of restricting to only positive queries, and the failure of query composition. In our research, we focus on a combined approach that allows data in databases stays completely as under closed-world assumption while knowledge providing by conceptual constraints can be incomplete. We first study the complexity of query answering problem under description logic constraints in the presence of complete data and show that complete data makes query answering become harder than query answering over incomplete data only. We then provide a query rewriting technique that supports deciding the existence of a safe-range first-order equivalent reformulation of a query in terms of the database schema, and if so, it provides an effective approach to construct the reformulation. Since the reformulation is a safe-range formula, it is effectively executable as an SQL query. At the end, we study the definability abduction problem which aims to characterize the least committing extensions of conceptual constraints to gain the exact rewritable of queries. We also apply this idea to data exchange-where we want to characterize the case of lossless transformations of data. © 2016 ACM."
Web-based graphical querying of databases through an ontology: The Wonder system,"Calvanese, Diego (1); Keet, C. Maria (1); Nutt, Werner (1); Rodríguez-Muro, Mariano (1); Stefanoni, Giorgio (1) ",Proceedings of the ACM Symposium on Applied Computing,2010,English,10.1145/1774088.1774384,"Biological scientists have made large amounts of data available on the Web, which can be accessed by canned or precomputed queries presented via web forms. To satisfy further information needs, users currently have to have a good understanding of SQL and how the data is stored in the database. While accessing information at the ontological layer seems more appropriate, this poses two challenges: (1) to query data in databases and triple stores through an ontology with little performance overhead, and (2) to provide an intuitive web-based access to users that are not IT experts. To address these issues, we draw upon the theory and technology developed for Ontology-Based Data Access for DL-Lite. With an OWL ontology and the DIG-QuOnto reasoner as building blocks, we have developed an application that allows for graphical ontology browsing, query formulation, and answer retrieval via a Web browser. We have evaluated our system for Web-ONtology baseD Extraction of Relational data (Wonder) with an existing large genomics database about horizontal gene transfer and found that it meets both the scalability and the usability requirements. © 2010 ACM."
VIG: Data scaling for OBDA benchmarks,"Lanti, D. (1); Guohui Xiao (1); Calvanese, D. (1) ","Semantic Web - Interoperability, Usability, Applicability",2019,English,10.3233/SW-180336,"In this paper we describe vig, a data scaler for Ontology-Based Data Access (OBDA) benchmarks. Data scaling is a relatively recent approach, proposed in the database community, that allows for quickly scaling an input data instance to s times its size, while preserving certain application-specific characteristics. The advantages of the scaling approach are that the same generator is general, in the sense that it can be re-used on different database schemas, and that users are not required to manually input the data characteristics. In the vig system, we lift the scaling approach from the pure database level to the OBDA level, where the domain information of ontologies and mappings has to be taken into account as well. vig is efficient and notably each tuple is generated in constant time. To evaluate vig, we have carried out an extensive set of experiments with three datasets (BSBM, DBLP, and NPD), using two OBDA systems (Ontop and D2RQ), backed by two relational database engines (MySQL and PostgreSQL), and compared with real-world data, ad-hoc data generators, and random data generators. The encouraging results show that the data scaling performed by vig is efficient and that the scaled data are suitable for benchmarking OBDA systems."
A FCA-based approach to data integration in the university information system,"Liu, Yong (1); Li, Xueqing (2) ",Lecture Notes in Electrical Engineering,2014,English,10.1007/978-94-007-7618-0_74,"The relational database is the most widely used data access and organization model in the current system of university education information. It has positive significance for promoting the process of data integration, to be found from the database the corresponding ontology, to build a data model. In this paper, based on the theory of formal concept analysis (FCA) discovers the ontology from a relational database, and tries to establish the data integration model in domain-specific, in order to discover the concept of hierarchical relationships of the data and semantic information more objectively. This method maintains not only the original data semantic relationships of relational database tables, but also the use of the theory of FCA to automatically extract the characteristics of semantic information to improve the quality and reliability of the final data model. Combined with common MIS in the university, the paper uses the proposed method, tries to demonstrate the process of building a title appraisal system data model from relational database query result set (section), and verifies the effectiveness of the method discussed. © Springer Science+Business Media Dordrecht 2014."
Conformance Test Cases for the RDF Mapping Language (RML),"Heyvaert, Pieter (1); Chaves-Fraga, David (2); Priyatna, Freddy (2); Corcho, Oscar (2); Mannens, Erik (1); Verborgh, Ruben (1); Dimou, Anastasia (1) ",Communications in Computer and Information Science,2019,English,10.1007/978-3-030-21395-4_12,"Knowledge graphs are often generated using rules that apply semantic annotations to data sources. Software tools then execute these rules and generate or virtualize the corresponding RDF-based knowledge graph. RML is an extension of the W3C-recommended R2RML language, extending support from relational databases to other data sources, such as data in CSV, XML, and JSON format. As part of the R2RML standardization process, a set of test cases was created to assess tool conformance the specification. In this work, we generated an initial set of reusable test cases to assess RML conformance. These test cases are based on R2RML test cases and can be used by any tool, regardless of the programming language. We tested the conformance of two RML processors: the RMLMapper and CARML. The results show that the RMLMapper passes all CSV, XML, and JSON test cases, and most test cases for relational databases. CARML passes most CSV, XML, and JSON test cases regarding. Developers can determine the degree of conformance of their tools, and users determine based on conformance results to determine the most suitable tool for their use cases. © 2019, Springer Nature Switzerland AG."
Ontop-spatial: Ontop of geospatial databases,"Bereta, K. (1); Guohui Xiao (2); Koubarakis, M. (1) ",Journal of Web Semantics,2019,English,10.1016/j.websem.2019.100514,"In this paper, we propose an OBDA approach for accessing geospatial data stored in relational databases using the R2RML mappings and OGC standard GeoSPARQL. On the theoretical side, we provide a formalization of GeoSPARQL in terms of SPARQL entailment regime. For a practical query answering algorithm, we introduce an extension to the existing SPARQL-to-SQL translation method to support GeoSPARQL features. Our approach has been implemented in the system Ontop-spatial, an extension of the OBDA system Ontop for creating virtual geospatial RDF graphs on top of geospatial relational databases. We present an experimental evaluation of our system using and extending a state-of-the-art benchmark. To measure the performance of our system, we compare it to two state-of-the-art geospatial RDF stores -a free and open-source one, and a commercial one- and confirm its efficiency. [All rights reserved Elsevier]."
On Bounded-Memory Stream Data Processing with Description Logics,"Özçep, Özgür Lütfü (1); Möller, Ralf (1) ",Lecture Notes in Computer Science (including subseries Lecture Notes in Artificial Intelligence and Lecture Notes in Bioinformatics),2019,English,10.1007/978-3-030-22102-7_30,"Various research groups of the description logic community, in particular the group of Franz Baader, have been involved in recent efforts on temporalizing or streamifying ontology-mediated query answering (OMQA). As a result, various temporal and streamified extensions of query languages for description logics with different expressivity were investigated. For practically useful implementations of OMQA systems over temporal and streaming data, efficient algorithms for answering continuous queries are indispensable. But, depending on the expressivity of the query and ontology language, finding an efficient algorithm may not always be possible. Hence, the aim should be to provide criteria for easily checking whether an efficient algorithm exists at all and, possibly, to describe such an algorithm for a given query. In particular, for stream data it is important to find simple criteria that help deciding whether a given OMQA query can be answered with sub-linear space w.r.t. the length of a growing stream prefix. An important special case dealt with under the term 'bounded memory' is that of testing for constant space. This paper discusses known syntactical criteria for bounded-memory processing of SQL queries over relational data streams and describes how these criteria from the database community can be lifted to criteria of bounded-memory query answering in the streamified OMQA setting. For illustration purposes, a syntactic criterion for bounded-memory processing of queries formulated in a fragment of the stream-temporal query language STARQL is given. © 2019, Springer Nature Switzerland AG."
New Intelligent Tools to Adapt NL Interface to Corporate Environments,"Chuprina, S. (1); Postanogov, I. (1) ",Computational Science - ICCS 2019. 19th International Conference. Proceedings: Lecture Notes in Computer Science (LNCS 11540),2019,English,10.1007/978-3-030-22750-0_3,"This paper is devoted to new aspects of Natural Language Interface to Relational Database (NLIDB) integration into third-party corporate environments related to control data access. Because there is no schema information in the input NL query and the different relational database management system (RDBMS) requires different meta-data types and rules to control data access, developers meet a problem addressed to automatic data access control in the case of NL interface implementation to relational databases. In the paper, we suggest a comprehensive approach which takes into account permissions throughout the pipeline of transforming NL query into SQL query with an intermediate SPARQL representation. Our integration solutions based on well-known Ontology Based Data Access (OBDA) approach, which gives us the opportunity to adapt the proposed solutions to the specifics of access control facilities of various RDBMS. Suggested approach has been implemented within intelligent service, named Reply."
KnowID: An Architecture for Efficient Knowledge-Driven Information and Data Access,"Fillottrani, P. (1, 2); Keet, C. (3) ",Data Intelligence,2020,English,10.1162/dint_a_00060,"Modern information systems require the orchestration of ontologies, conceptual data modeling techniques, and efficient data management so as to provide a means for better informed decision-making and to keep up with new requirements in organizational needs. A major question in delivering such systems, is which components to design and put together to make up the required “knowledge to data” pipeline, as each component and process has trade-offs. In this paper, we introduce a new knowledge-to-data architecture, KnowID. It pulls together both recently proposed components and we add novel transformation rules between Enhanced Entity-Relationship (EER) and the Abstract Relational Model to complete the pipeline. KnowID's main distinctive architectural features, compared to other ontology-based data access approaches, are that runtime use can avail of the closed world assumption commonly used in information systems and of full SQL augmented with path queries."
"OBDA: Query Rewriting or Materialization? In Practice, Both!","Sequeda, J.F. (1); Arenas, M. (2); Miranker, D.P. (1) ",The Semantic Web - ISWC 2014. 13th International Semantic Web Conference. Proceedings: LNCS 8796,2014,English,10.1007/978-3-319-11964-9_34,"Given a source relational database, a target OWL ontology and a mapping from the source database to the target ontology, Ontology-Based Data Access (OBDA) concerns answering queries over the target ontology using these three components. This paper presents the development of UltrawrapOBDA, an OBDA system comprising bidirectional evaluation; that is, a hybridization of query rewriting and materialization. We observe that by compiling the ontological entailments as mappings, implementing the mappings as SQL views and materializing a subset of the views, the underlying SQL optimizer is able to reduce the execution time of a SPARQL query by rewriting the query in terms of the views specified by the mappings. To the best of our knowledge, this is the first OBDA system supporting ontologies with transitivity by using SQL recursion. Our contributions include: (1) an efficient algorithm to compile ontological entailments as mappings; (2) a proof that every SPARQL query can be rewritten into a SQL query in the context of mappings; (3) a cost model to determine which views to materialize to attain the fastest execution time; and (4) an empirical evaluation comparing with a state-of-the-art OBDA system, which validates the cost model and demonstrates favorable execution times."
Automatic extraction of ontologies wrapping relational data sources,"Lubyte, Lina (1); Tessaris, Sergio (1) ",Lecture Notes in Computer Science (including subseries Lecture Notes in Artificial Intelligence and Lecture Notes in Bioinformatics),2009,English,10.1007/978-3-642-03573-9_10,"Describing relational data sources (i.e. databases) by means of ontologies constitutes the foundation of most of the semantic based approaches to data access and integration. In spite of the importance of the task this is mostly carried out manually and, to the best of our knowledge, not much research has been devoted to its automatisation. In this paper we introduce an automatic procedure for building ontologies starting from the integrity constraints present in the relational sources. Our work builds upon the wide literature on database schema reverse engineering; however, we adapt these techniques to the specific purpose of reusing the extracted schemata (or ontologies) in the context of semantic data access. In particular, we ensure that the underlying data sources can be queried through the ontologies and the extracted ontologies can be used for semantic integration using recently developed techniques in this area. In order to represent the extracted ontology we adopt a variant of the DLR-Lite description logic because of its ability to express the mostly used modelling constraints, and its nice computational properties. The connection with the relational data sources is captured by means of sound views. Moreover, the adoption of this formal language enables us to prove that the extracted ontologies preserve the semantics of the integrity constraints in the relational sources. Therefore, there is no data loss, and the extracted ontology constitutes a faithful wrapper of the relational sources. © 2009 Springer Berlin Heidelberg."
Construction and application of a knowledge graph,"Hao, Xuejie (1); Ji, Zheng (2); Li, Xiuhong (1); Yin, Lizeyan (3); Liu, Lu (1); Sun, Meiying (1); Liu, Qiang (1); Yang, Rongjin (4) ",Remote Sensing,2021,English,10.3390/rs13132511,"With the development and improvement of modern surveying and remote-sensing technology, data in the fields of surveying and remote sensing have grown rapidly. Due to the characteristics of large-scale, heterogeneous and diverse surveys and the loose organization of surveying and remote-sensing data, effectively obtaining information and knowledge from data can be difficult. Therefore, this paper proposes a method of using ontology for heterogeneous data integration. Based on the heterogeneous, decentralized, and dynamic updates of large surveying and remote-sensing data, this paper constructs a knowledge graph for surveying and remote-sensing applications. First, data are extracted. Second, using the ontology editing tool Protégé, a knowledge graph mode level is constructed. Then, using a relational database, data are stored, and a D2RQ tool maps the data from the mode level’s ontology to the data layer. Then, using the D2RQ tool, a SPARQL protocol and resource description framework query language (SPARQL) endpoint service is used to describe functions such as query and reasoning of the knowledge graph. The graph database is then used to display the knowledge graph. Finally, the knowledge graph is used to describe the correlation between the fields of surveying and remote sensing. © 2021 by the authors. Licensee MDPI, Basel, Switzerland."
OBDA for log extraction in process mining,"Calvanese, Diego (1); Kalayci, Tahir Emre (1); Montali, Marco (1); Santoso, Ario (1) ",Lecture Notes in Computer Science (including subseries Lecture Notes in Artificial Intelligence and Lecture Notes in Bioinformatics),2017,English,10.1007/978-3-319-61033-7_9,"Process mining is an emerging area that synergically combines model-based and data-oriented analysis techniques to obtain useful insights on how business processes are executed within an organization. Through process mining, decision makers can discover process models from data, compare expected and actual behaviors, and enrich models with key information about their actual execution. To be applicable, process mining techniques require the input data to be explicitly structured in the form of an event log, which lists when and by whom different case objects (i.e., process instances) have been subject to the execution of tasks. Unfortunately, in many real world set-ups, such event logs are not explicitly given, but are instead implicitly represented in legacy information systems. To apply process mining in this widespread setting, there is a pressing need for techniques able to support various process stakeholders in data preparation and log extraction from legacy information systems. The purpose of this paper is to single out this challenging, open issue, and didactically introduce how techniques from intelligent data management, and in particular ontology-based data access, provide a viable solution with a solid theoretical basis. © Springer International Publishing AG 2017."
A semantic integration system for heterogeneous bioinformatics data,Weidi Dai (1); Jianlai Cheng (1); Qiuwen Wang (1) ,2012 2nd International Conference on Computer Science and Network Technology (ICCSNT 2012),2012,English,10.1109/ICCSNT.2012.6526111,"A data integrating system, designed to provide unified access to multiple, heterogeneous biological and medical data sources, is proposed in this paper. Compared with other analogous systems, a linear regression model is used to improve the efficient of ontology alignment by results of string-based ontology alignment algorithms. We build domain ontology from object-oriented perspective to integrate bioinformatics information stored in relational databases, and describe the detailed process of heterogeneous data integration."
How to best find a partner? An evaluation of editing approaches to construct R2RML mappings,"Pinkel, Christoph (1); Binnig, Carsten (2); Haase, Peter (1); Martin, Clemens (2); Sengupta, Kunal (3); Trame, Johannes (1) ",Lecture Notes in Computer Science (including subseries Lecture Notes in Artificial Intelligence and Lecture Notes in Bioinformatics),2014,English,10.1007/978-3-319-07443-6_45,"R2RML defines a language to express mappings from relational data to RDF. That way, applications built on top of the W3C Semantic Technology stack can seamlessly integrate relational data. A major obstacle to using R2RML, though, is the effort for manually curating the mappings. In particular in scenarios that aim to map data from huge and complex relational schemata (e.g., [5]) to more abstract ontologies efficient ways to support the mapping creation are needed. In previous work we presented a mapping editor that aims to reduce the human effort in mapping creation [12]. While assisting users in mapping construction the editor imposed a fixed editing approach, which turned out to be not optimal for all users and all kinds of mapping tasks. Most prominently, it is unclear on which of the two data models users should best start with the mapping construction. In this paper, we present the results of a comprehensive user study that evaluates different alternative editing approaches for constructing R2RML mapping rules. The study measures the efficiency and quality of mapping construction to find out which approach works better for users with different background knowledge and for different types of tasks. © 2014 Springer International Publishing."
R2RML by assertion: A semi-automatic tool for generating customised R2RML mappings,"Neto, Luís Eufrasio T. (1); Vidal, Vânia Maria P. (1); Casanova, Marco A. (2); Monteiro, José Maria (1) ",Lecture Notes in Computer Science (including subseries Lecture Notes in Artificial Intelligence and Lecture Notes in Bioinformatics),2013,English,10.1007/978-3-642-41242-4_33,"In this paper, we demonstrate the RBA (R2RML By A ssertion) tool which automatically generates customized R2RML mappings based on a set of semantic mappings that model the relationship between the relational database schema and a target ontology in RDF. The semantic mappings are specified by a set of correspondence assertions, which are simple to understand. © Springer-Verlag 2013."
Data Integration at Scale: From Relational Data Integration to Information Ecosystems,"Brodie, M.L. ",Proceedings of the 24th IEEE International Conference on Advanced Information Networking and Applications (AINA 2010),2010,English,10.1109/AINA.2010.184,"Our world is increasingly data-driven. The growth and value of data continue to exceed all predictions. Potential for business opportunity, economic growth, scientific discovery, and even national security lie hidden in the vast and growing data collections distributed across our Digital Universe. Harvesting the value of data requires finding, integrating, and analyzing data distributed across our Digital Universe. Failing to integrate data could be as mild as losing business through a lack of an integrated view of relevant business opportunities and threats or as serious as not anticipating the most serious terrorist attack on America through an inability to integrate relevant information distributed across 17 US intelligence agencies and 28 intelligence databases. Due to data being distributed across both entities and data repositories, data integration has become perhaps the most important data operation but certainly the most costly accounting for up to 40% of data processing budgets. Data integration requirements are growing dramatically due to astounding growth in semantics (i.e., increasingly sophisticated application and data modeling requirements) and scale (i.e., web-scale data and transaction types, volumes, and distribution). Since the mid-1980's the Relational Data Model has been the bedrock of business data processing providing a simple, elegant, and powerful basis for storing, finding, and integrating data based on simplifying assumptions. First, business data is naturally tabular; second, tabular business data follows relational principles; and third, assuming that there is a single source of truth, data views can be integrated into a single view under a global schema and that views of the same information are mutually consistent. To the extent that application data and operations fit naturally and meaningfully into the relational model and follow the three assumptions, Relational Database Management Systems (RDBMSs) provide the most efficient and cost effective data integration solution on the planet and will continue to do so through hardware and engineering advances. As semantic and scale requirements of business data grew in the 1990's relational integration had to be extended ideally internal to the relational database engine, otherwise externally in data integration tools. This led to a plethora of data integration tools and supporting infrastructures with sales exceeding $3.3 billion in 2009 with an expected annual grow rate of 8%. These integration solutions are typically less efficient than relational integration and considerably more costly to acquire and more complex to deploy, yet respond to genuine, if esoteric, data integration requirements. While relational integration in RDBMSs augmented by integration tools meet the requirements of many large-scale applications, they are increasingly less applicable to a growing class of very-large-scale Information Ecosystems that can involve thousands of information systems and databases. Most Fortune 500 companies have ten or more major organizations Corporate Management, Sales, Marketing, Engineering, Product Development, etc. each requiring it's own view of the enterprise from it's unique perspective. Such views are often derived (i.e., integrated) from 5,000-10,000 databases. The Information Ecosystem is the information systems, databases, workflows, people, and infrastructure required to build, maintain, and dynamically update (i.e., integrate) the myriad organizational views. While the relational model and some combination of the three simplifying assumptions may apply to each component information system or database, the Information Ecosystem does not. While an individual information system may be designed to simplify the semantics of the real world application that it represents, the complexity of the real world or of the interactions between 1,000's of information systems cannot be as readily simplified. That is, relational integration and integration tools may apply to an individual or to a small number of information systems, but they are less applicable to large numbers of information systems such as occur in Information Ecosystems. Relational technology is one of the most successful computing technologies in history based in part on the elegance, simplicity, and power of the Relational Data Model. It established a prototype for the next thirty years of database developments. Until the .comand Web-fuelled expansion of our Digital Universe, the majority of data intensive applications were built on the bedrock of relational technology. Applications that did not fit or could not be forced into relational databases were built as extensions to relational technology or as entirely separate solutions. Both methods were not successful such as the rise and fall of objectoriented databases. It now appears that the Relational Data Universe is less than 15% of the Digital Universe. Yet harvesting the value of data in our Digital Universe still requires finding, integrating, and analyzing data distributed across the Digital Universe. If relational integration applies to less than 15%, what data integration solutions are required for the other 85%? The rapid expansion of our Digital Universe both by amazing applications spawned by the Web and by phenomenal advances in hardware speeds and costs led to a continuous stream of semantic and scale requirements that far outpaced data integration solutions and has spawned or been spawned by new technologies such as Web search, Collaborative Filtering, MapReduce, the Semantic Web, Ontologies, Cloud computing, and a dizzying array of others. This talk surveys the evolution of data integration requirements and solutions from the Relational Data Universe to the Digital Universe. It examines data integration solutions in the Relational Data Universe starting with the relational data model and the three simplifying assumptions. It considers the major advances in data integration solutions in terms of semantics; database engine capabilities including data format, data architecture, and data governance; and the integration methods of integration tools. We consider a very-large-scale Information Ecosystem to illustrate limits of data integration solutions in the Relational Data Universe and conclude with review of directions towards data integration beyond the Relational Data Universe including new data models, a profound new direction from the Database Community; Information Ecosystems; Semantic Technologies emerging from the Semantic Web community; and Cloud computing where data integration may reside as Integration-as-a-Service or Informationas-a-Service (IaaS either way!)."
Specifying complex correspondences between relational schemas and RDF models for generating customized R2RML Mappings,"Pequeno, Valéria M. (1); Vidal, Vania M. P. (2); Casanova, Marco A. (3); Neto, Lús Eufrasio T. (2); Galhardas, Helena (4) ",ACM International Conference Proceeding Series,2014,English,10.1145/2628194.2628233,"The W3C RDB2RDF Working Group proposed a standard language to map relational data into RDF triples, called R2RML. However, creating R2RML mappings may sometimes be a difficult task because it involves the creation of views (within the mappings or not) and referring to them in the R2RML mapping. To overcome such difficulty, this paper first proposes algebraic correspondence assertions, which simplify the definition of relational-to-RDF mappings and yet are expressive enough to cover a wide range of mappings. Algebraic correspondence assertions include data-metadata mappings (where data elements in one schema serve as metadata components in the other), mappings containing custom value functions (e.g., data format transformation functions) and union, intersection and difference between tables. Then, the paper shows how to automatically compile algebraic correspondence assertions into R2RML mappings. Copyright 2014 ACM."
Research on recommender system based on ontology and genetic algorithm,"Lv, Gang (1, 2); Hu, Chunling (1); Chen, Shengbing (1) ",Neurocomputing,2016,English,10.1016/j.neucom.2015.09.113,"Allied to the extensive use of online shopping, product recommendation on websites is vitally important for E-commerce. Consequently, collaborative filtering and content-based filtering have been widely used in recommendation systems on E-commerce websites. However, these filtering methods have many problems, such as cold start, prejudiced ratings and inaccurate suggestions. To generate valid and accurate suggestions, researchers have proposed integrating semantic features of the data in an ontology into the recommendation process. However, most existing studies only include the type and features of a product without considering the relational characteristics thereof. Given that the relational characteristics can provide much useful information during the recommendation process, we have designed an easily realizable recommendation system framework based on relational data by integrating the relational data in the domain ontology and applying a genetic algorithm to process the recommendation. Experimental results show that there are obvious improvements in the methods for dealing with sparsity and cold start problems as well as the accuracy and timeliness of recommendations. © 2015 Elsevier B.V."
Ontology-driven tunnel construction information retrieval and extraction,Hu Min (1); Huang Zhewen (1) ,26th Chinese Control and Decision Conference (2014 CCDC),2014,English,10.1109/CCDC.2014.6853021,"Integration of data from heterogeneous data sources is one of several technical challenges during the tunnel construction. BIM and relational database have maken their efforts for tunnel data organization, but they are not qualified for tunnel problem reasoning. This paper proposes a tunnel data organization method driven by Ontology, which is suitable for data reorganization as well as reasoning. In this mechanism, a tunnel domian ontology center is built by experts for accepting information from BIM and database. Combined with expert knowledge, the ontology is used for problem sloving and analysis. The ontology-driven system has been successfully applied in Shanghai HongMei South Tunnel Project, which improved the tunnel construction quality and helped avoid risks."
Bag Semantics of DL-Lite with Functionality Axioms,"Cima, Gianluca (1); Nikolaou, Charalampos (2, 3); Kostylev, Egor V. (2); Kaminski, Mark (2); Cuenca Grau, Bernardo (2); Horrocks, Ian (2) ",Lecture Notes in Computer Science (including subseries Lecture Notes in Artificial Intelligence and Lecture Notes in Bioinformatics),2019,English,10.1007/978-3-030-30793-6_8,"Ontology-based data access (OBDA) is a popular approach for integrating and querying multiple data sources by means of an ontology, which is usually expressed in a description logic (DL) of DL-Lite family. The conventional semantics of OBDA and DLs is set-based—that is, duplicates are disregarded. This disagrees with the standard database bag (multiset) semantics, which is especially important for the correct evaluation of aggregate queries. In this article, we study two variants of bag semantics for query answering over, extending basic with functional roles. For our first semantics, which follows the semantics of primary keys in SQL, conjunctive query (CQ) answering is coNP-hard in data complexity in general, but it is in TC for the restricted class of rooted CQs; such CQs are also rewritable to the bag relational algebra. For our second semantics, the results are the same except that TC membership and rewritability hold only for the restricted class of ontologies identified by a new notion of functional weak acyclicity. © 2019, Springer Nature Switzerland AG."
No size fits all-running the star schema benchmark with SPARQL and RDF aggregate views,"Kämpgen, Benedikt (1); Harth, Andreas (1) ",Lecture Notes in Computer Science (including subseries Lecture Notes in Artificial Intelligence and Lecture Notes in Bioinformatics),2013,English,10.1007/978-3-642-38288-8-20,"Statistics published as Linked Data promise efficient extraction, transformation and loading (ETL) into a database for decision support. The predominant way to implement analytical query capabilities in industry are specialised engines that translate OLAP queries to SQL queries on a relational database using a star schema (ROLAP). A more direct approach than ROLAP is to load Statistical Linked Data into an RDF store and to answer OLAP queries using SPARQL. However, we assume that general-purpose triple stores-just as typical relational databases-are no perfect fit for analytical workloads and need to be complemented by OLAP-to-SPARQL engines. To give an empirical argument for the need of such an engine, we first compare the performance of our generated SPARQL and of ROLAP SQL queries. Second, we measure the performance gain of RDF aggregate views that, similar to aggregate tables in ROLAP, materialise parts of the data cube. © 2013 Springer-Verlag Berlin Heidelberg."
Online querying relational data based on closure,Miao Zhuang (1); Li Jie (1); Wang Jinpeng (1); Zhou Bo (1) ,2010 Second International Conference on Computational Intelligence and Natural Computing (CINC),2010,English,10.1109/CINC.2010.5643813,"Semantic Web has promoted researches on semantic integration of heterogeneous relational databases. Ontology-based heterogeneous relational data integration is recently attracting many diverse attentions, since most of the information is still stored in relational databases. This paper focuses on the query efficiency problem of ontology-based heterogeneous relational databases querying. To improve the query efficiency, we presented an approach for semantic-based querying of relational data. Global schema is described in RDF(S) and can be abstracted as graph. SPARQL queries over global schema are executed by graph mapping. Rounder graph of global schema is generated offline by calculating the RDFS closure of the schema. Our approach has decreased time cost of online querying and improved the efficiency."
Evaluating software architectures using ontologies for storing and versioning of engineering data in heterogeneous systems engineering environments,"Mordinyi, Richard (1); Serral, Estefania (1); Winkler, Dietmar (1); Biffl, Stefan (1) ","19th IEEE International Conference on Emerging Technologies and Factory Automation, ETFA 2014",2014,English,10.1109/ETFA.2014.7005237,"Large systems engineering projects involve the cooperation of various stakeholders from different engineering disciplines. Individual stakeholders apply various tools and related data storage approaches that (a) might hinder seamless interoperability and (b) include limited capability to support data versioning. Project-level concepts enable the mapping of engineering data coming from different disciplines. However, it remains open how to store data on project level that enable flexible and efficient data access from different disciplines in different environments and enable backtracking to previous versions in case of defects and/or human errors. While semantic data integration provides fundamental solutions for bridging semantic gaps between common project-level concepts and the local tool concepts used by each discipline, semantic storages have been developed to query and reason over gathered data rather than versioning frequent instance changes inherent to such engineering projects in distributed and heterogeneous environments. In this paper we evaluate three software architectures using ontologies in different ways and compare selected quality attributes, i.e., performance and scalability, in the context of an industrial scenarios. Main results suggest that architectures relying on a relational database for versioning individuals still outperforms traditional ontology storages. © 2014 IEEE."
Providing Ontology-Based Privacy-Aware Data Access Through Web Services,"Hartmann, S. (1); Hui Ma (2); Vechsamutvaree, P. (2) ","Advances in Conceptual Modeling, ER 2015. Workshops AHA, CMS, EMoV, MoBiD, MORE-BI, MReBA, QMMQ and SCME. Proceedings: LNCS 9382",2015,English,10.1007/978-3-319-25747-1_8,"Web services enable software systems to exchange data over the Internet. Often Web services need to disclose sensible data to service consumers. For data providers, the disclosure of sensitive data is often restrictive only to particular users for some particular purposes. Therefore, preserving privacy is a fundamental requirement in Web services. Hippocratic database has been introduced for privacy protection in relational database systems where the access decisions, allowed or denied, are based on privacy policies and authorization tables. To provide more options of data access, purpose trees are proposed to capture purpose hierarchies so that information can be provided to users according to proposes. Ontology has been used for classification hierarchies, which can be efficiently accessed via ontology query languages. In this paper, we propose an ontology-based data access model so that different level of data access can be provided to Web service users with different roles for different purposes. To do this we will use ontology to capture purpose hierarchies and data generalization hierarchy.We demonstrate our access model with prototypes of finance services, and also provide performance evaluation results."
Effective Ontology-Based Data Integration,"Rosati, R. (1) ","On the Move to Meaningful Internet Systems: OTM 2009 Workshops. Proceedings Confederated International Workshops and Posters ADI, CAMS, EI2N, ISDE, IWSSA, MONET, OnToContent, ODIS, ORM, OTM Academy, SWWS, SEMELS, Beyond SAWSDL, COMBEK 2009",2009,English,10.1007/978-3-642-05290-3_9,"Summary form only given. The goal of data integration is to provide a uniform access to a set of heterogeneous data sources, freeing the user from the knowledge about where the data are, how they are stored, and how they can be accessed. One of the outcomes of the research work carried out on data integration in the last years is a clear conceptual architecture, comprising a global schema, the source schema, and the mapping between the source and the global schema. In this talk, we present a comprehensive approach to ontology-based data integration. We consider global schemas that are ontologies expressed in OWL, the W3C standard ontology specification language, whereas sources are relations, managed through a data federation tool that wraps the actual data. The mapping language has specific mechanisms for relating values stored at the sources to objects that are instances of concepts in the ontology. By virtue of the careful design that we propose for the various components of a data integration system, answering unions of conjunctive queries can be done through a very efficient technique which reduces this task to standard SQL query evaluation. Finally, we present a management system for ontology-based data integration, called MASTRO-I, which completely implements our approach."
A preliminary framework for strategic and compliance monitoring,"Cardoso, Evellin (1); Montali, Marco (1) ","Proceedings - IEEE International Enterprise Distributed Object Computing Workshop, EDOCW",2019,English,10.1109/EDOCW.2019.00024,"The complexity of modern organisations drives the usage of enterprise architectures models and execution data as suitable tools to manage such complexity. To promote a successful enterprise management, this paper proposes the 2QUEN framework that uses enterprise architecture models to monitor the achievement of enterprise goals. In order to represent the relevant architectural domains, 2QUEN uses abstractions like goals, business processes and normative primitives. In order to gather data to monitor goal achievement, 2QUEN proposes the first steps of a methodology to access and query data of a legacy relational database with the purpose of querying norms states. The methodology starts from normative primitives (commitments, authorisations, prohibitions and powers) and uses the architecture provided by the 2-level version of OBDA [2] (2OBDA), a framework from the Semantic Web community, to semantically represent normative primitives and their states, and subsequently map those norms to the underlying legacy data. © 2019 IEEE."
QODI: Query as context in automatic data integration,"Tian, Aibo (1); Sequeda, Juan F. (1); Miranker, Daniel P. (1) ",Lecture Notes in Computer Science (including subseries Lecture Notes in Artificial Intelligence and Lecture Notes in Bioinformatics),2013,English,10.1007/978-3-642-41335-3_39,"QODI is an automatic ontology-based data integration system (OBDI). QODI is distinguished in that the ontology mapping algorithm dynamically determines a partial mapping specific to the reformulation of each query. The query provides application context not available in the ontologies alone; thereby the system is able to disambiguate mappings for different queries. The mapping algorithm decomposes the query into a set of paths, and compares the set of paths with a similar decomposition of a source ontology. Using test sets from three real world applications, QODI achieves favorable results compared with AgreementMaker, a leading ontology matcher, and an ontology-based implementation of the mapping methods detailed for Clio, the state-of-the-art relational data integration and data exchange system. © 2013 Springer-Verlag."
OBDA constraints for effective query answering,"Hovland, Dag (1); Lanti, Davide (2); Rezk, Martin (2); Xiao, Guohui (2) ",Lecture Notes in Computer Science (including subseries Lecture Notes in Artificial Intelligence and Lecture Notes in Bioinformatics),2016,English,10.1007/978-3-319-42019-6_18,"In Ontology Based Data Access (OBDA) users pose SPARQL queries over an ontology that lies on top of relational datasources. These queries are translated on-the-fly into SQL queries by OBDA systems. Standard SPARQL-to-SQL translation techniques in OBDA often produce SQL queries containing redundant joins and unions, even after a number of semantic and structural optimizations. These redundancies are detrimental to the performance of query answering, especially in complex industrial OBDA scenarios with large enterprise databases. To address this issue, we introduce two novel notions of OBDA constraints and show how to exploit them for efficient query answering. We conduct an extensive set of experiments on large datasets using real world data and queries, showing that these techniques strongly improve the performance of query answering up to orders of magnitude. © Springer International Publishing Switzerland 2016."
Object property matching utilizing the overlap between imported ontologies,"Zapilko, Benjamin (1); Mathiak, Brigitte (1) ",Lecture Notes in Computer Science (including subseries Lecture Notes in Artificial Intelligence and Lecture Notes in Bioinformatics),2014,English,10.1007/978-3-319-07443-6_49,"Large scale Linked Data is often based on relational databases and thereby tends to be modeled with rich object properties, specifying the exact relationship between two objects, rather than a generic is-a or part-of relationship. We study this phenomenon on government issued statistical data, where a vested interest exists in matching such object properties for data integration. We leverage the fact that while the labeling of the properties is often heterogeneous, e.g. ex1:geo and ex2:location, they link to individuals of semantically similar code lists, e.g. country lists. State-of-the-art ontology matching tools do not use this effect and therefore tend to miss the possible correspondences. We enhance the state-of-the-art matching process by aligning the individuals of such imported ontologies separately and computing the overlap between them to improve the matching of the object properties. The matchers themselves are used as black boxes and are thus interchangeable. The new correspondences found with this method lead to an increase of recall up to 2.5 times on real world data, with only a minor loss in precision. © 2014 Springer International Publishing."
Semantic integration of patient data and quality indicators based on openEHR archetypes,"Dentler, K. (1); ten Teije, A. (1); Cornet, R. (2); de Keizer, N. (2) ",Process Support and Knowledge Representation in Health Care. BPM 2012 Joint Workshop. ProHealth 2012/KR4HC 2012. Revised Selected Papers,2013,English,10.1007/978-3-642-36438-9_6,"Electronic Health Records (EHRs) contain a wealth of information, but accessing and (re)using it is often difficult. Archetypes have been shown to facilitate the (re)use of EHR data, and may be useful with regard to clinical quality indicators. These indicators are often released centrally, but computed locally in several hospitals. They are typically expressed in natural language, which due to its inherent ambiguity does not guarantee comparable results. Thus, their information requirements should be formalised and expressed via standard terminologies such as SNOMED CT to represent concepts, and information models such as archetypes to represent their agreed-upon structure, and the relations between the concepts. The two-level methodology of the archetype paradigm allows domain experts to intuitively define indicators at the knowledge level, and the resulting queries are computable across institutions that employ the required archetypes. We tested whether openEHR archetypes can represent both elements of patient data required by indicators and EHR data for automated indicator computation. The relevant elements of the indicators and our hospital's database schema were mapped to (elements of) publicly available archetypes. The coverage of the public repository was high, and editing an archetype to fit our requirements was straightforward. Based on this mapping, a set of three indicators from the domain of gastrointestinal cancer surgery was formalised into archetyped SPARQL queries and run against archetyped patient data in OWL from our hospital's data warehouse to compute the indicators. The computed indicator results were comparable to centrally computed and publicly reported results, with differences likely to be due to differing indicator definitions and interpretations, insufficient data quality and insufficient and imprecise encoding. This paper shows that openEHR archetypes facilitate the semantic integration of quality indicators and routine patient data to automatically compute indicators."
Towards a business value framework for linked enterprise data,"Novak, Niina Maarit (1); Tjoa, A. Min (1) ",RIVF 2019 - Proceedings: 2019 IEEE-RIVF International Conference on Computing and Communication Technologies,2019,English,10.1109/RIVF.2019.8713719,"In light of new industry trends and ICT-developments enterprises face an unprecedented amount of data, produced on a daily basis by countless in-house and external ICT-applications and stakeholders. Gaining valuable information and business-insights out of these masses of data has become a true challenge. At the same time, traditional data warehouse and content management systems, involving data silos, relational databases and data warehouses are reaching their limits. Linked Data and Semantic Web Technologies offer a new approach to Enterprise Content Management. Based on graph-based data models and semantic models to establish logical connections between data sources, enterprises can build Linked Enterprise Data Networks (LEDN), incorporating both internal and/or external data sources and allowing users to retrieve documents, information and datasets across entire organizations in a fast and easy manner. To outline the potentials of Linked Enterprise Data Networks this paper presents a framework of relevant business values and aspects to be considered by entrepreneurs, when implementing Linked Data technologies in their business. © 2019 IEEE."
Automating contextualized maintenance documentation,"Koornneef, Hemmo (1); Verhagen, Wim J.C. (1); Curran, Richard (1) ",Advances in Transdisciplinary Engineering,2016,English,10.3233/978-1-61499-703-0-861,"Currently, task support information in aircraft maintenance is mostly provided using paper-based solutions, which are burdensome, slow and prone to error. Aircraft maintenance documentation contains vast amounts of information irrelevant for the task at hand and even for the simplest tasks multiple documents need to be consulted. Next to these issues with the documentation itself, Aircraft Maintenance Technicians (AMTs) have very limited on-site access to support information. These factors lead to 15-20% of hands-on-aircraft time being wasted on acquiring the right information or not using maintenance documentation for task support at all, risking maintenance error. This paper describes the development of a system for a first level of contextualization of maintenance documentation to simplify the retrieval of task support information. Combining a tailor-made ontology with a relational database system for Ontology- Based Data Access (OBDA), maintenance documents relevant to a specific aircraft registration mark can be identified. The system contributes to the research field of knowledge management by using OBDA for selecting relevant maintenance documents stored in a regular file folder. Future work will focus on increasing the level of contextualization, development of a mobile tool for on-site access and prototype verification and validation in an operational environment. © 2016 The authors and IOS Press."
Teaching an RDBMS about ontological constraints,"Bursztyn, Damian (1); Goasdoúe, François (2); Manolescu, Ioana (1) ",Proceedings of the VLDB Endowment,2016,English,10.14778/2994509.2994532,"In the presence of an ontology, query answers must reflect not only data explicitly present in the database, but also implicit data, which holds due to the ontology, even though it is not present in the database. A large and useful set of ontology languages enjoys FOL reducibility of query answering: answering a query can be reduced to evaluating a certain first-order logic (FOL) formula (obtained from the query and ontology) against only the explicit facts. We present a novel query optimization framework for ontologybased data access settings enjoying FOL reducibility. Our framework is based on searching within a set of alternative equivalent FOL queries, i.e., FOL reformulations, one with minimal evaluation cost when evaluated through a relational database system. We apply this framework to the DL-LiteR Description Logic underpinning the W3C's OWL2 QL ontology language, and demonstrate through experiments its performance benefits when two leading SQL systems, one open-source and one commercial, are used for evaluating the FOL query reformulations. © 2016 VLDB Endowment 2150-8097/16/08."
A Preliminary Approach on Ontology-Based Visual Query Formulation for Big Data,"Soylu, Ahmet (1); Skjæveland, Martin G. (1); Giese, Martin (1); Horrocks, Ian (2); Jimenez-Ruiz, Ernesto (2); Kharlamov, Evgeny (2); Zheleznyakov, Dmitriy (2) ",Communications in Computer and Information Science,2013,English,10.1007/978-3-319-03437-9_21,"Data access in an enterprise setting is a determining factor for the potential of value creation processes such as sense-making, decision making, and intelligence analysis. As such, providing friendly data access tools that directly engage domain experts (i.e., end-users) with data, as opposed to the situations where database/IT experts are required to extract data from databases, could substantially increase competitiveness and profitability. However, the ever increasing volume, complexity, velocity, and variety of data, known as the Big Data phenomenon, renders the end-user data access problem even more challenging. Optique, an ongoing European project with a strong industrial perspective, aims to countervail the Big Data effect, and to enable scalable end-user data access to traditional relational databases by using an ontology-based approach. In this paper, we specifically present the preliminary design and development of our ontology-based visual query system and discuss directions for addressing the Big Data effect. © Springer In national Publishing Switzerland 2013."
VLog: A Rule Engine for Knowledge Graphs,"Carral, David (1); Dragoste, Irina (1); González, Larry (1); Jacobs, Ceriel (2); Krötzsch, Markus (1); Urbani, Jacopo (2) ",Lecture Notes in Computer Science (including subseries Lecture Notes in Artificial Intelligence and Lecture Notes in Bioinformatics),2019,English,10.1007/978-3-030-30796-7_2,"Knowledge graphs are crucial assets for tasks like query answering or data integration. These tasks can be viewed as reasoning problems, which in turn require efficient reasoning systems to be implemented. To this end, we present VLog, a rule-based reasoner designed to satisfy the requirements of modern use cases, with a focus on performance and adaptability to different scenarios. We address the former with a novel vertical storage layout, and the latter by abstracting the access to data sources and providing a platform-independent Java API. Features of VLog include fast Datalog materialisation, support for reasoning with existential rules, stratified negation, and data integration from a variety of sources, such as high-performance RDF stores, relational databases, CSV files, OWL ontologies, and remote SPARQL endpoints. © 2019, Springer Nature Switzerland AG."
Ontology-based governance of data-aware processes_,"Calvanese, Diego (1); De Giacomo, Giuseppe (2); Lembo, Domenico (2); Montali, Marco (1); Santoso, Ario (1) ",Lecture Notes in Computer Science (including subseries Lecture Notes in Artificial Intelligence and Lecture Notes in Bioinformatics),2012,English,10.1007/978-3-642-33203-6_4,"In this paper we show how one can use the technology developed recently for Ontology-Based Data Access (OBDA) to govern data-aware processes through ontologies. In particular, we consider processes executed over a relational database which issue calls to external services to acquire new information and update the data.We equip these processes with an OBDA system, in which an ontology modeling the domain of interest is connected through declarative mappings to the database, and that consequently allows one to understand and govern the manipulated information at the conceptual level. In this setting, we are interested in verifying first-order μ-calculus formulae specifying temporal properties over the evolution of the information at the conceptual level. Specifically, we show how, building on first-order rewritability of queries over the system state that is typical of OBDA, we are able to reformulate the temporal properties into temporal properties expressed over the underlying database. This allows us to adopt notable decidability results on verification of evolving databases that have been established recently. © Springer-Verlag Berlin Heidelberg 2012."
Demonstrating KDBMS: A knowledge-based database management system,"Khalefa, Mohamed E. (1); El-Atawy, Sameh S. (1, 2) ",ACM International Conference Proceeding Series,2016,English,10.1145/2949689.2949714,"We demonstrate a KDBMS, a prototype system which seam-lessly integrates Knowledge base and DBMS. While state-of-the-art approaches, i.e., Ontology-based data access, denoted as OBDA , use ontologies to only query data stored in relational databases using SPARQL. In this demo, we present a high level description of the proposed system, introduce a new knowledge-based query language, denoted as KQL, and highlight some query optimization opportunities by employ-ing knowledge across database layers in query optimization, and query processing, while ease the administrating for a complex database schema. © 2016 ACM."
Cancer data integration and querying with GeneTegra,"Shironoshita, E. Patrick (1); Jean-Mary, Yves R. (1); Bradley, Ray M. (1); Buendia, Patricia (1); Kabuka, Mansur R. (1, 2) ",Lecture Notes in Computer Science (including subseries Lecture Notes in Artificial Intelligence and Lecture Notes in Bioinformatics),2012,English,10.1007/978-3-642-31040-9_6,"We present the GeneTegra system, an ontology-based information integration environment. We show its ability to query multiple data sources, and we evaluate the relative performance of different data repositories. GeneTegra uses Semantic Web standards to resolve the semantic and syntactic diversity of the large and increasingly complex body of publicly available data. GeneTegra contains mechanisms to create ontology models of data sources using the OWL 2 Web Ontology Language, and to define, plan, and execute queries against these models using the SPARQL query language. Data source formats supported include relational databases and XML and RDF data sources. Experimental results have been obtained to show that GeneTegra obtains equivalent results from different data repositories containing the same data, illustrating the ability of the methods proposed in querying heterogeneous sources using the same modeling paradigm. © 2012 Springer-Verlag."
UPCaD: A methodology of integration between ontology-based context-awareness modeling and relational domain data,"Maran, Vinícius (1, 3); Machado, Guilherme Medeiros (1); Machado, Alencar (2); Augustin, Iara (2); de Oliveira, José Palazzo M. (1) ",Information (Switzerland),2018,English,10.3390/info9020030,"Context-awareness is a key feature for ubiquitous computing scenarios applications. Currently, technologies and methodologies have been proposed for the integration of context-awareness concepts in intelligent information systems to adapt them to the execution of services, user interfaces and data retrieval. Recent research proposed conceptual modeling alternatives to the integration of the domain modeling in RDBMS and context-awareness modeling. The research described using highly expressiveness ontologies. The present work describes the UPCaD (Unified Process for Integration between Context-Awareness and Domain) methodology, which is composed of formalisms and processes to guide the data integration considering RDBMS and context modeling. The methodology was evaluated in a virtual learning environment application. The evaluation shows the possibility to use a highly expressive context ontology to filter the relational data query and discusses the main contributions of the methodology compared with recent approaches. © 2018 by the authors."
Semantic integration of relational data using SPARQL,Jinpeng Wang (1); Zhuang Miao (1); Yafei Zhang (1); Jianjiang Lu (1) ,2008 Second International Symposium on Intelligent Information Technology Application,2008,English,10.1109/IITA.2008.72,"Data integration is the main problem encountered by applications that need to query across multiple autonomous and heterogeneous data sources. This paper addresses this problem using logic-based approach. We present a semantic integration infrastructure for relational data. In this integration infrastructure, ontology is used as the mediated schema. The formal semantics of SPARQL is defined according to the W3C candidate recommendation and translation algorithm from SPARQL to datalog is provided. A query rewriting algorithm based on datalog is also provided for heterogeneous data integration."
Research on ontology-based relational data integration,"Miao, Zhuang (1); Wang, Jingwu (2); Wang, Jinpeng (1); Li, Yang (1); Xu, Weiguang (2) ",Lecture Notes in Electrical Engineering,2011,English,10.1007/978-3-642-25553-3_41,"To integrate relational data semantically, schema description and query accessing issues are discussed. Ontology is chosen as the global schema to describing semantics. To building domain ontology rapidly, an approach based on subgraph extraction is presented. Then the semantics of SAPRQL queries is defined and algorithm for query rewriting is put forward. Minimal connectable unit is defined to represent a fragment of semantic mapping from the query to the rewriting. Finding and joining minimal connectable units produce semantically correct query plans. Soundness and completeness of query rewriting algorithm is proved. Computational complexity of the algorithm is discussed. Under the worst case, the query rewriting algorithm requires O(n m ) time. Experiment results show that the query processing algorithm can provide nice performance. © 2011 Springer-Verlag."
Querying industrial stream-temporal data: AnÂ ontology-based visual approach,"Soylu, Ahmet (1); Giese, Martin (2); Schlatte, Rudolf (2); Jimenez-Ruiz, Ernesto (2); Kharlamov, Evgeny (3); Özçep, Özgür (4); Neuenstadt, Christian (4); Brandt, Sebastian (5) ",Journal of Ambient Intelligence and Smart Environments,2017,English,10.3233/AIS-160415,"An increasing number of sensors are being deployed in business-critical environments, systems, and equipment; and stream a vast amount of data. The operational efficiency and effectiveness of business processes rely on domain experts' agility in interpreting data into actionable business information. AÂ domain expert has extensive domain knowledge but not necessarily skills and knowledge on databases and formal query languages. Therefore, centralised approaches are often preferred. These require IT experts to translate the information needs of domain experts into extract-transform-load (ETL) processes in order to extract and integrate data and then let domain experts apply predefined analytics. Since such a workflow is too time intensive, heavy-weight and inflexible given the high volume and velocity of data, domain experts need to extract and analyse the data of interest directly. Ontologies, i.e., semantically rich conceptual domain models, present an intelligible solution by describing the domain of interest on a higher level of abstraction closer to the reality. Moreover, recent ontology-based data access (OBDA) technologies enable end users to formulate their information needs into queries using a set of terms defined in an ontology. Ontological queries could then be translated into SQL or some other database query languages, and executed over the data in its original place and format automatically. To this end, this article reports an ontology-based visual query system (VQS), namely OptiqueVQS, how it is extended for a stream-temporal query language called STARQL, a user experiment with the domain experts at Siemens AG, and STARQL's query answering performance over a proof of concept implementation for PostgreSQL. © 2017-IOS Press and the authors. All rights reserved."
Accessing relational data on the web with SparqlMap,"Unbehauen, Jörg (1); Stadler, Claus (1); Auer, Sören (1) ",Lecture Notes in Computer Science (including subseries Lecture Notes in Artificial Intelligence and Lecture Notes in Bioinformatics),2013,English,10.1007/978-3-642-37996-3_5,"The vast majority of the structured data of our age is stored in relational databases. In order to link and integrate this data on the Web, it is of paramount importance to make relational data available according to the RDF data model and associated serializations. In this article we present SparqlMap, a SPARQL-to-SQL rewriter based on the specifications of the W3C R2RML working group. The rationale is to enable SPARQL querying on existing relational databases by rewriting a SPARQL query to exactly one corresponding SQL query based on mapping definitions expressed in R2RML. The SparqlMap process of rewriting a query on a mapping comprises the three steps (1) mapping candidate selection, (2) query translation, and (3) query execution. We showcase our SparqlMap implementation and benchmark data that demonstrates that SparqlMap outperforms the current state-of-the-art. © Springer-Verlag 2013."
Query processing for heterogeneous relational data integration,Jinpeng Wang (1); Yafei Zhang (1); Jianjiang Lu (1); Zhuang Miao (1); Bo Zhou (1) ,2010 International Conference on Intelligent Computing and Integrated Systems (ICISS 2010),2010,English,10.1109/ICISS.2010.5657113,"The emergence of the Semantic Web has given rise to researches on semantic integration of heterogeneous relational databases using ontology. Semantic-based heterogeneous relational data integration is recently attracting many diverse attentions, since most of the information is still stored in relational databases. This paper focuses on the query processing problem in semantic-based heterogeneous relational databases integration systems. The semantic of query rewriting is defined and algorithms for query decomposing, rewriting and transforming are presented. SPARQL queries over global schema are rewritten into local SQL queries that can be executed on heterogeneous relational databases. The experiment results show that the approach we proposed has nice performance and scalability."
Mapping relational databases to ontology representation: A review,"Haw, Su-Cheng (1); May, Jiawei Wilson (1); Subramaniam, Samini (1) ",ACM International Conference Proceeding Series,2017,English,10.1145/3134847.3134852,"Towards the recent years, huge amount of information are continuously growing and produced at a very fast pace. Nevertheless, most of it is published in formats that are not suitable to be process by analytic tools directly. In addition, most of these data sources are heterogeneous, thus, making it difficult task for data integration, and subsequently for data exchange. The aim of this paper is outline the steps to transform relational databases to ontology representation. We also review some of the recent mapping tools on the theoretical aspect of how each method works, focusing on discussing the benefits and drawbacks of these approaches. In addition, we also highlight the issues with the current tools, and subsequently outline the requirements of the mapping tools. © 2017 Association for Computing Machinery."
SHRDIS: A Semantic-based Heterogeneous Relational Data Integration System,Jinpeng Wang (1); Yafei Zhang (1); Jianjiang Lu (1); Zhuang Miao (1) ,Advanced Materials Research,2010,English,10.4028/www.scientific.net/AMR.121-122.335,"Integrating and querying data from heterogeneous sources is a hot research topic in database research field. The emergence of the Semantic Web brings new paradigm shift of computing in data integration research where data is heterogeneous and distributed. To solve the problem this paper proposes a semantic-based approach. A Semantic-based Heterogeneous Relational Data Integration System, called SHRDIS, is presented. In this system, ontology is used as the mediated schema for the representation of the data source semantics. SPARQL queries over global schema are rewritten into local SQL queries that can be executed on heterogeneous relational databases. The architecture and implementation of SHRDIS is illustrated in detail. The experiment results show that the SHRDIS system has nice performance and scalability."
R2BA: Rationalizing R2RML mapping by assertion,"Berardi, Rita (1); Vidal, Vania (2); Casanova, Marco A. (1) ","ICEIS 2015 - 17th International Conference on Enterprise Information Systems, Proceedings",2015,English,10.5220/0005337700050014,"The W3C RDB2RDF working group proposed R2RML as a standard mapping language that defines how to publish data stored in relational databases as RDF triples. However, R2RML mappings are sometimes difficult to understand, which may affect the users' understanding of the transformations the original data suffer until published as RDF triples. To address this problem, this paper extends a semi-automatic method to define R2RML mappings to include design rational, thereby helping publishers to document the design process and final users to consume the published data. The paper also proposes to use the design rationale captured to enrich the representation of the original data in RDF, which ontology matching algorithms may use to find potential links to other existing vocabularies, thereby promoting interoperability. Copyright © 2015 SCITEPRESS - Science and Technology Publications."
Ontology automatic constructing based on relational database,"Liu, Peng (1); Wang, Xiaoying (1, 2); Bao, Aihua (1); Wang, Xiaoxuan (3) ","Proceedings - 9th International Conference on Grid and Cloud Computing, GCC 2010",2010,English,10.1109/GCC.2010.86,"Ontologies are often used to achieve interoperability between the nodes in the grid and the cloud. At present, most ontologies are built manually by the experts in the field. A new method aiming at ontology learning based on relational database is proposed. By analyzing the schema of relational database, a group of rules of transition from relational schema to OWL are established. Then a framework for extracting ontology from relational database is proposed. Based on the above work, a heterogeneous data integration based semantic prototype system is designed and implemented. Finally, strong and firm support to applications has been provided. © 2010 IEEE."
Ontology-based integration of cross-linked datasets,"Calvanese, D. (1); Giese, M. (2); Hovland, D. (2); Rezk, M. (1) ",The Semantic Web - ISWC 2015. 14th International Semantic Web Conference. Proceedings: LNCS 9366,2015,English,10.1007/978-3-319-25007-6_12,"In this paper we tackle the problem of answering SPARQL queries over virtually integrated databases. We assume that the entity resolution problem has already been solved and explicit information is available about which records in the different databases refer to the same real world entity. Surprisingly, to the best of our knowledge, there has been no attempt to extend the standard Ontology-Based Data Access (OBDA) setting to take into account these DB links for SPARQL queryanswering and consistency checking. This is partly because the OWL built-in owl:sameAs property, the most natural representation of links between data sets, is not included in OWL 2 QL, the de facto ontology language for OBDA. We formally treat several fundamental questions in this context: how links over database identifiers can be represented in terms of owl:sameAs statements, how to recover rewritability of SPARQL into SQL (lost because of owl:sameAs statements), and how to check consistency. Moreover, we investigate how our solution can be made to scale up to large enterprise datasets. We have implemented the approach, and carried out an extensive set of experiments showing its scalability."
Tools for mapping ontologies to relational databases: a comparative evaluation,"Moldovan, D. (1); Antal, M. (1); Valea, D. (1); Pop, C. (1); Cioara, T. (1); Anghel, I. (1); Salomie, I. (1) ",2015 IEEE International Conference on Intelligent Computer Communication and Processing (ICCP). Proceedings,2015,English,10.1109/ICCP.2015.7312609,"This paper presents an analysis of the state of the art solutions for mapping a relational database and an ontology by adding reasoning capabilities and offering the possibility to query the inferred information. We analyzed four approaches: Jena with D2RQ, Jena with R2RML, KAON2 and OWL API. In order to highlight the differences between the four approaches, we used a nutrition diagnostics related ontology for the definition of the concepts and of the rules, and a relational database for the storage of the individuals. As performance evaluation, we focused on the time required to map the relational database to the ontology, and the time required to retrieve the information that is inferred about the diagnostics of a number of people. The obtained results show that the best performance in both cases is given by KAON2."
Providing ontology-based privacy-aware data access through web services and service composition,"Hartmann, Sven (1); Ma, Hui (2); Vechsamutvaree, Panrawee (2) ",Lecture Notes in Computer Science (including subseries Lecture Notes in Artificial Intelligence and Lecture Notes in Bioinformatics),2016,English,10.1007/978-3-662-54054-1_5,"Web services have emerged as an open standard-based means for publishing and sharing data through the Internet. Whenever web services disclose sensitive data to service consumers, data privacy becomes a fundamental concern for service providers. In many applications, sensitive data may only be disclosed to particular users for specific purposes. That is, access to sensitive data is often restricted, and web services must be aware of these restrictions such that the required privacy of sensitive data can be guaranteed. Privacy preservation is a major challenge that has attracted much attention by researchers and practitioners. Hippocratic databases have recently emerged to protect privacy in relational database systems where the access decisions, allowed or denied, are based on privacy policies and authorization tables. In particular, the specific purpose of a data access has been considered. Ontologies has been used to represent classification hierarchies, which can be efficiently accessed via ontology query languages. In this paper, we propose an ontology based data access model so that different levels of data access can be provided to web service users with different roles for different purposes. For this, we utilize ontologies to represent purpose hierarchies and data generalization hierarchies. For more complex service requests that require composite web services we discuss the privacy-aware composition of web services. To demonstrate the usefulness of our access control model we have implemented prototypes of financial web services, and used them to evaluate the performance of the proposed approach. © Springer-Verlag GmbH Germany 2016."
Querying heterogeneous relational database using SPARQL,Jinpeng Wang (1); Zhuang Miao (1); Yafei Zhang (1); Bo Zhou (1) ,2009 8th IEEE/ACIS International Conference on Computer and Information Science (ICIS),2009,English,10.1109/ICIS.2009.11,"The emergence of the semantic Web has given rise to several researches on semantic integration of heterogeneous relational databases using ontology. This paper studies the query rewriting problem in such an integration scenario. RDF's graph model lends itself well to expressing relational data. To model the relational schema, we propose a data source describing method based on SPARQL graph patterns and give some principles for semantic mapping between relational schema and RDF ontology. The semantic of query rewriting is further discussed and a query rewriting algorithm is presented so that SPARQL can access heterogeneous relational databases without converting the data into physical triples."
DAFO: An Ontological Database System with Faceted Queries,"Pankowski, T. (1); Bak, J. (1) ",The Semantic Web: ESWC 2019 Satellite Events. ESWC 2019 Satellite Events. Revised Selected Papers. Lecture Notes in Computer Science (LNCS 11762),2019,English,10.1007/978-3-030-32327-1_30,We present an ontology-based data access provided with a faceted interface. The underlying relational database is perceived through an ontological schema. Queries against the ontology are formulated using a hierarchical faceted interface. We show main ideas of DAFO and discuss how it relates to well-known OBDA systems.
PSOA RuleML: Integrated Object-Relational Data and Rules,"Boley, H. (1) ",Reasoning Web. Web Logic Rules. 11th International Summer School 2015.Tutorial Lectures: LNCS 9203,2015,English,10.1007/978-3-319-21768-0_5,"Object-relational combinations are reviewed with a focus on the integrated Positional-Slotted, Object-Applicative (PSOA) RuleML. PSOA RuleML permits a predicate application (atom) to be without or with an Object IDentifier (OID) - typed by the predicate as its class - and, orthogonally, the predicate's arguments to be positional, slotted, or combined. This enables six uses of atoms, which are systematically developed employing examples in presentation syntaxes derived from RuleML/POSL and RIF-BLD, and visualized in Scratch Grailog. These atoms, asserted as facts, are retrieved by object-relational look-in queries. On top of such facts, PSOA rules and their inferential querying are explored, e.g. permitting F-logic-like frames derived from relational joins. A use case of bidirectional SQL-PSOA-SPARQL transformation (schema/ontology mapping) is shown. Objectification and the presentation plus (XML-)serialization syntaxes of PSOA RuleML are described. The first-order model-theoretic semantics is formalized, blending (OID-over-)slot distribution, as in RIF, with integrated psoa terms, as in RuleML. The PSOATransRun implementation is surveyed, translating PSOA RuleML to TPTP (PSOA2TPTP) or Prolog (PSOA2Prolog)."
RDF data storage techniques for efficient SPARQL query processing using distributed computation engines,"Hassan, Mahmudul (1); Bansal, Srividya K. (1) ","Proceedings - 2018 IEEE 19th International Conference on Information Reuse and Integration for Data Science, IRI 2018",2018,English,10.1109/IRI.2018.00056,"The rapidly growing amount of linked open data demands semantic RDF services that are efficient, scalable, and distributed along with high availability for reuse and fault tolerance. To address this concern, the Big Data processing infrastructure Hadoop has been adopted for RDF data management systems. In this paper, we introduce distributed RDF data stores, namely VPExp and 3CStore, based on the existing vertical partitioning (VP) approach. In the VPExp approach, we propose splitting of predicates based on explicit type information of an object. The 3CStore scheme is designed with a 3-column store, comprising of a subset of triples from the VP table based on different join correlations, to reduce the number of join operations while executing SPARQL queries as SQL in a distributed system. We evaluate these two RDF data storage approaches by comparing them with vertical partitioning approach and state-of-the-art RDF management system S2RDF. We also present an evaluation of query performance of these systems built upon two popular distributed computation engines namely, Spark and Drill. © 2018 IEEE."
"How to stay ontop of your data: Databases, ontologies and more","Calvanese, Diego (1); Cogrel, Benjamin (1); Komla-Ebri, Sarah (1); Lanti, Davide (1); Rezk, Martin (1); Xiao, Guohui (1) ",Lecture Notes in Computer Science (including subseries Lecture Notes in Artificial Intelligence and Lecture Notes in Bioinformatics),2015,English,10.1007/978-3-319-25639-9_4,"Ontop is an Ontology Based Data Access system allowing users to access a relational database through a conceptual layer provided by an ontology. In this demo, we use the recently developed NPD benchmark (+4 billion triples) to demonstrate the features of Ontop. First we use Ontop as a SPARQL end-point to load the ontology and mappings, and answer SPARQL queries. Then, we will show how to use Ontop to check inconsistencies and exploit SWRL ontologies. © Springer International Publishing Switzerland 2015."
SmartOntoSensor: Ontology for Semantic Interpretation of Smartphone Sensors Data for Context-Aware Applications,"Ali, Shaukat (1); Khusro, Shah (1); Ullah, Irfan (1); Khan, Akif (1); Khan, Inayat (1) ",Journal of Sensors,2017,English,10.1155/2017/8790198,"The integration of cheap and powerful sensors in smartphones has enabled the emergence of several context-aware applications and frameworks. However, the available smartphone context-aware frameworks are static because of using relational data models having predefined usage of sensory data. Importantly, the frameworks lack the soft integration of new data types and relationships that appear with the emergence of new smartphone sensors. Furthermore, sensors generate huge data that intensifies the problem of too much data and not enough knowledge. Smarting of smartphone sensory data is essential for advanced analytical processing, integration, inferencing, and interpretation by context-aware applications. In order to achieve this goal, novel smartphone sensors ontology is required for semantic modeling of smartphones and sensory data, which is the main contribution of this paper. This paper presents SmartOntoSensor, a lightweight mid-level ontology that has been developed using NeOn methodology and Content Ontology Design pattern. The ontology describes smartphone and sensors from different aspects including platforms, deployments, measurement capabilities and properties, observations, data fusion, and context modeling. SmartOntoSensor has been developed using Protégé and evaluated using OntoQA, SPARQL, and experimental study. The ontology is also tested by integrating into ModeChanger application that leverages SmartOntoSensor for automatic changing of smartphone modes according to the varying contexts. We have obtained promising results that advocate for the improved ontological design and applications of SmartOntoSensor. © 2017 Shaukat Ali et al."
Automatic mapping rules and OWL ontology extraction for the OBDA Ontop,"Khazalah, F. (1); Malik, Z. (1); Rezgui, A. (2) ","10th IEEE International Conference on Collaborative Computing: Networking, Applications and Worksharing (CollaborateCom). Proceedings",2014,English,10.4108/icst.collaboratecom.2014.257493,"Extracting Ontop mapping rules and OWL ontology manually from a relational schema is a tedious task. We present an automatic approach for extracting Ontop mappings and OWL ontology from an existing database schema. The end users can access the underlying data source through SPARQL queries. A SPARQL query is written according to the extracted ontology and the end user does not need to know about the underlying data source and its schema. The proposed approach takes into consideration the different relationships between entities of the database schema. Instead of extracting a flat ontology that is an exact copy of the database schema, it extracts a rich ontology. The extracted ontology can also be used as an intermediate between a domain ontology and the underlying database schema. The experiment results indicate that the extracted mappings and ontology are accurate. i.e., end users can query all data (using SPARQL) from the underlying database source in the same way as if they have written SQL queries."
A federation model to support semantic SPARQL queries for enterprise data governance,"Corradi, A. (1); Foschini, L. (1); Zanni, A. (1); Casoni, M. (2); Monti, S. (2); Sprotetto, F. (2) ",2016 Eleventh International Conference on Digital Information Management (ICDIM),2016,English,10.1109/ICDIM.2016.7829778,"Data Governance and Federation in large complex organizations poses non-trivial challenges due to the integration of heterogeneous, distributed data sources. Semantic Web, and its de-facto standard query language - SPARQL - have proven to be key in defining and searching semantic over any sort of content on the Web, thus easily letting content clients discover hidden relationships among disparate data. However, current SPARQL support of Data Federation is fairly limited, making it impractical for real-world scenarios. Our work proposes an open and autonomous platform for Data Federation that overcome traditional SPARQL limitations and opens up unprecedented opportunities for Data Governance in large organizations."
"Using ontology databases for scalable query answering, inconsistency detection, and data integration","Lependu, Paea (1, 2); Dou, Dejing (1) ",Journal of Intelligent Information Systems,2011,English,10.1007/s10844-010-0133-4,"An ontology database is a basic relational database management system that models an ontology plus its instances. To reason over the transitive closure of instances in the subsumption hierarchy, for example, an ontology database can either unfold views at query time or propagate assertions using triggers at load time. In this paper, we use existing benchmarks to evaluate our method-using triggers-and we demonstrate that by forward computing inferences, we not only improve query time, but the improvement appears to cost only more space (not time). However, we go on to show that the true penalties were simply opaque to the benchmark, i.e., the benchmark inadequately captures load-time costs. We have applied our methods to two case studies in biomedicine, using ontologies and data from genetics and neuroscience to illustrate two important applications: first, ontology databases answer ontology-based queries effectively; second, using triggers, ontology databases detect instance-based inconsistencies-something not possible using views. Finally, we demonstrate how to extend our methods to perform data integration across multiple, distributed ontology databases. © 2010 Springer Science+Business Media, LLC."
Ontology based access to exploration data at statoil,"Kharlamov, Evgeny (1); Hovland, Dag (2); Jimènez-Ruiz, Ernesto (1); Lanti, Davide (3); Lie, Hallstein (4); Pinkel, Christoph (5); Rezk, Martin (3); Skjæveland, Martin G. (2); Thorstensen, Evgenij (2); Xiao, Guohui (3); Zheleznyakov, Dmitriy (1); Horrocks, Ian (1) ",Lecture Notes in Computer Science (including subseries Lecture Notes in Artificial Intelligence and Lecture Notes in Bioinformatics),2015,English,10.1007/978-3-319-25010-6_6,"Ontology Based Data Access (OBDA) is a prominent approach to query databases which uses an ontology to expose data in a conceptually clear manner by abstracting away from the technical schema-level details of the underlying data. The ontology is ‘connected’ to the data via mappings that allow to automatically translate queries posed over the ontology into data-level queries that can be executed by the underlying database management system. Despite a lot of attention from the research community, there are still few instances of real world industrial use of OBDA systems. In this work we present data access challenges in the data-intensive petroleum company Statoil and our experience in addressing these challenges with OBDA technology. In particular, we have developed a deployment module to create ontologies and mappings from relational databases in a semi-automatic fashion, and a query processing module to perform and optimise the process of translating ontological queries into data queries and their execution. Our modules have been successfully deployed and evaluated for an OBDA solution in Statoil. © Springer International Publishing Switzerland 2015."
Database to ontology mappings in RDB2OWL: Notation and implementation,"Bumans, Guntars (1); erans, Karlis (1) ",Frontiers in Artificial Intelligence and Applications,2016,English,10.3233/978-1-61499-714-6-31,"We review the RDB2OWL language for relational database to RDF/OWL mapping specification, as it has evolved from the original notation, taking into account the experience from practical use cases. We describe the RDB2OWL mapping implementation via translation both into D2RQ and standard R2RML mapping notations. © 2016 The authors and IOS Press."
A new OWL2 based approach for relational database description,"Ougouti, N.S. (1); Belbachir, H. (1); Amghar, Y. (2) ",International Journal of Information Technology and Computer Science,2014,English,10.5815/ijitcs.2015.01.06,"Nowadays, the scientific community is more and more interested by the mediation problem within Peer-to-Peer (P2P) systems and by data sources migration within the semantic web. Data integration and interoperability become a necessity to meet the need for information exchange between heterogeneous information systems. They reflects the ability of an information system to collaborate with other systems sometimes of a very different nature and aims at developing architectures and tools for sharing, exchanging and controlling data. In this context we have proposed a new heterogeneous and distributed data management system in a P2P environment called MedPeer. Among this system functions, we have focused in this article on relational databases description through the use of ontologies. We thus propose Relational.OWL2E, a new approach that, starting from the relational schema, generates an ontology based on the OWL2 language. Our main contribution lies in the semantics we have added to relational databases concepts in representing attributes by rich XML schema datatypes, primary keys, unique keys, foreign keys and by associating to each class a set of synonyms in order to guide the process of discovering semantic correspondences."
Controlled English Ontology-Based Data Access,"Thorne, C. (1); Calvanese, D. (1) ","Controlled Natural Language Workshop on Controlled Natural Language, CNL 2009. Revised Papers",2010,English,10.1007/978-3-642-14418-9_9,"As it is well-known, querying and managing structured data in natural language is a challenging task due to its ambiguity (syntactic and semantic) and its expressiveness. On the other hand, querying, e.g., a relational database or an ontology-based data access system is a well-defined and unambigous task, namely, the task of evaluating a formal query (e.g., an SQL query) of a limited expressiveness over such database. However these formal query languages may be difficult to learn and use for the casual user and ambiguity may compromise the interface. To bridge this gap, the use of controlled language interfaces has been proposed. As a measure of their efficiency for data access, we propose to consider data complexity, which is the complexity of query evaluation measured in the size of the data. We study a family of controlled languages that express several fragments of OWL, ranging from tractable (LogSpace and PTime) to intractable (coNP-hard) in data complexity, singling out which constructs give rise to each computational property."
Ontology based schema matching and mapping approach for structured databases,"Hlaing, Su Su (1) ",ACM International Conference Proceeding Series,2009,English,10.1145/1655925.1656080,"The current needs of information integration of Deep Web sources, schema matching is one of the most important ways of data integration, E-business, data warehousing, and semantic query processing. However in today systems, schema matching has some significant limitations. There are some problems in schema matching which often have some hidden regularities and semantic conflicts over many sources. These can be essentially leveraged in enabling semantics discover of schema matching. In this paper, we focus on the specific problem of semantic heterogeneity between relational databases schema matching. We propose a clustering algorithm with metadata-labeling from our system's ontology. And also this paper represents a same representation model for all relational schemas with their own ontologies to map the best results of semantic mapping. In this paper, we compare the experimental results of schema matching for relational databases. Copyright © 2009 ACM."
A new approach to building ontologies from heterogeneous databases,"Zhang, Hui (1); Diao, Xingchun (1); Yuan, Zhen (1); Chun, Jiang (1); Huang, Yu (1) ",WIT Transactions on Information and Communication Technologies,2014,English,10.2495/ISME20131332,"Ontology plays an important role in data integration. A bottleneck of ontology engineering is to build high quality ontologies from some corpuses. Recently, there is an increasing interest in extracting ontologies from relational databases. However, almost all such works focus on mapping a single relational database to an ontology. In this work, we consider a more challenging problem, i.e., building ontologies from multiple heterogeneous databases. Our approach to solving this problem mainly consists of three steps. In the first step, we apply mapping rules to extract ontologies from individual databases. In the second step, we develop an algorithm to establish matching among different ontologies. In the final step, we merge the extracted ontologies. We develop a system to build ontologies from heterogeneous databases. Since the merged ontology is built from databases, we can establish a mapping from the ontology to the databases. Thus, our tool can be used to integrate databases based on the merged ontology. Our system also provides a visualization of the merged ontology and its mapping to the relational databases. © 2014 WIT Press."
Handling redundant processing in OBDA query execution over relational sources,"Bilidas, Dimitris (1); Koubarakis, Manolis (1) ",Journal of Web Semantics,2021,English,10.1016/j.websem.2021.100639,"Redundant processing is a key problem in the translation of initial queries posed over an ontology into SQL queries, through mappings, as it is performed by ontology-based data access systems. Examples of such processing are duplicate answers obtained during query evaluation, which must finally be discarded, or common expressions evaluated multiple times from different parts of the same complex query. Many optimizations that aim to minimize this problem have been proposed and implemented, mostly based on semantic query optimization techniques, by exploiting ontological axioms and constraints defined in the database schema. However, data operations that introduce redundant processing are still generated in many practical settings, and this is a factor that impacts query execution. In this work we propose a cost-based method for query translation, which starts from an initial result and uses information about redundant processing in order to come up with an equivalent, more efficient translation. The method operates in a number of steps, by relying on certain heuristics indicating that we obtain a more efficient query in each step. Through experimental evaluation using the Ontop system for ontology-based data access, we exhibit the benefits of our method. © 2021 Elsevier B.V."
Database to ontology mapping patterns in RDB2OWL lite,"erns, Krlis (1); Bmans, Guntars (1) ",Communications in Computer and Information Science,2016,English,10.1007/978-3-319-40180-5_3,"We describe the RDB2OWL Lite language for relational database to RDF/OWL mapping specification and discuss the architectural and content specification patterns arising in mapping definition. RDB2OWL Lite is a simplification of original RDB2OWL with aggregation possibilities and order-based filters removed, while providing in-mapping SQL view definition possibilities. The mapping constructs and their usage patterns are illustrated on mapping examples from medical domain: medicine registries and hospital information system. The RDB2OWL Lite mapping implementation is offered both via translation into D2RQ and into standard R2RML mapping notations. © Springer International Publishing Switzerland 2016."
MIRROR: Automatic R2RML mapping generation from relational databases,"de Medeiros, Luciano Frontino (1); Priyatna, Freddy (2); Corcho, Oscar (2) ",Lecture Notes in Computer Science (including subseries Lecture Notes in Artificial Intelligence and Lecture Notes in Bioinformatics),2015,English,10.1007/978-3-319-19890-3_21,"Two W3C recommendations exist for the transformation of RDB content into RDF: Direct Mapping (DM) and R2RML. The DM recommendation specifies the set of fixed transformation rules, whilst R2RML allows customising them. Here we describe the MIRROR system, which generates two sets of R2RML mappings. First, it creates a set of mappings that allow any R2RML engine to generate a set of RDF triples homomorphic to the ones that a DM engine would generate (they only differentiate in the URIs used). This allows R2RML engines to exhibit a similar behaviour to that of DM engines. Second, it produces an additional set of R2RML mappings that allow generating triples resulting from the implicit knowledge encoded in relational database schemas, such as subclass-of and M-N relationships. We demonstrate the behaviour of MIRROR using the W3C DM Test Case together with an extended version of one of its databases. © Springer International Publishing Switzerland 2015."
Ontology Based Data Access Methods to Teach Students to Transform Traditional Information Systems and Simplify Decision Making Process,"Chuprina, S. (1); Postanogov, I. (1); Nasraoui, O. (2) ",Procedia Computer Science,2016,English,10.1016/j.procs.2016.05.458,"We describe a service-based approach that provides a natural language interface to legacy information systems, built on top of relational database management systems. The long term goal is to make data management and analysis accessible to a wider range of users for a diverse range of purposes and to simplify the decision making process. We present an ontology-driven web-service, named Reply, that transforms traditional information systems into intelligent systems, endowed with a natural language interface, so that they can be queried by any novice user much like modern day search engines. The principal mechanism of our approach is turning a natural language query into a SQL-query for structured data sources by using Ontology-Based Data Access methods. We also outline how the proposed approach allows semantic searching of large structured, unstructured, or semi-structured data within the database or outside sources, thus helping bridge the talent gap in the case of Big Data Analytics used by researchers and postgraduate students. [All rights reserved Elsevier]."
Efficient SPARQL to SQL translation with user defined mapping,"Chaloupka, Milo (1); Neaský, Martin (1) ",Communications in Computer and Information Science,2016,English,10.1007/978-3-319-45880-9_17,"The RDF framework is becoming popular for presenting data. It makes the data easily accessible and queryable. However, the most common way how to store structured data is to use a relational database system. It is essential to create a mapping between these two worlds, to publish the data stored in a relational database in the RDF format. That can be effectively achieved by a virtual SPARQL endpoint over relational data. There are already existing tools providing virtual SPARQL endpoints, but as we will show in the paper there is still space for improvement. In this paper we propose an algorithm to query RDF data stored in a relational database with an user defined mapping. Our aim is to generate SQL queries which can be effectively executed on the relational engines. In comparison to existing approaches we do not rely only on the optimizations of the relational query, but the SPARQL query first. © Springer International Publishing Switzerland 2016."
Mapping analysis in ontology-based data access: Algorithms and complexity,"Lembo, Domenico (1); Mora, Jose (1); Rosati, Riccardo (1); Savo, Domenico Fabio (1); Thorstensen, Evgenij (2) ",Lecture Notes in Computer Science (including subseries Lecture Notes in Artificial Intelligence and Lecture Notes in Bioinformatics),2015,English,10.1007/978-3-319-25007-6_13,"Ontology-based data access (OBDA) is a recent paradigm for accessing data sources through an ontology that acts as a conceptual, integrated view of the data, and declarative mappings that connect the ontology to the data sources. We study the formal analysis of mappings in OBDA. Specifically, we focus on the problem of identifying mapping inconsistency and redundancy, two of the most important anomalies for mappings in OBDA. We consider a wide range of ontology languages that comprises OWL 2 and all its profiles, and examine mapping languages of different expressiveness over relational databases. We provide algorithms and establish tight complexity bounds for the decision problems associated with mapping inconsistency and redundancy. Our results prove that, in our general framework, such forms of mapping analysis enjoy nice computational properties, in the sense that they are not harder than standard reasoning tasks over the ontology or over the relational database schema. © Springer International Publishing Switzerland 2015."
Data access in heterogeneous data sources using object relational database,"Hema, M.S. (1); Maheshprabhu, R. (1); Nageswara Guptha, M. (2) ",Communications in Computer and Information Science,2018,English,10.1007/978-981-10-7635-0_3,"Data sourcing or integration is inevitable in current business scenario. Major issues of data sourcing from heterogeneous data sources are lack of semantic richness and deprived querying. To overcome these issues, an Ontology Based Data federation using Object Relational Database (OBDF-ORDB) architecture has been proposed and implemented. This OBDF-ORDB architecture consists of semantic layer and transformation & query layer. In semantic layer the ontology used to create local and global schema to enrich the semantics. In transformation & querying layer, Object Relational Database (ORDB) is used for storing the local ontology, global ontology to improve storage, maintenance and retrieval. The transformation rule engine proposed for the architecture converts and stores the local ontology and global ontology from flat OWL file to ORDB. The user queries are passed to ORDB for result extraction. To analyze the performance of the OBDF-ORDB architecture E-shopping application is selected. Experimental results shows that the proposed OBDF-ORDB architecture is relatively better than the traditional data access and ontology based data access in recall and response time. It is observed that the recall mechanism in OBDF-ORDB architecture has been improved by 25% compared to traditional data federation and response time is reduced by 15% compared to ontology based data federation. © Springer Nature Singapore Pte Ltd. 2018."
Ontology-based data access and visualization of big vector and raster data,"Bereta, Konstantina (1); Stamoulis, George (1); Koubarakis, Manolis (1) ",International Geoscience and Remote Sensing Symposium (IGARSS),2018,English,10.1109/IGARSS.2018.8518255,"We present an Ontology-based data access technique for the integration of geospatial data from different sources and different formats using ontologies and mappings. Our technique is implemented in the system Ontop-spatial, which enables the execution of GeoSPARQL queries over geospatial relational databases storing vector or raster data by performing on-the-fly GeoSPARQL-to-SQL translation using ontologies and mappings. Ontop-spatial is generally more efficient than traditional geospatial RDF stores. Linked geospatial data can then be visualised on the map using Sextant, an online tool for browsing and visualisation of linked geospatial data. © 2018 IEEE"
Efficient Ontology-Based Data Integration with Canonical IRIs,"Xiao, Guohui (1); Hovland, Dag (2); Bilidas, Dimitris (3); Rezk, Martin (4); Giese, Martin (2); Calvanese, Diego (1) ",Lecture Notes in Computer Science (including subseries Lecture Notes in Artificial Intelligence and Lecture Notes in Bioinformatics),2018,English,10.1007/978-3-319-93417-4_45,"In this paper, we study how to efficiently integrate multiple relational databases using an ontology-based approach. In ontology-based data integration (OBDI) an ontology provides a coherent view of multiple databases, and SPARQL queries over the ontology are rewritten into (federated) SQL queries over the underlying databases. Specifically, we address the scenario where records with different identifiers in different databases can represent the same entity. The standard approach in this case is to use sameAs to model the equivalence between entities. However, the standard semantics of sameAs may cause an exponential blow up of query results, since all possible combinations of equivalent identifiers have to be included in the answers. The large number of answers is not only detrimental to the performance of query evaluation, but also makes the answers difficult to understand due to the redundancy they introduce. This motivates us to propose an alternative approach, which is based on assigning canonical IRIs to entities in order to avoid redundancy. Formally, we present our approach as a new SPARQL entailment regime and compare it with the sameAs approach. We provide a prototype implementation and evaluate it in two experiments: in a real-world data integration scenario in Statoil and in an experiment extending the Wisconsin benchmark. The experimental results show that the canonical IRI approach is significantly more scalable. © 2018, Springer International Publishing AG, part of Springer Nature."
Rules and Ontology Based Data Access,"Guohui Xiao (1); Rezk, M. (1); Rodríguez-Muro, M. (2); Calvanese, D. (1) ","Web Reasoning and Rule Systems. 8th International Conference, RR 2014. Proceedings: LNCS 8741",2014,English,10.1007/978-3-319-11113-1_11,"In OBDA an ontology defines a high level global vocabulary for user queries, and such vocabulary is mapped to (typically relational) databases. Extending this paradigm with rules, e.g., expressed in SWRL or RIF, boosts the expressivity of the model and the reasoning ability to take into account features such as recursion and n-ary predicates. We consider evaluation of SPARQL queries under rules with linear recursion, which in principle is carried out by a 2-phase translation to SQL: (1) The SPARQL query, together with the RIF/SWRL rules, and the mappings is translated to a Datalog program, possibly with linear recursion; (2) The Datalog program is converted to SQL by using recursive common table expressions. Since a naive implementation of this translation generates inefficient SQL code, we propose several optimisations to make the approach scalable. We implement and evaluate the techniques presented here in the Ontop system. To the best of our knowledge, this results in the first system supporting all of the following W3C standards: the OWL 2 QL ontology language, R2RML mappings, SWRL rules with linear recursion, and SPARQL queries. The preliminary but encouraging experimental results on the NPD benchmark show that our approach is scalable, provided optimisations are applied."
Ontology based data integration and mapping for adverse drug reaction,"Yadav, M. (1); Singh, V. (2); Prachi (1) ","2021 6th International Conference on Signal Processing, Computing and Control (ISPCC)",2021,English,10.1109/ISPCC53510.2021.9609499,"There is an increasing interest to transform and integrate data obtained from variety of sources in the health care domain. This transformation and integration is particularly beneficial in adverse drug reaction (ADR) that may occur due to inhalation of a drug and requires quick treatment to reduce the risk of life. It has been proved in the literature that an expert system based on prior knowledge or supervised learning is beneficial for diagnosis of ADR. A ubiquitous semantic rich knowledge data set is essential for machine learning based clinical expert systems to deal with emergency in case of ADR. This paper highlights the method to integrate heterogeneous data from various clinical sources in ontological format for ADR. Thereafter, the data in ontological format is linked to various standard medical terminologies like SNOMED CT(Systematized Nomenclature of Medicine -Clinical Terms) and MedDRA (Medical Dictionary for Regulatory Activities) in order to make it more general, standardized and semantically rich with the help of TOP SPIN (TopQuadrant SPAQL Inferencing Notation) and SHACL (Shapes Constraint Language) rules. Furthermore the ontology is mapped to domain ontology OAE (Ontology for Adverse Events) to make it more powerful knowledgebase for query retrieval and searching. The objective behind this work is to obtain an integrated ontology or RDF (Resource Description Framework) Turtle format integrated data from heterogeneous resources (XML Data, Relational Data and ASCII Text Data). Further, it ensures linking to medical standards by utilizing different capabilities and plugins of Top Braid Composer maestro edition."
A framework for analysis of ontology-based data access,"Konys, Agnieszka (1) ",Lecture Notes in Computer Science (including subseries Lecture Notes in Artificial Intelligence and Lecture Notes in Bioinformatics),2016,English,10.1007/978-3-319-45246-3_38,"In last decade the terms related to Semantic Web become significant elements in the efficient way of information retrieval, processing and supporting availability of machine readable data. An ontology offers a wide spectrum of its application for data access. Ontology-Based Data Access is regarded as a key ingredient for the new generation of information systems, especially for Semantic Web applications that involve large amounts of data. OBDA system uses an ontology as a conceptual schema of the subject domain, and as a basis of the user interface for SQL database systems. This paper presents the complex overview of OBDA systems and a framework for analysis of selected tools for OBDA system creation. © Springer International Publishing Switzerland 2016."
Automatic transformation of relational database schema into OWL ontologies,"Zarembo, Imants (1) ","Vide. Tehnologija. Resursi - Environment, Technology, Resources",2015,English,10.17770/etr2015vol3.170,"Ontology alignment, or ontology matching, is a technique of mapping different concepts between ontologies. For this purpose at least two ontologies are required. In certain scenarios, such as data integration, heterogeneous database integration and data model compatibility evaluation, a need to transform a relational database schema to an ontology can arise. To conduct a successful transformation it is necessary to identify the differences between relational database schema and ontology information representation methods, and then to define the transformation rules. The most straight forward but time consuming way to carry out transformation is to do it manually. Often this is not an option due to the size of data to be transformed. For this reason there is a need for an automated solution. The automatic transformation of OWL ontology from relational database schema is presented in this paper; the data representation differences between relational database schema and OWL ontologies are described; the transformation rules are defined and the transformation tool’s prototype is developed to perform the described transformation. © Rezekne Higher Education Institution (Rzeknes Augstskola), Rezekne 2015."
A survey of approaches to representing SPARQL variables in SQL queries,"M., Chaloupka; M., Neaský ",Lecture Notes in Computer Science (including subseries Lecture Notes in Artificial Intelligence and Lecture Notes in Bioinformatics),2017,English,10.1007/978-3-319-69459-7_21,"RDF is a universal data model for publishing structured data on the Web. On the other hand, many structured data is stored in relational database systems. To support publishing data in the RDF model, it is essential to close the gap between the relational and RDF worlds. A virtual SPARQL endpoint over relational data is a promising approach to achieve that. To build a virtual SPARQL endpoint, we need to know how to translate SPARQL queries to corresponding SQL queries. There exist several approaches to such transformation. Most of them are focused on the processing of user-defined mapping. The user-defined mapping gives an user the ability to define a mapping of a stored relation data to almost any RDF representation. In this paper we focus on one of the core problems of the transformation: how to represent variables from a given SPARQL query in the corresponding SQL query. We survey variable representations from existing approaches; how the selected representation affects the soundness and performance of the whole transformation approach. © 2017, Springer International Publishing AG."
Ontology-based Document Spanning Systems for Information Extraction,"Lembo, Domenico (1); Scafoglieri, Federico Maria (1) ",International Journal of Semantic Computing,2020,English,10.1142/S1793351X20400012,"Information Extraction (IE) is the task of automatically organizing in a structured form data extracted from free text documents. In several contexts, it is often desirable that the extracted data are then organized according to an ontology, which provides a formal and conceptual representation of the domain of interest. Ontologies allow for a better data interpretation, as well as for their semantic integration with other information, as in Ontology-based Data Access (OBDA), a popular declarative framework for data management where an ontology is connected to a data layer through mappings. However, the data layer considered so far in OBDA has consisted essentially of relational databases, and how to declaratively couple an ontology with unstructured data sources is still unexplored. By leveraging the recent study on document spanners for rule-based IE by Fagin et al., in this paper, we propose a new framework that allows to map text documents to ontologies, in the spirit of OBDA. We investigate the problem of answering conjunctive queries in this framework. For ontologies specified in the Description Logics DL-Lite and DL-Lite, we show that the problem is polynomial in the size of the underlying documents. We also provide algorithms to solve query answering by rewriting the input query on the basis of the ontology and its mapping toward the source documents. Through these techniques, we pursue a virtual approach, similar to that typically adopted in OBDA, which allows us to answer a query without having to first populate the entire ontology. Interestingly, for DL-Lite, both the spanners used in the mapping and the one computed by the rewriting algorithm belong to the same class of expressiveness. This holds also for DL-Lite, modulo some limitations on the form of the mapping. These results say that in these cases our framework can be easily implemented by decoupling ontology management and document access, which can be delegated to an external IE system able to process the extraction rules we use in the mapping. © 2020 World Scientific Publishing Company."
Querying fuzzy spatiotemporal RDF data using R2RML mappings,Luyi Bai (1); Jiajia Lu (1); Shuangdi Wang (1) ,2020 IEEE International Conference on Fuzzy Systems (FUZZ-IEEE),2020,English,10.1109/FUZZ48607.2020.9177656,"With the development of Internet technology, information management has shown a spurt of growth. In real-life applications, information usually includes spatial, temporal, or spatiotemporal features. Spatiotemporal data has temporal and spatial attributes, and these attributes are often fuzzy. Due to the great significance of fuzzy spatiotemporal data management, how to query fuzzy spatiotemporal data efficiently and effectively has become an important research issue. In that case, this paper formally proposes a new implementation method, which is the query processing of fuzzy spatiotemporal data. In view of the advantages of the most advanced mapping method (R2RML) in data transformation, three algorithms are proposed to transform fuzzy spatiotemporal data from relational database into fuzzy RDF data based on R2RML. On this basis, according to the characteristics of fuzzy RDF data, we give three different fuzzy quantifiers (extreme fuzzy quantifier, range fuzzy quantifier, degree fuzzy quantifier) to represent fuzzy spatiotemporal RDF data. Since SPARQL plays an important role in querying RDF data, it is used for the query of fuzzy spatiotemporal RDF data. In addition, three kinds of fuzzy quantifiers are designed, and the experimental results show the superiority of this method by analyzing experiments in the aspects of the recall and precision."
Ontop: answering SPARQL queries over relational databases,"Calvanese, D. (1); Cogrel, B. (1); Komla-Ebri, S. (1); Kontchakov, R. (2); Lanti, D. (1); Rezk, M. (1); Rodriguez-Muro, M. (3); Guohui Xiao (1) ","Semantic Web - Interoperability, Usability, Applicability",2017,English,10.3233/SW-160217,"We present Ontop, an open-source Ontology-Based Data Access (OBDA) system that allows for querying relational data sources through a conceptual representation of the domain of interest, provided in terms of an ontology, to which the data sources are mapped. Key features of Ontop are its solid theoretical foundations, a virtual approach to OBDA, which avoids materializing triples and is implemented through the query rewriting technique, extensive optimizations exploiting all elements of the OBDA architecture, its compliance to all relevant W3C recommendations (including SPARQL queries, R2RML mappings, and OWL 2 QL and RDFS ontologies), and its support for all major relational databases."
Efficient handling of SPARQL OPTIONAL for OBDA,"Xiao, Guohui (1); Kontchakov, Roman (2); Cogrel, Benjamin (1); Calvanese, Diego (1); Botoeva, Elena (1) ",Lecture Notes in Computer Science (including subseries Lecture Notes in Artificial Intelligence and Lecture Notes in Bioinformatics),2018,English,10.1007/978-3-030-00671-6_21,"OPTIONAL is a key feature in SPARQL for dealing with missing information. While this operator is used extensively, it is also known for its complexity, which can make efficient evaluation of queries with OPTIONAL challenging. We tackle this problem in the Ontology-Based Data Access (OBDA) setting, where the data is stored in a SQL relational database and exposed as a virtual RDF graph by means of an R2RML mapping. We start with a succinct translation of a SPARQL fragment into SQL. It fully respects bag semantics and three-valued logic and relies on the extensive use of the LEFT JOIN operator and COALESCE function. We then propose optimisation techniques for reducing the size and improving the structure of generated SQL queries. Our optimisations capture interactions between JOIN, LEFT JOIN, COALESCE and integrity constraints such as attribute nullability, uniqueness and foreign key constraints. Finally, we empirically verify effectiveness of our techniques on the BSBM OBDA benchmark. © Springer Nature Switzerland AG 2018."
Answering geosparql queries over relational data,"Bereta, K. (1); Xiao, G. (2); Koubarakis, M. (1) ","International Archives of the Photogrammetry, Remote Sensing and Spatial Information Sciences - ISPRS Archives",2017,English,10.5194/isprs-archives-XLII-4-W2-43-2017,"In this paper we present the system Ontop-spatial that is able to answer GeoSPARQL queries on top of geospatial relational databases, performing on-the-fly GeoSPARQL-to-SQL translation using ontologies and mappings. GeoSPARQL is a geospatial extension of the query language SPARQL standardized by OGC for querying geospatial RDF data. Our approach goes beyond relational databases and covers all data that can have a relational structure even at the logical level. Our purpose is to enable GeoSPARQL querying on-the-fly integrating multiple geospatial sources, without converting and materializing original data as RDF and then storing them in a triple store. This approach is more suitable in the cases where original datasets are stored in large relational databases (or generally in files with relational structure) and/or get frequently updated. © Authors 2017."
Ontology-based data access with databases: A short course,"Kontchakov, Roman (1); Rodríguez-Muro, Mariano (2); Zakharyaschev, Michael (1) ",Lecture Notes in Computer Science (including subseries Lecture Notes in Artificial Intelligence and Lecture Notes in Bioinformatics),2013,English,10.1007/978-3-642-39784-4_5,"Ontology-based data access (OBDA) is regarded as a key ingredient of the new generation of information systems. In the OBDA paradigm, an ontology defines a high-level global schema of (already existing) data sources and provides a vocabulary for user queries. An OBDA system rewrites such queries and ontologies into the vocabulary of the data sources and then delegates the actual query evaluation to a suitable query answering system such as a relational database management system or a datalog engine. In this chapter, we mainly focus on OBDA with the ontology language OWL 2QL, one of the three profiles of the W3C standard Web Ontology Language OWL 2, and relational databases, although other possible languages will also be discussed. We consider different types of conjunctive query rewriting and their succinctness, different architectures of OBDA systems, and give an overview of the OBDA system Ontop. © 2013 Springer-Verlag."
An adaptive and real-time based architecture for financial data integration,"Fikri, N. (1); Rida, M. (1); Abghour, N. (1); Moussaid, K. (1); El Omri, A. (1) ",Journal of Big Data,2019,English,10.1186/s40537-019-0260-x,"In this paper we are proposing an adaptive and real-time approach to resolve real-time financial data integration latency problems and semantic heterogeneity. Due to constraints that we have faced in some projects that requires real-time massive financial data integration and analysis, we decided to follow a new approach by combining a hybrid financial ontology, resilient distributed datasets and real-time discretized stream. We create a real-time data integration pipeline to avoid all problems of classic Extract-Transform-Load tools, which are data processing latency, functional miscomprehensions and metadata heterogeneity. This approach is considered as contribution to enhance reporting quality and availability in short time frames, the reason of the use of Apache Spark. We studied Extract-Transform-Load (ETL) concepts, data warehousing fundamentals, big data processing technics and oriented containers clustering architecture, in order to replace the classic data integration and analysis process by our new concept resilient distributed DataStream for online analytical process (RDD4OLAP) cubes which are consumed by using Spark SQL or Spark Core basics."
On the potential integration of an ontology-based data access approach in NoSQL stores,"Curé, Oliver (1); Kerdjoudj, Fadhela (1); Faye, David (2); Le Duc, Chan (3); Lamolle, Myriam (3) ",International Journal of Distributed Systems and Technologies,2013,English,10.4018/jdst.2013070102,"NoSQL stores are emerging as an efficient alternative to relational database management systems in the context of big data. Many actors in this domain consider that to gain a wider adoption, several extensions have to be integrated. Some of them focus on the ways of proposing more schemas, supporting adapted declarative query languages and providing integrity constraints in order to control data consistency and enhance data quality. The authors consider that these issues can be dealt with in the context of Ontology Based Data Access (OBDA). OBDA is a new data management paradigm that exploits the semantic knowledge represented in ontologies when querying data stored in a database. They provide a proof of concept of OBDA's ability to tackle these three issues in a social application related to the medical domain. Copyright © 2013, IGI Global."
Ontology-based data access: Ontop of databases,"Rodríguez-Muro, Mariano (1); Kontchakov, Roman (2); Zakharyaschev, Michael (2) ",Lecture Notes in Computer Science (including subseries Lecture Notes in Artificial Intelligence and Lecture Notes in Bioinformatics),2013,English,10.1007/978-3-642-41335-3_35,"We present the architecture and technologies underpinning the OBDA system Ontop and taking full advantage of storing data in relational databases. We discuss the theoretical foundations of Ontop: the tree-witness query rewriting, T-mappings and optimisations based on database integrity constraints and SQL features. We analyse the performance of Ontop in a series of experiments and demonstrate that, for standard ontologies, queries and data stored in relational databases, Ontop is fast, efficient and produces SQL rewritings of high quality. © 2013 Springer-Verlag."
Exploring ontology-enhanced bibliography databases using faceted search,"Pankowski, Tadeusz (1) ",Lecture Notes in Computer Science (including subseries Lecture Notes in Artificial Intelligence and Lecture Notes in Bioinformatics),2017,English,10.1007/978-3-319-67008-9_3,"In this paper, we exploited the application of the Ontology Based Data Access (OBDA) approach, equipped with faceted search utilities, to explore bibliography databases. A bibliography database is enhanced by means of an ontology leading to a bibliography information space. We show that faceted search paradigm to explore such information space is particularly attractive. We describe an implementation of this approach in DAFO system. We focus on formulating faceted queries over the ontology, mapping the ontology to a relational database, and on transforming the query to executable forms. The final version of a faceted query is a SQL query that is executed in a relational database system. The computational results show that the usage of faceted search-oriented way of modeling and retrieving information is very promising. © Springer International Publishing AG 2017."
Validation and Evaluation of the Mapping Process for Generating Ontologies from Relational Databases,"Benmahria, B. (1); Chaker, I. (1); Zahi, A. (1) ",New Knowledge in Information Systems and Technologies. Advances in Intelligent Systems and Computing (930),2019,English,10.1007/978-3-030-16181-1_32,"In this paper, we propose a generalized approach for mapping a relational database into ontology. This proposed approach is composed of two main phases. The first one consists of generating the ontology from the relational database, based on a direct mapping process by using R2RML language. The second one is devoted to evaluating the correctness of the generated ontology, with regards to two validation criteria, Information preservation, and Query preservation. In addition, we evaluate the computational performance of the proposed mapping process in terms of storage space and execution time."
Towards the next generation of the LinkedGeoData project using virtual knowledge graphs,"Ding, Linfang (1); Xiao, Guohui (1, 2); Pano, Albulen (1, 2); Stadler, Claus (3); Calvanese, Diego (1, 2, 4) ",Journal of Web Semantics,2021,English,10.1016/j.websem.2021.100662,"With the advancement of Semantic Technologies, large geospatial data sources have been increasingly published as Linked data on the Web. The LinkedGeoData project is one of the most prominent such projects to create a large knowledge graph from OpenStreetMap (OSM) with global coverage and interlinking of other data sources. In this paper, we report on the ongoing effort of exposing the relational database in LinkedGeoData as a SPARQL endpoint using Virtual Knowledge Graph (VKG) technology. Specifically, we present two realizations of VKGs, using the two systems Sparqlify and Ontop. In order to improve compliance with the OGC GeoSPARQL standard, we have implemented GeoSPARQL support in Ontop v4. Moreover, we have evaluated the VKG-powered LinkedGeoData in the test areas of Italy and Germany. Our experiments demonstrate that such system supports complex GeoSPARQL queries, which confirms that query answering in the VKG approach is efficient. © 2021 The Author(s)"
Specification of the Schema of Spreadsheets for the Materialization of Ontologies from Integrated Data Sources,"Gómez, Sergio Alejandro (1, 2); Fillottrani, Pablo Rubén (1, 2) ",Communications in Computer and Information Science,2021,English,10.1007/978-3-030-75836-3_17,"In Ontology-Based Data Access (OBDA), a knowledge base known as an ontology models both the problem domain and the underlying data sources. We are concerned with providing with tools for performing OBDA with relational and non-relational data sources. We developed an OBDA tool that is able to access H2 databases, CSV files and Excel spreadsheets allowing the user to explicitly formulate mappings, and populating an ontology that can be saved for later querying. In this paper, we present a language for specifying the schema of the data in a spreadsheet data application, which then can be used to access the contents of a set of Excel books with the ultimate goal of materializing its data as an OWL/RDF ontology. We characterize the syntax and semantics of the language, present a prototypical implementation and report on the performance tests showing that our implementation can handle a workload of Excel tables of the order of ten thousand records. We also show a case study in which the ontology of an idealized university library can be defined using the our tool integrating both relational and spreadsheet data. © 2021, Springer Nature Switzerland AG."
Combination of DM and OBDA for ontology generation from relational database,"Rong, Wenge (1, 2); Li, Rifan (1); Sheng, Hao (1, 2); Ouyang, Yuanxin (1, 2); Xiong, Zhang (1) ","Proceedings - 2013 IEEE 11th International Conference on Dependable, Autonomic and Secure Computing, DASC 2013",2013,English,10.1109/DASC.2013.94,"Nowadays a large amount of data on the web are stored in relational database (RDB). How to effectively map these data to ontology has become one of the most important challenges in semantic web. Several efforts have been conducted in this area and direct mapping (DM) is a notable one as the W3C candidate recommendation. Though DM has shown its effectiveness, it still faces a lot of challenges. Its performance in term of storage space and time complexity will become worse when RDBS is becoming big and updating frequently. Furthermore, it cannot satisfy monotonicity and semantics preservation at the same time. In this paper, inspired by the idea of ontology-based data access (OBDA), a mechanism is proposed where database is accessed via description logic (DL) ontology and a real TBox and mapping file will be generated accordingly. This method can achieve similar function compared to standard ontology like OWL. The experimental study has shown that it can provide better performance with regard to the storage space and ontology generation time. It has also shown its capability in supporting rapid query process. Different from the other methods which generate virtue RDF data, the proposed approach can also support adding rules, which will enhance the semantic expression ability of the knowledge base. © 2013 IEEE."
SPARQL Update queries over R2RML mapped data sources,"Unbehauen, Jörg (1); Martin, Michael (1) ","Lecture Notes in Informatics (LNI), Proceedings - Series of the Gesellschaft fur Informatik (GI)",2017,English,10.18420/in2017_189,"In the Linked Data Life Cycle mapping and extracting data from structured sources is an essential step in building a knowledge graph. In existing data life cycles this process is unidirectional, i.e. the data is extracted from the source but changes like cleaning and linking are not fed back into the originating system. SPARQL-to-SQL rewriters create virtual RDF without materializing data by exposing SPARQL endpoints. With the Update extension of our SparqlMap system we provide read/write access to structured data sources to enable a tighter integration of the source systems in knowledge refinement process. in this paper, we discuss three different update methods and further describe in two scenarios how the source system can benefit from feed back from the Linked Data integration. © 2017 Gesellschaft fur Informatik (GI). All rights reserved."
Optimizing SPARQL-to-SQL rewriting,"Unbehauen, Jörg (1); Stadler, Claus (1); Auer, Sören (2) ",ACM International Conference Proceeding Series,2013,English,10.1145/2539150.2539247,"The vast majority of the structured data of our age is stored in relational databases. In order to link and integrate this data on the Web, it is of paramount importance to map relational data to the RDF data model and make Linked Data interfaces to the data available. We can distinguish two main approaches: First, the database can be transformed into RDF row by row and the resulting knowledge base can be exposed using a triple store. Second, an RDB2RDF mapper performs SPARQL-to-SQL rewriting and thus exposes a virtual RDF graph based on the relational database. The key challenge of such a SPARQL-to-SQL rewriting is to create a SQL query which can be efficiently executed by the optimizer of the underlying relational database. In this article we discuss and evaluate the impact of different optimizations on query execution time using SparqlMap, a R2RML compliant SPARQL-to-SQL rewriter and compare the performance with state-of-the-art systems. © 2013 ACM."
Ontology-based data access systems,"Kogalovsky, M.R. (1) ",Programming and Computer Software,2012,English,10.1134/S0361768812040032,"Studies aimed at ensuring semantic access to databases have a long history and originated at early stages of database technology development. Unfortunately, they have not led yet to the creation of widely accepted industrial technologies. In the last decade, the activity of the W3C consortium in the field of Semantic Web and development of standards of the ontology description languages induced a new activity wave in developing tools for systems of semantic access to databases and a new class of database systems, the so-called ontology-based data access (OBDA) systems. In such systems, ontology is used as a conceptual schema of the subject domain and as a basis of the user interface for SQL database systems. Approaches proposed in recent years do not ensure “final” solution of the problem. Nevertheless, ontology description languages were created that make it possible to achieve an acceptable compromise between their expressiveness, which remains sufficient for many applications, and computational complexity of reasoning on ontologies and processing queries to data stored in large databases. Prerequisites have been created for appearance of industrial technologies for development of systems of the above-specified class. In the paper, a survey of recent basic results and developments in this field is presented."
Using ontology merging for the integration of information systems and the production capacity planning system,"Yarushkina, N. (1); Romanov, A. (1); Filippov, A. (1); Dolganovskaya, A. (1); Grigoricheva, M. (1) ",CEUR Workshop Proceedings,2019,English,10.18287/1613-0073-2019-2416-401-408,This article describes the method of integrating information systems of an aircraft factory with the production capacity planning system based on the ontology merging. The ontological representation is formed for each relational database (RDB) of integrated information systems. The ontological representation is formed in the process of analyzing the structure of the relational database of the information system (IS). Based on the ontological representations merging the integrating data model is formed. The integrating data model is a mechanism for semantic integration of data sources. © 2019 CEUR Workshop Proceedings.
Mapping of description logic to the relational data model,"Andon, P.I. (1); Reznichenko, V.A. (1); Chistyakova, I.S. (1) ",Cybernetics and Systems Analysis,2017,English,10.1007/s10559-017-9998-3,"General issues of the data integration problem are discussed, including ontology-based data integration in the semantic web. The importance of establishing mappings between ontologies and relational databases is shown, and a brief analytical review of studies in this field is given. The binary relational data model is defined and the mapping of the description logic ALC and its extensions to the binary relational data model is described."
An approach for automatically generating R2RML-based direct mapping from relational databases,"Hazber, Mohamed A.G. (1); Li, Ruixuan (1); Xu, Guandong (2); Alalayah, Khaled M. (3, 4) ",Communications in Computer and Information Science,2016,English,10.1007/978-981-10-2053-7_15,"For integrating relational databases (RDBs) into semantic web applications, the W3C RDB2RDF Working Group recommended two approaches, Direct Mapping (DM) and R2RML. The DM provides a set of mapping rules according to RDB schema, while the R2RML allows users to manually define mappings according to existing target ontology. The major problem to use R2RML is the effort for creating R2RML mapping documents manually. This may lead to appearance of many mistakes in the R2RML documents and requires domain experts. In this paper, we propose and implement an approach to generate an R2RML mapping documents automatically from RDB schema. The R2RML mapping reflects the behavior of the DM specification and allows any R2RML parser to generate a set of RDF triples from relational data. The input of generating approach is DBsInfo class that automatically generated from relational schema. An experimental prototype is developed and shows the effectiveness of our approach algorithms. © Springer Science+Business Media Singapore 2016."
ALASKA for ontology based data access,"Baget, Jean-François (1); Croitoru, Madalina (1); Da Silva, Bruno Paiva Lima (1) ",Lecture Notes in Computer Science (including subseries Lecture Notes in Artificial Intelligence and Lecture Notes in Bioinformatics),2013,English,10.1007/978-3-642-41242-4_16,"Choosing the tools for the management of large and semi-structured knowledge bases has always been considered as a quite crafty task. This is due to the emergence of different solutions in a short period of time, and also to the lack of benchmarking available solutions. In this paper, we use ALASKA, a logical framework, that enables the comparison of different storage solutions at the same logical level. ALASKA translates different data representation languages such as relational databases, graph structures or RDF triples into logics. We use the platform to load semi-structured knowledge bases, store, and perform conjunctive queries over relational and non-relational storage systems. © Springer-Verlag 2013."
Ontology-based data access: an application to intermodal logistics,"Casu, M. (1); Cicala, G. (1); Tacchella, A. (1) ",Information Systems Frontiers,2013,English,10.1007/s10796-012-9395-4,"In this paper, we investigate ontology-based data access (OBDA) to build information systems whose purposes are (i) gathering data from a network of intermodal terminals, and (ii) computing performance indicators of the network. This application domain is characterized by large amounts of data and relatively simple data models, making it a natural challenge for logic-based knowledge representation and reasoning techniques. Considering relational database (RDB) technology as a yardstick, we show that careful engineering of OBDA can achieve RDB-like scalability even in demanding applications. To the best of our knowledge, this is the first study evaluating the potential of OBDA in a typical business-size application."
Querying XML data using description logics,"Liu, Yixian (1); Li, Xin (1); Z., Zhu ","Proceedings - 2019 4th International Conference on Mechanical, Control and Computer Engineering, ICMCCE 2019",2019,English,10.1109/ICMCCE48743.2019.00162,"Recently, ontology-based data access is more and more employed in the context of data integration. That is, to the usual data layer of an information system we superimpose a conceptual layer to be exposed to the client. In this paper, we discuss a way to query XML data over conceptual layer using Description Logics. Given a XML data file, we first map the XML DTD to a corresponding relational schema preserving the original semantics of the XML DTD, and at the meantime, we store the XML data into the relational database. After that, we create an ontology described in Description Logics with respect to the relational schema. When a Description Logic query is posted to the ontology TBox, we map it to SQL query with respect to the relational database. In this way, we can query XML data using Description Logics. The main contribution of this thesis can be seen as the following two parts: 1. We proposed a mapping from XML DTD to relational schema with constraints preserving the original XML DTD semantics. 2. We described a framework of querying XML data using Description Logics, more precisely, the DL-LiteA logic. © 2019 IEEE."
Towards automating the creation of OBDA systems,"Postanogov, I.S. (1) ",Procedia Computer Science,2019,English,10.1016/j.procs.2019.02.086,"In the paper, we consider automating the process of constructing and debugging ontology-based data access systems by using the information stored in external ontology resources. In particular, for the constructing stage, we propose to use a tool that suggests concepts from external repositories for those tables from a relational database, which haven't been matched with concepts from a domain ontology by ontology alignment techniques. For the debugging stage, we show how a tool for navigation in a collection of ontologies can be used to simplify SPARQL query writing by generating lacking parts of query thus enhancing ontology engineer's productivity. The proposed approaches have been implemented and used in our system, named Reply, which transforms traditional information systems into intelligent systems with a natural language query interface. © 2019 The Authors. Published by Elsevier B.V. This is an open access article under the CC BY-NC-ND license (https://creativecommons.org/licenses/by-nc-nd/4.0/) Peer-review under responsibility of the scientific committee of the 13th International Symposium 'Intelligent Systems' (INTELS'18)."
Ontology based data integration of NoSQL datastores,"Kiran, V.K. (1); Vijayakumar, R. (2) ",2014 9th International Conference on Industrial and Information Systems (ICIIS),2014,English,10.1109/ICIINFS.2014.7036545,"NoSQL databases are suitable for network traffic loads experienced by today's websites. The important attributes that make them a favorable choice are inherent distributed nature, horizontal scalability and flexibility in data models. Hence, more data is now getting handled through NoSQL databases and sensible information extraction from these data stores is becoming a requirement. Information extraction may require sourcing data from multiple data sources, establishing relationship among them and querying across these data sources together. Ontology based semantic integration systems for Relational Database Management Systems (RDBMS) already exist that satisfies the above requirement. Many commercial systems are operational based on the above technique and tools and solutions for the above approach are very much mature. Hence, mapping the processing done in each stage of RDBMS based semantic integration systems to that of NoSQL systems can facilitate usage of existing tools and frameworks. The purpose of this work is to develop ontology based semantic integration system for a column-oriented NoSQL data store like HBase which is similar in architectural design to RDBMS."
RODI: A Benchmark for Automatic Mapping Generation in Relational-to-Ontology Data Integration,"Pinkel, C. (1); Binnig, C. (2); Jiménez-Ruiz, E. (3); May, W. (4); Ritze, D. (5); Skjæveland, M.G. (6); Solimando, A. (7); Kharlamov, E. (3) ","The Semantic Web - Latest Advances and New Domains: 12th European Semantic Web Conference, ESWC 2015. Proceedings: LNCS 9088",2015,English,10.1007/978-3-319-18818-8_2,"A major challenge in information management today is the integration of huge amounts of data distributed across multiple data sources. A suggested approach to this problem is ontology-based data integration where legacy data systems are integrated via a common ontology that represents a unified global view over all data sources. However, data is often not natively born using these ontologies. Instead, much data resides in legacy relational databases. Therefore, mappings that relate the legacy relational data sources to the ontology need to be constructed. Recent techniques and systems that automatically construct such mappings have been developed. The quality metrics of these systems are, however, often only based on self-designed benchmarks. This paper introduces a new publicly available benchmarking suite called RODI, which is designed to cover a wide range of mapping challenges in Relationalto-Ontology Data Integration scenarios. RODI provides a set of different relational data sources and ontologies (representing a wide range of mapping challenges) as well as a scoring function with which the performance of relational-to-ontology mapping construction systems may be evaluated."
Fast and Easy Mapping of Relational Data to RDF for Rapid Learning Health Care,"de Vos, M. (1); Weel, B. (1); Mendrik, A.M. (1); Dekker, A. (2); Van Soest, J. (2) ",2018 IEEE 14th International Conference on e-Science (e-Science). Proceedings,2018,English,10.1109/eScience.2018.00110,"This abstract describes a system that supports the creation and validation of relational data to ontologies. The proposed system is developed for rapid learning health care (RLHC), i.e., an evidence based approach to train cancer prediction models on clinical care data that is stored in multiple networked hospitals. Since clinical care data cannot leave the hospital due to privacy issues, distributed (machine) learning can be used, where the models are transferred, rather than the actual patient data. This requires clinical care data to be represented in a findable, accessible, interoperable and reusable (FAIR) manner. The proposed system uses an approach called Ontology Based Data Access (OBDA) to query the hospital data. To this end the relational data is mapped to a conceptual layer in the form of ontologies, i.e., shared vocabularies. These ontologies represent the meaning and values of the data while hiding the complicated structure of the original data sources. Currently, the creation of these mappings forms an obstacle in RLHC, as it requires considerable effort and knowledge from users, and validation of the mappings is difficult."
Ontology-based Data Access Using Views,"Sequeda, J.F. (1); Arenas, M. (2); Miranker, D.P. (1) ",Web Reasoning and Rule Systems. Proceedings of the 6th International Conference (RR 2012),2012,English,10.1007/978-3-642-33203-6_29,"The OWL 2 QL profile, which is based on DL-LiteR, has been designed so that query answering is possible using relational database technology via query rewriting. Unfortunately, given a query Q posed in terms of an OWL 2 QL ontology O, the size of the rewritten query, Qo, which can be evaluated directly on the relational database, is worst case exponential w.r.t the size of Q and O [1]. This means that the computation and evaluation of Q o can be costly. Recent research focuses on creating rewriting algorithms that generates Q o with a smaller size [3]."
Ultrawrap: SPARQL execution on relational data,"Sequeda, Juan F. (1); Miranker, Daniel P. (1) ",Journal of Web Semantics,2013,English,10.1016/j.websem.2013.08.002,"The Semantic Web's promise of web-wide data integration requires the inclusion of legacy relational databases,1 i.e. the execution of SPARQL queries on RDF representation of the legacy relational data. We explore a hypothesis: existing commercial relational databases already subsume the algorithms and optimizations needed to support effective SPARQL execution on existing relationally stored data. The experiment is embodied in a system, Ultrawrap, that encodes a logical representation of the database as an RDF graph using SQL views and a simple syntactic translation of SPARQL queries to SQL queries on those views. Thus, in the course of executing a SPARQL query, the SQL optimizer uses the SQL views that represent a mapping of relational data to RDF, and optimizes its execution. In contrast, related research is predicated on incorporating optimizing transforms as part of the SPARQL to SQL translation, and/or executing some of the queries outside the underlying SQL environment. Ultrawrap is evaluated using two existing benchmark suites that derive their RDF data from relational data through a Relational Database to RDF (RDB2RDF) Direct Mapping and repeated for each of the three major relational database management systems. Empirical analysis reveals two existing relational query optimizations that, if applied to the SQL produced from a simple syntactic translations of SPARQL queries (with bound predicate arguments) to SQL, consistently yield query execution time that is comparable to that of SQL queries written directly for the relational representation of the data. The analysis further reveals the two optimizations are not uniquely required to achieve a successful wrapper system. The evidence suggests effective wrappers will be those that are designed to complement the optimizer of the target database. © 2013 Elsevier B.V. All rights reserved."
"Ontology-based end-user visual query formulation: Why, what, who, how, and which?","Soylu, Ahmet (1); Giese, Martin (2); Jimenez-Ruiz, Ernesto (3); Kharlamov, Evgeny (3); Zheleznyakov, Dmitriy (3); Horrocks, Ian (3) ",Universal Access in the Information Society,2017,English,10.1007/s10209-016-0465-0,"Value creation in an organisation is a time-sensitive and data-intensive process, yet it is often delayed and bounded by the reliance on IT experts extracting data for domain experts. Hence, there is a need for providing people who are not professional developers with the flexibility to pose relatively complex and ad hoc queries in an easy and intuitive way. In this respect, visual methods for query formulation undertake the challenge of making querying independent of users’ technical skills and the knowledge of the underlying textual query language and the structure of data. An ontology is more promising than the logical schema of the underlying data for guiding users in formulating queries, since it provides a richer vocabulary closer to the users’ understanding. However, on the one hand, today the most of world’s enterprise data reside in relational databases rather than triple stores, and on the other, visual query formulation has become more compelling due to ever-increasing data size and complexity—known as Big Data. This article presents and argues for ontology-based visual query formulation for end-users; discusses its feasibility in terms of ontology-based data access, which virtualises legacy relational databases as RDF, and the dimensions of Big Data; presents key conceptual aspects and dimensions, challenges, and requirements; and reviews, categorises, and discusses notable approaches and systems. © 2016, Springer-Verlag Berlin Heidelberg."
Answering SPARQL Queries over Databases under OWL 2 QL Entailment Regime,"Kontchakov, R. (1); Rezk, M. (2); Rodríguez-Muro, M. (3); Guohui Xiao (2); Zakharyaschev, M. (1) ",The Semantic Web - ISWC 2014. 13th International Semantic Web Conference. Proceedings: LNCS 8796,2014,English,10.1007/978-3-319-11964-9_35,"We present an extension of the ontology-based data access platform Ontop that supports answering SPARQL queries under the OWL 2 QL direct semantics entailment regime for data instances stored in relational databases. On the theoretical side, we show how any input SPARQL query, OWL 2 QL ontology and R2RML mappings can be rewritten to an equivalent SQL query solely over the data. On the practical side, we present initial experimental results demonstrating that by applying the Ontop technologies-the tree-witness query rewriting, T-mappings compiling R2RML mappings with ontology hierarchies, and T-mapping optimisations using SQL expressivity and database integrity constraints-the system produces scalable SQL queries."
Query transformation in ontology-based relational data integration,"Wang, Jinpeng (1); Zhang, Yafei (1); Miao, Zhuang (1); Lu, Jianjiang (1) ",APWCS 2010 - 2010 Asia-Pacific Conference on Wearable Computing Systems,2010,English,10.1109/APWCS.2010.83,"The emergence of the Semantic Web brings new paradigm shift of computing in data integration research where data is heterogeneous and distributed. Ontology-based heterogeneous relational data integration has recently attracted many diverse contributions, since most of the information is still stored in relational databases. This paper focuses on the query transformation problem in such an integration scenario. To bridge the semantic gap between the express power of SPARQL and SQL, we describe the semantic of SPARQL graph patterns using relational algebra, which is intended to bring formality and generality to manipulability of SPARQL query. The semantic equivalence of this SPARQL relational algebra is further discussed and a SPARQL to SQL query transforming algorithm is presented. © 2010 IEEE."
Chimera: A Bridge Between Big Data Analytics and Semantic Technologies,"Belcao, Matteo (1); Falzone, Emanuele (1); Bionda, Enea (2); Valle, Emanuele Della (1) ",Lecture Notes in Computer Science (including subseries Lecture Notes in Artificial Intelligence and Lecture Notes in Bioinformatics),2021,English,10.1007/978-3-030-88361-4_27,"In the last decades, Knowledge Graph (KG) empowered analytics have been used to extract advanced insights from data. Several companies integrated legacy relational databases with semantic technologies using Ontology-Based Data Access (OBDA). In practice, this approach enables the analysts to write SPARQL queries both over KGs and SQL relational data sources by making transparent most of the implementation details. However, the volume of data is continuously increasing, and a growing number of companies are adopting distributed storage platforms and distributed computing engines. There is a gap between big data and semantic technologies. Ontop, one of the reference OBDA systems, is limited to legacy relational databases, and the compatibility with the big data analytics engine Apache Spark is still missing. This paper introduces Chimera, an open-source software suite that aims at filling such a gap. Chimera enables a new type of round-tripping data science pipelines. Data Scientists can query data stored in a data lake using SPARQL through Ontop and SparkSQL while saving the semantic results of such analysis back in the data lake. This new type of pipelines semantically enriches data from Spark before saving them back. © 2021, Springer Nature Switzerland AG."
An R2RML-based Mapping System from Metal Materials Database to Ontology,Chao Dong (1); Xiaoming Zhang (1); Wanzhen Zhou (1) ,"2013 Ninth International Conference on Semantics, Knowledge and Grids",2013,English,10.1109/SKG.2013.37,"Semantic Web and ontology play an important role in various research fields today, but are rarely used in the materials science domain. In this paper we propose an approach to find a mapping method from metal materials database to an ontology. The proposed method refers to the latest W3C standard DM and R2RML. The goal of the mapping system is to transform Relational Database (RDB) to the Resource Description Framework (RDF). R2RML mapping documents (TTL files) are used to record and organize mapping results manually selected by users. An algorithm which simulates the R2RML processor is designed to process the TTL files so as to finally generate RDF. An experimental prototype is developed to implement the algorithm and demonstrate our approach."
The combined approach to ontology-based data access,"Kontchakov, R. (1); Lutz, C. (2); Toman, D. (3); Wolter, F. (4); Zakharyaschev, M. (1) ",IJCAI International Joint Conference on Artificial Intelligence,2011,English,10.5591/978-1-57735-516-8/IJCAI11-442,"The use of ontologies for accessing data is one of the most exciting new applications of description logics in databases and other information systems. A realistic way of realising sufficiently scalable ontology-based data access in practice is by reduction to querying relational databases. In this paper, we describe the combined approach, which incorporates the information given by the ontology into the data and employs query rewriting to eliminate spurious answers. We illustrate this approach for ontologies given in the DL-Lite family of description logics and briefly discuss the results obtained for the EL family."
Integration of data on substance properties using big data technologies and domain-specific ontologies,"Erkimbaev, Adilbek (1); Zitserman, Vladimir (1); Kobzev, Georgii (1); Kosinov, Andrey (1) ",Communications in Computer and Information Science,2018,English,10.1007/978-3-319-96553-6_14,"A new technology for storage and categorization of heterogeneous data on the properties of matter is proposed. Availability of a multitude of heterogeneous data from a variety of sources justifies the use of one of the popular toolkit for Big Data processing, Apache Spark. Its role in the proposed technology is to manage with extensive data warehouse in text files of the JSON format. The first stage of the technology involves the conversion of primary resources (relational databases, digital archives, Web-portals, etc.) to a standardized form of the JSON document. Advantages of JSON-format - the ability to store data and metadata within a text document, accessible perceptions of a person and a computer and support for the hierarchical structures needed to represent complex and irregular data structure. The presence of such data structures is associated with the possible expansion of the subject area: new types of materials, expansion of the nomenclature of properties, and so on. For the semantic integration of resources converted to the JSON format a repository of subject-oriented ontologies is used. The search for data in the JSON document store is implemented through a combination of SPARQL and SQL queries. The first one (addressed to the ontology repository) provide the user with the ability to view and search for adequate and related concepts. The second, accessing the JSON document sets, retrieves the required data from the document body using the capabilities of Apache Spark SQL. The efficiency of the developed technology is tested on the problems of thermophysical data integration with a characteristic for them complexity of the logical structure. © Springer International Publishing AG, part of Springer Nature 2018."
Ontology-driven extraction of event logs from relational databases,"Calvanese, Diego (1); Montali, Marco (1); Syamsiyah, Alifah (1); van der Aalst, Wil M. P. (2) ",Lecture Notes in Business Information Processing,2016,English,10.1007/978-3-319-42887-1_12,"Process mining is an emerging discipline whose aim is to discover, monitor and improve real processes by extracting knowledge from event logs representing actual process executions in a given organizational setting. In this light, it can be applied only if faithful event logs, adhering to accepted standards (such as XES), are available. In many real-world settings, though, such event logs are not explicitly given, but are instead implicitly represented inside legacy information systems of organizations, which are typically managed through relational technology. In this work, we devise a novel framework that supports domain experts in the extraction of XES event log information from legacy relational databases, and consequently enables the application of standard process mining tools on such data. Differently from previous work, the extraction is driven by a conceptual representation of the domain of interest in terms of an ontology. On the one hand, this ontology is linked to the underlying legacy data leveraging the well-established ontology-based data access (OBDA) paradigm. On the other hand, our framework allows one to enrich the ontology through user-oriented log extraction annotations, which can be flexibly used to provide different log-oriented views over the data. Different data access modes are then devised so as to view the legacy data through the lens of XES. © Springer International Publishing Switzerland 2016."
Map-On: A web-based editor for visual ontology mapping,"Sicilia, A. (1); Nemirovski, G. (2); Nolle, A. (2) ","Semantic Web - Interoperability, Usability, Applicability",2017,English,10.3233/SW-160246,"This paper presents Map-On, a web-based editor for visual ontology mapping developed by the Architecture, Representation and Computation research group of La Salle, Ramon Llull University. The Map-On editor provides a graphical environment for the ontology mapping creation using an interactive graph layout. A point-and-click interface simplifies the mapping creation process. The editor automatically generates a R2RML document based on user inputs, particularly producing IRI patterns and SQL queries. It has been used in real scenarios alleviating the effort of coding R2RML statements which is one of the main barriers for adopting R2RML in research and in the industry."
The radiation oncology ontology (ROO): Publishing linked data in radiation oncology using semantic web and ontology techniques,"Traverso, A. (1); van Soest, J. (1); Wee, L. (1); Dekker, A. (1) ",Medical Physics,2018,English,10.1002/mp.12879,"PurposePersonalized medicine is expected to yield improved health outcomes. Data mining over massive volumes of patients' clinical data is an appealing, low-cost and noninvasive approach toward personalization. Machine learning algorithms could be trained over clinical “big data” to build prediction models for personalized therapy. To reach this goal, a scalable “big data” architecture for the medical domain becomes essential, based on data standardization to transform clinical data into FAIR (Findable, Accessible, Interoperable and Reusable) data. Using Ontologies and Semantic Web technologies, we attempt to reach mentioned goal.MethodsWe developed an ontology to be used in the field of radiation oncology to map clinical data from relational databases. We combined ontology with semantic Web techniques to publish mapped data and easily query them using SPARQL.ResultsThe Radiation Oncology Ontology (ROO) contains 1,183 classes and 211 properties between classes to represent clinical data (and their relationships) in the radiation oncology domain following FAIR principles. We combined the ontology with Semantic Web technologies showing how to efficiently and easily integrate and query data from different (relational database) sources without a priori knowledge of their structures.DiscussionWhen clinical FAIR data sources are combined (linked data) using mentioned technologies, new relationships between entities are created and discovered, representing a dynamic body of knowledge that is continuously accessible and increasing."
A hybrid approach of mapping relational database schema to ontology,"Liu, Haichi (1); Ning, Hong (1); Wang, Ting (1) ","Proceedings - 2012 International Conference on Computer Science and Service System, CSSS 2012",2012,English,10.1109/CSSS.2012.36,"Mapping relational database schema to ontology is a critical task for ontology-based heterogeneous database integration. This paper proposes a hybrid approach combining element-level and structure-level techniques to discover the correspondences between relational database schema and ontology. In the process of element-level matching, string-based and Word Net sense-based techniques are combined to calculate the name similarity between elements. This paper analyzes different characteristics exhibited by matching element pairs of various types and describes how to use these characteristics to calculate the structure similarity. A series of experiments indicate that our approach performs better than the previous ones. © 2012 IEEE."
Spatial data integration using ontology-based approach,"Hasani, S. (1); Sadeghi-Niaraki, A. (1); Jelokhani-Niaraki, M. (2) ","International Archives of the Photogrammetry, Remote Sensing and Spatial Information Sciences - ISPRS Archives",2015,English,10.5194/isprsarchives-XL-1-W5-293-2015,"In today's world, the necessity for spatial data for various organizations is becoming so crucial that many of these organizations have begun to produce spatial data for that purpose. In some circumstances, the need to obtain real time integrated data requires sustainable mechanism to process real-time integration. Case in point, the disater management situations that requires obtaining real time data from various sources of information. One of the problematic challenges in the mentioned situation is the high degree of heterogeneity between different organizations data. To solve this issue, we introduce an ontology-based method to provide sharing and integration capabilities for the existing databases. In addition to resolving semantic heterogeneity, better access to information is also provided by our proposed method. Our approach is consisted of three steps, the first step is identification of the object in a relational database, then the semantic relationships between them are modelled and subsequently, the ontology of each database is created. In a second step, the relative ontology will be inserted into the database and the relationship of each class of ontology will be inserted into the new created column in database tables. Last step is consisted of a platform based on service-oriented architecture, which allows integration of data. This is done by using the concept of ontology mapping. The proposed approach, in addition to being fast and low cost, makes the process of data integration easy and the data remains unchanged and thus takes advantage of the legacy application provided."
Morph-Skyline: Virtual Ontology-Based Data Access for Skyline Queries,"Goncalves, M. (1); Chaves-Fraga, D. (2); Corcho, O. (2) ",2020 IEEE/WIC/ACM International Joint Conference on Web Intelligence and Intelligent Agent Technology (WI-IAT),2020,English,10.1109/WIIAT50758.2020.00043,"Skyline queries are being used in decision-making applications to help stakeholders find the set of data that satisfies certain criteria, whose weight may not be assigned beforehand. Given the wide availability of heterogeneous datasets that are being published following Open Data initiatives, combining skyline queries with query processing approaches such as Ontology-Based Data Access (OBDA), may help stakeholders to improve their decisions exploiting and integrating multiple and heterogeneous data sources. In this paper, we address the problem of evaluating SPARQL skyline queries over an OBDA approach. Our approach implements two different techniques: rewriting skyline queries into SPARQL 1.0 and then translating to SQL, or translating them directly into queries that can be evaluated by the relational database. Our experimental results suggest that the execution time can be reduced by up two orders of magnitude in comparison to current approaches scaling up to larger datasets while identifying precisely the skyline set."
Identity resolution in ontology based data access to structured data sources,"Toman, David (1); Weddell, Grant (1) ",Lecture Notes in Computer Science (including subseries Lecture Notes in Artificial Intelligence and Lecture Notes in Bioinformatics),2019,English,10.1007/978-3-030-29908-8_38,"Earlier work has proposed a notion of referring expressions and types in first order knowledge bases as a way of more effectively answering conjunctive queries in ontology based data access (OBDA). We consider how PTIME description logics can be combined with referring expressions to provide a more effective virtual front-end to nested relational data sources via OBDA. In particular, we consider replacing the standard notion of an assertion box, or ABox, with a more general notion of a concept box, or CBox, and show how this can serve as a front-end to such data sources. © Springer Nature Switzerland AG 2019."
Semantic analysis of R2RML mappings for ontology-based data access,"Civili, Cristina (1); Mora, Jose (2); Rosati, Riccardo (2); Ruzzi, Marco (2); Santarelli, Valerio (2) ",Lecture Notes in Computer Science (including subseries Lecture Notes in Artificial Intelligence and Lecture Notes in Bioinformatics),2016,English,10.1007/978-3-319-45276-0_3,"Ontology-based data access (OBDA) deals with the problem of accessing autonomous data sources through a shared, virtual ontology, and declarative mappings connecting the data sources to the ontology. The W3C standard R2RML allows for mapping relational data sources to RDFS/OWL ontologies. In this paper, we present algorithms for the semantic analysis of R2RML mappings in the OBDA setting, when the ontology is expressed in OWL 2 QL. The focus of such algorithms is to identify the main semantical anomalies (inconsistency and redundancy) of a mapping specification with respect to the ontology and/or the data sources. Such algorithms have been implemented in the mapping analysis tool developed within the Optique European project. We also report on the experiments conducted within the Optique project use cases. © Springer International Publishing Switzerland 2016."
Efficient SPARQL-to-SQL with R2RML mappings,"Rodríguez-Muro, M. (1); Rezk, M. (1) ",Journal of Web Semantics,2015,English,10.1016/j.websem.2015.03.001,"Existing SPARQL-to-SQL translation techniques have limitations that reduce their robustness, efficiency and dependability. These limitations include the generation of inefficient or even incorrect SQL queries, lack of formal background, and poor implementations. Moreover, some of these techniques cannot be used over arbitrary DB schemas due to the lack of support for RDB to RDF mapping languages, such as R2RML. In this paper we present a technique (implemented in the -ontop- system) that tackles all these issues. We propose a formal approach for SPARQL-to-SQL translation that (i) generates efficient SQL by combining optimization techniques from the logic programming and SQL optimization fields; (ii) provides a well-defined specification of the SPARQL semantics used in the translation; and (iii) supports R2RML mappings over general relational schemas. We provide extensive benchmarks using the -ontop- system for Ontology Based Data Access (OBDA) and show that by using these techniques -ontop- is able to outperform well known SPARQL-to-SQL systems, as well as commercial triple stores, by several orders of magnitude. [All rights reserved Elsevier]."
Data Integration of Legacy ERP System Based on Ontology Learning from SQL Scripts,"Ma, Chuangtao (1) ",Communications in Computer and Information Science,2019,English,10.1007/978-3-030-30278-8_52,"To tackle the problem of low-efficiency integration of heterogeneous data from various legacy ERP systems, a data integration approach based on ontology learning are presented. Considering the unavailability of database interface and diversity of DBMS and naming conventions of legacy information systems, a data integration framework for legacy ERP systems based on ontology learning from structured query language (SQL) scripts (RDB) are proposed. The key steps and technicality of the proposed framework and the process of ontology-based semantic integration are depicted. © Springer Nature Switzerland AG 2019."
Pubworld - A R2rml Mapping Driven Approach to Transform Relational Database Data into Shareable Format,"Devi, Runumi (1); Mehrotra, Deepti (2); Baazaoui-Zghal, Hajer (3) ","Proceedings of the 8th International Advance Computing Conference, IACC 2018",2018,English,10.1109/IADCC.2018.8692085,Availability of publications data is significant in research development and a global publications data in semantic web will help research community in great manner. W3C has provided a semantic web standard termed as RDB to RDF Mapping Language(R2RML). R2RML allows us to express mappings to be customized from relational database to RDF database. This paper discusses a convergence approach-PubWorld using R2RML that generate r2rml mapping files from three disparate relational databases- two for publication and one for world database. Publications data are made shareable directly from mapping file by converting into local ontologies and merging the local ontologies along with one existing ontology into one global ontology. The Header-Dictionary-Triples(HDT) compression technique is used for storing the global ontology to achieve large spatial savings. Simple Protocol and RDF Query Language(SPARQL) queries using Jena ARQ(And RDF Query) on both RDF and HDT version shows similar running time. © 2018 IEEE.
Representing and querying norm states using temporal ontology-based data access,"Cardoso, Evellin (1); Montali, Marco (1); Calvanese, Diego (1) ","Proceedings - 2019 IEEE 23rd International Enterprise Distributed Object Computing Conference, EDOC 2019",2019,English,10.1109/EDOC.2019.00024,"The prominent role of normative primitives for regulating interactions in enterprise systems makes their representation and inspection a crucial task. In particular, querying the states of norms is essential to assess the accountability and compliance of interacting parties, as well as to reconstruct the historical evolution of their mutual contractual relationships. The main issue, however, is that the temporal data stored during the operation of the enterprise system are typically at a low level of abstraction, and do not directly refer to norms and their states. To overcome this problem, we propose the QUEN framework for querying norm states on top of legacy relational databases. QUEN builds on the temporal extension of the well-established framework of Ontology-Based Data Access (OBDA) to semantically represent normative primitives and their temporal states, and to map them to the underlying legacy data. The distinctive feature of QUEN is that mappings are not arbitrarily expressed by the modeler, but are instead automatically synthesized starting from a specification that explicitly indicates how the constitutive components of a normative primitive, as well as its lifecycle, can be reconstructed from the legacy data. © 2019 IEEE."
An r2rml-based Approach to Map Dengue Patient Database to Ontology,"Devi, R. (1); Mehrotra, D. (2); Baazaoui-Zghal, H. (3) ","2020 8th International Conference on Reliability, Infocom Technologies and Optimization (Trends and Future Directions) (ICRITO)",2020,English,10.1109/ICRITO48877.2020.9197823,Integrating Dengue patients' data in semantic web from “deep web” facilitates interoperability amongst healthcare systems. Mapping dengue patients' data that exist in relational databases with the existing machine-readable and interoperable Dengue knowledge-base is crucial towards providing interoperability through linked data network amongst Electronic Health Record(EHR) systems. An RDB to RDF mapping language(R2RML) based approach that maps dengue patients' information maintained in legacy system(Relational database) to an existing dengue patients' ontology is proposed in this paper. Mapping file is generated using R2RML for the database which is subsequently customized and mapped with the existing ontology. Finally RDF model is generated using R2RML processor based on the customized ontology and Simple Protocol and RDF Query Language (SPARQL) query is also executed that demonstrates ontology mapped patients triples.
Ontology-based data access: A survey,"Xiao, Guohui (1); Calvanese, Diego (1); Kontchakov, Roman (2); Lembo, Domenico (3); Poggi, Antonella (3); Rosati, Riccardo (3); Zakharyaschev, Michael (2) ",IJCAI International Joint Conference on Artificial Intelligence,2018,English,10.24963/ijcai.2018/777,"We present the framework of ontology-based data access, a semantic paradigm for providing a convenient and user-friendly access to data repositories, which has been actively developed and studied in the past decade. Focusing on relational data sources, we discuss the main ingredients of ontology-based data access, key theoretical results, techniques, applications and future challenges. © 2018 International Joint Conferences on Artificial Intelligence.All right reserved."
Cost-driven ontology-based data access,"Lanti, Davide (1); Xiao, Guohui (1); Calvanese, Diego (1) ",Lecture Notes in Computer Science (including subseries Lecture Notes in Artificial Intelligence and Lecture Notes in Bioinformatics),2017,English,10.1007/978-3-319-68288-4_27,"SPARQL query answering in ontology-based data access (OBDA) is carried out by translating into SQL queries over the data source. Standard translation techniques try to transform the user query into a union of conjunctive queries (UCQ), following the heuristic argument that UCQs can be efficiently evaluated by modern relational database engines. In this work, we show that translating to UCQs is not always the best choice, and that, under certain conditions on the interplay between the ontology, the mappings, and the statistics of the data, alternative translations can be evaluated much more efficiently. To find the best translation, we devise a cost model together with a novel cardinality estimation that takes into account all such OBDA components. Our experiments confirm that (i) alternatives to the UCQ translation might produce queries that are orders of magnitude more efficient, and (ii) the cost model we propose is faithful to the actual query evaluation cost, and hence is well suited to select the best translation. © Springer International Publishing AG 2017."
Inconsistency-tolerant ontology-based data access revisited: Taking mappings into account,"Bienvenu, Meghyn (1) ",IJCAI International Joint Conference on Artificial Intelligence,2018,English,10.24963/ijcai.2018/238,"Inconsistency-tolerant query answering in the presence of ontologies has received considerable attention in recent years. However, existing work assumes that the data is expressed using the vocabulary of the ontology and is therefore not directly applicable to ontology-based data access (OBDA), where relational data is connected to the ontology via mappings. This motivates us to revisit existing results in the wider context of OBDA with mappings. After formalizing the problem, we perform a detailed analysis of the data complexity of inconsistency-tolerant OBDA for ontologies formulated in DL-Lite and other data-tractable description logics, considering three different semantics (AR, IAR, and brave), two notions of repairs (subset and symmetric difference), and two classes of global-as-view (GAV) mappings. We show that adding plain GAV mappings does not affect data complexity, but there is a jump in complexity if mappings with negated atoms are considered. © 2018 International Joint Conferences on Artificial Intelligence. All right reserved."
Systematical representation of RDF-to-relational mappings for ontology-based data access,"Runge, Lars (1); Schrage, Sebastian (1); May, Wolfgang (1) ",Lecture Notes in Computer Science (including subseries Lecture Notes in Artificial Intelligence and Lecture Notes in Bioinformatics),2018,English,10.1007/978-3-319-73805-5_33,"This paper presents a representation for storing OBDA mapping information in an easily understandable, user-accessible, and extensible format in dedicated metadata tables in the relational database. © Springer International Publishing AG 2018."
Ontology-based data access for extracting event logs from legacy data: The onprom tool and methodology,"Calvanese, Diego (1); Kalayci, Tahir Emre (1); Montali, Marco (1); Tinella, Stefano (2) ",Lecture Notes in Business Information Processing,2017,English,10.1007/978-3-319-59336-4_16,"Process mining aims at discovering, monitoring, and improving business processes by extracting knowledge from event logs. In this respect, process mining can be applied only if there are proper event logs that are compatible with accepted standards, such as extensible event stream (XES). Unfortunately, in many real world set-ups, such event logs are not explicitly given, but instead are implicitly represented in legacy information systems. In this work, we exploit a framework and associated methodology for the extraction of XES event logs from relational data sources that we have recently introduced. Our approach is based on describing logs by means of suitable annotations of a conceptual model of the available data, and builds on the ontology-based data access (OBDA) paradigm for the actual log extraction. Making use of a realworld case study in the services domain, we compare our novel approach with a more traditional extract-transform-load based one, and are able to illustrate its added value. We also present a set of tools that we have developed and that support the OBDA-based log extraction framework. The tools are integrated as plugins of the ProM process mining suite. © Springer International Publishing AG 2017."
A Generalized Framework for Ontology-based Data Access,"Botoeva, E. (1); Calvanese, D. (1); Cogrel, B. (1); Corman, J. (1); Guohui Xiao (1) ",AI*IA 2018 - Advances in Artificial Intelligence. XVIIth International Conference of the Italian Association for Artificial Intelligence. Proceedings: Lecture Notes in Artificial Intelligence (LNAI 11298),2018,English,10.1007/978-3-030-03840-3_13,"The database (DB) landscape has been significantly diversified during the last decade, resulting in the emergence of a variety of non-relational (also called NoSQL) DBs, e.g., xml and JSON-document DBs, key-value stores, and graph DBs. To enable access to such data, we generalize the well-known ontology-based data access (OBDA) framework so as to allow for querying arbitrary data sources using SPARQL. We propose an architecture for a generalized OBDA system implementing the virtual approach. Then, to investigate feasibility of OBDA over non-relational DBs, we compare an implementation of an OBDA system over MongoDB, a popular JSON-document DB, with a triple store."
Conceptual Schema Transformation in Ontology-Based Data Access,"Calvanese, D. (1); Kalayci, T.E. (1); Montali, M. (1); Santoso, A. (1); Aalst, W. (2) ","Knowledge Engineering and Knowledge Management. 21st International Conference, EKAW 2018. Proceedings: Lecture Notes in Artificial Intelligence (LNAI 11313)",2018,English,10.1007/978-3-030-03667-6_4,"Ontology-based Data Access (OBDA) is a by now well-established paradigm that relies on conceptually representing a domain of interest to provide access to relational data sources. The conceptual representation is given in terms of a domain schema (also called an ontology), which is linked to the data sources by means of declarative mapping specifications, and queries posed over the conceptual schema are automatically rewritten into queries over the sources. We consider the interesting setting where users would like to access the same data sources through a new conceptual schema, which we call the upper schema. This is particularly relevant when the upper schema is a reference model for the domain, or captures the data format used by data analysis tools. We propose a solution to this problem that is based on using transformation rules to map the upper schema to the domain schema, building upon the knowledge contained therein. We show how this enriched framework can be automatically transformed into a standard OBDA specification, which directly links the original relational data sources to the upper schema. This allows us to access data directly from the data sources while leveraging the domain schema and upper schema as a lens. We have realized the framework in a tool-chain that provides modeling of the conceptual schemas, a concrete annotation-based mechanism to specify transformation rules, and the automated generation of the final OBDA specification."
Enhancing virtual ontology based access over tabular data with Morph-CSV,"Chaves-Fraga, D. (1); Ruckhaus, E. (1); Priyatna, F. (1); Vidal, M.-E. (2); Corcho, O. (1) ","Semantic Web - Interoperability, Usability, Applicability",2021,English,10.3233/SW-210432,"Ontology-Based Data Access (OBDA) has traditionally focused on providing a unified view of heterogeneous datasets (e.g., relational databases, CSV and JSON files), either by materializing integrated data into RDF or by performing on-the-fly querying via SPARQL query translation. In the specific case of tabular datasets represented as several CSV or Excel files, query translation approaches have been applied by considering each source as a single table that can be loaded into a relational database management system (RDBMS). Nevertheless, constraints over these tables are not represented (e.g., referential integrity among sources, datatypes, or data integrity); thus, neither consistency among attributes nor indexes over tables are enforced. As a consequence, efficiency of the SPARQL-to-SQL translation process may be affected, as well as the completeness of the answers produced during the evaluation of the generated SQL query. Our work is focused on applying implicit constraints on the OBDA query translation process over tabular data. We propose Morph-CSV, a framework for querying tabular data that exploits information from typical OBDA inputs (e.g., mappings, queries) to enforce constraints that can be used together with any SPARQL-to-SQL OBDA engine. Morph-CSV relies on both a constraint component and a set of constraint operators. For a given set of constraints, the operators are applied to each type of constraint with the aim of enhancing query completeness and performance. We evaluate Morph-CSV in several domains: e-commerce with the BSBM benchmark; transportation with the GTFS-Madrid benchmark; and biology with a use case extracted from the Bio2RDF project. We compare and report the performance of two SPARQL-to-SQL OBDA engines, without and with the incorporation of Morph-CSV. The observed results suggest that Morph-CSV is able to speed up the total query execution time by up to two orders of magnitude, while it is able to produce all the query answers."
Materialization of OWL Ontologies from Relational Databases: A Practical Approach,"Gómez, Sergio Alejandro (1, 2); Fillottrani, Pablo Rubén (1, 2) ",Communications in Computer and Information Science,2020,English,10.1007/978-3-030-48325-8_19,"Providing both end-users and applications with a uniform way to query legacy databases through a high-level ontology that models both the business logic and the underlying data sources is the main concern in Ontology-based Data Access (OBDA). Our goal in this research is providing tools for performing OBDA with relational and non-relational data sources. Within the OBDA framework, in this work, we present a prototype tool that can access an H2 database, allowing the user to explicitly express mappings, and populating an ontology that can be saved for later querying. We report on the current functionality of our tool, which includes creating, loading, saving a global ontology populated with a database or a CSV file. For the latter, we devised a language for specifying the underlying schema of the CSV file. We argue that this language is better suited than current alternatives such as JSON. Also, the system allows the user to visually express mappings from the database to the ontology and the ability to create databases for testing the behavior of the system in the presence of increasing workloads. Our tests indicate that the system can handle a moderate workload of tables of tens of thousands of records but fails to handle tables of millions of records. © 2020, Springer Nature Switzerland AG."
A survey: Transformation for integrating relational database with Semantic Web,"Hazber, Mohamed A.G. (1); Li, Ruixuan (2); Li, Bing (1); Zhao, Yuqi (1); Alalayah, Khaled M.A. (3, 4) ",ACM International Conference Proceeding Series,2019,English,10.1145/3312662.3312692,"An early vision in Computer Science was focused on Artificial Intelligence (AI) to produce intelligent systems capable of reasoning on huge amounts of data. Since the huge amount of data on the web are still formed and stored in relational databases (RDBs), such data cannot be used directly via the Semantic Web. Therefore, semantic integration of relational data sources into the Semantic Web is not a trivial task and has been addressed by developing approaches and tools for transformation RDB to ontology. The aim of this survey is to present the existing approaches contributed for integrating RDBs into Semantic Web in order to bridge the gap between RDB model and ontology model and to boost the current Web, by discussing the benefits and drawbacks of these approaches as well as to compare between them in specific terms. © 2019 Association for Computing Machinery."
Formalisation and experiences of R2RML-based SPARQL to SQL query translation using morph,"Priyatna, Freddy (1); Corcho, Oscar (1); Sequeda, Juan (2) ",WWW 2014 - Proceedings of the 23rd International Conference on World Wide Web,2014,English,10.1145/2566486.2567981,"R2RML is used to specify transformations of data available in relational databases into materialised or virtual RDF datasets. SPARQL queries evaluated against virtual datasets are translated into SQL queries according to the R2RML mappings, so that they can be evaluated over the underlying relational database engines. In this paper we describe an extension of a well-known algorithm for SPARQL to SQL translation, originally formalised for RDBMS-backed triple stores, that takes into account R2RML mappings. We present the result of our implementation using queries from a synthetic benchmark and from three real use cases, and show that SPARQL queries can be in general evaluated as fast as the SQL queries that would have been generated by SQL experts if no R2RML mappings had been used. Copyright is held by the International World Wide Web Conference Committee (IW3C2)."
On the Potential Integration of an Ontology-Based Data Access Approach in NoSQL Stores,O. Curé; F. Kerdjoudj; D. Faye; C. Le Duc; M. Lamolle,2012 Third International Conference on Emerging Intelligent Data and Web Technologies,NA,English,10.1109/EIDWT.2012.27,"No SQL stores are emerging as an efficient alternative to relational database management systems in the context of big data. Many actors in this domain consider that to gain a wider adoption, several extensions have to be integrated. Some of them focus on the ways of proposing more schema, supporting adapted declarative query languages and providing integrity constraints in order to control data consistency and enhance data quality. We consider that these issues can be dealt with in the context of Ontology Based Data Access (OBDA). OBDA is a new data management paradigm that exploits the semantic knowledge represented in ontologies when querying data stored in a database. We provide a proof of concept of OBDA's ability to tackle these three issues in a social application related to the medical domain."
Mapping ER Schemas to OWL Ontologies,I. Myroshnichenko; M. C. Murphy,2009 IEEE International Conference on Semantic Computing,NA,English,10.1109/ICSC.2009.61,"As the Semantic Web initiative gains momentum, a fundamental problem of integrating existing data-intensive WWW applications into the Semantic Web emerges. In order for today's relational database supported Web applications to transparently participate in the Semantic Web, their associated database schemas need to be converted into semantically equivalent ontologies. In this paper we present a solution to an important special case of the automatic mapping problem with wide applicability: mapping well-formed Entity-Relationship (ER) schemas to semantically equivalent OWL Lite ontologies. We present a set of mapping rules that fully capture the ER schema semantics, along with an overview of an implementation of the complete mapping algorithm integrated into the current SFSU ER Design Tools software."
An Information Flow Based Approach to Semantic Integration of Distributed Digital Museums,H. Liu; H. Bao; J. Wu; J. Feng,2006 International Conference on Machine Learning and Cybernetics,NA,English,10.1109/ICMLC.2006.259097,"The distribution of data and knowledge of a huge amount of cultural heritage and the desire to make them available readily to people geographically scattered gives rise to the challenge of semantic integration of distributed digital museums. In order to make this difficult task tractable, how the participant museums are linked conceptually must be looked at first before any implementation issues for links of more a physical nature can be considered. One promising avenue to this end seems to characterize what we call 'informational relationship' between participant museums, which are seen within a (notional) distributed system. And this characterization including reasoning about this relationship should be carried out in both a meaningful and a principled way. In this paper, we describe how to derive semantics in legacy relational database to form local ontology, and present an information flow based approach to mathematically model the relationship among multiple distributed local ontologies in terms of an information channel construction, which involves the construction of classifications and local logics and infomorphisms between them, thus global ontology construction and token connection discovery, To help the establishment of semantic correspondences between various components of the distributed system, which is necessary for the task, the cultural heritage domain ontology CIDOC conceptual reference model (CRM) is deployed as a bridge ontology. The soundness and completeness of the local ontologies is preserved in the global ontology developed in this way"
Semantic Query for Integrated Heterogeneous Database Systems,P. Liang; Y. Liu; S. Liang; H. Chen,2008 First International Conference on Intelligent Networks and Intelligent Systems,NA,English,10.1109/ICINIS.2008.166,"To enable accessing deep web information at semantic level, this paper develops a semantic query rewriting mechanism on heterogeneous database enabled web information system with complex ontology mapping technology. It discusses the procedure of converting database schema and instances to ontologies at first, and then the patterns of complex ontology mappings, and the ontology-based query planning in Mediator-Wrapper based environment with GAV style querying request. The relational algebra rewriting is discussed in detail."
A Novel Approach for Multi-source Heterogeneous Database Integration,V. M. Shelake; V. S. Bhojane,2013 International Conference on Machine Intelligence and Research Advancement,NA,English,10.1109/ICMIRA.2013.42,"Currently, there are different database management systems (DBMS) available and the integration between different database systems is required. There are tools and techniques available for schema matching, but most of them require manual intervention. However, in this paper, a new algorithm named as Multi-Source Heterogeneous Database Integration (MSHDI) is proposed which effectively performs 1:1 and M:1 database integration and determines semantic matches automatically. This paper introduces a novel experimentation with existing heterogeneous database systems such as Oracle, Microsoft SQL Server and Microsoft Excel for schema matching and data integration. In comparison with existing algorithms, this approach achieves full automation and better results on any real-world databases of same domain."
Two-phase schema matching in real world relational databases,N. Bozovic; V. Vassalos,2008 IEEE 24th International Conference on Data Engineering Workshop,NA,English,10.1109/ICDEW.2008.4498334,"We propose a new approach to the problem of schema matching in relational databases that merges the hybrid and composite approach of combining multiple individual matching techniques. In particular, we propose assigning individual matchers to two categories, “strong” matchers that provide apriori higher quality matches, and “weak” matchers that may be more sensitive to the inputs and are less reliable but can still help generate some matches. Matching is correspondingly done in two phases, with strong “matches” being produced by strong matchers being combined using a simple voting combiner, and weak matchers providing additional evidence for attributes left unmatched (again using a voting combiner). We observe that, while many recent advances in schema matching [2][5][7][11] use composite schema matching and rely on the existence of training schemas to train combiners, in many real-world situations it is not feasible to employ learning techniques because of the unavailability of training data (i.e., schemas or instance data.) We hypothesize that “weak” matchers can often hurt overall accuracy if used in a “single-phase” composite matcher that does not employ learning techniques. We implement our two-stage approach in the ASID system and evaluate it using real life schemas. The experiments validate our hypothesis regarding the negative effect of “weak” matchers and also show ASID performs comparably to state of the art systems while requiring no training schemas. We also demonstrate the benefits of a simple documentation-based matcher. Our experimental data included schemas ranging from 20 to 120 attributes. Note that schemas with 120 attributes are as large or larger than other published evaluations of relational schema matching."
A semantic web application in business data integration,J. Gonzalez; O. Velez-Langs,2017 6th International Conference on Software Process Improvement (CIMPS),NA,English,10.1109/CIMPS.2017.8169946,One of the needs in the problem of data centralization of companies is that they handle various applications (software) for each process they perform (HR Accounting Inventories etc.) This leads to not be able to unify the information. With our idea it begins to raise a technological solution to centralize and migrate information from the databases of various applications regardless of the engine they use (MySQL SQL Server Sybase Oracle etc.) by means of CSV files and Semantic Web techniques that is a web extension endowed with greater meaning in which any user can find answers to their questions more quickly and easily thanks to a better defined information.
Synthesis of Semantic Model of Subject Area at Integration of Relational Databases,V. Filatov; V. Semenets; O. Zolotukhin,2019 IEEE 8th International Conference on Advanced Optoelectronics and Lasers (CAOL),NA,English,10.1109/CAOL46282.2019.9019532,"The article considers the problem of synthesizing a semantic model of the subject area at integration of heterogeneous information resources. In this case, emphasis is placed on ensuring the universality of the means of description, without regard to artificial limitations on the data typification and categorization. Two types of logical existence rules are introduced: functional and structural ones, which allow analyzing not only explicitly defined, but also logically deducible information objects, that is, determining the boundary of the subject area. Information about all possible information objects of the subject area makes it possible to determine the area of intersection of the integrable data semantics."
Probabilistic model for schema understanding and matching,L. -. Ratinov; S. E. Shimony; E. Gudes,"2004 IEEE International Conference on Systems, Man and Cybernetics (IEEE Cat. No.04CH37583)",NA,English,10.1109/ICSMC.2004.1401285,"Schema matching is the problem of finding a correspondence between schemas: relational database schemas or Web repositories. The ad-hoc approaches perform poorly on real-world schemas due to the abundance of non-dictionary abbreviations. Our approach to schema matching is based on deep understanding of the schema, using an integrative probabilistic generative model as a framework for comparing candidate interpretations. In empirical evaluation, the proposed model performed well in interpreting relational schemas and exhibited high resistance to noise in the model parameters"
Integration of heterogeneous relational databases: RDF mapping approach,M. A. Ismail; M. Yaacob; S. A. Kareem,2008 International Symposium on Information Technology,NA,English,10.1109/ITSIM.2008.4632012,"Mapping process is important in integrating data and knowledge from multiple heterogeneous relational databases. Mapping from a relational database to a description that uses the Resource Description Framework (RDF) shows promising results where it will not jeopardize the semantics of the data. The integration is also important in realizing simultaneous data query from multiple databases. Thus, this paper defined a practical approach for creating mappings between three relational databases of scholarly content (journal and proceeding) to RDF."
A linked data graph approach to integration of immunological data,S. A. C. Bukhari; J. Mandell; S. H. Kleinstein; K. -H. Cheung,2019 IEEE International Conference on Bioinformatics and Biomedicine (BIBM),NA,English,10.1109/BIBM47256.2019.8982986,"Systems biology involves the integration of multiple data types (across different data sources) to offer a more complete picture of the biological system being studied. While many existing biological databases are implemented using the traditional SQL (Structured Query Language) database technology, NoSQL database technologies have been explored as a more relationship-based, flexible and scalable method of data integration. In this paper, we describe how to use the Neo4J graph database to integrate a variety of types of data sets in the context of systems vaccinology. Specifically, we have converted into a common graph model diverse types of vaccine response measurement data from the NIH/NIAID ImmPort data repository, pathway data from Reactome, influenza virus strains from WHO, and taxonomic data from NCBI Taxon. While Neo4J provides a graph-based query language (Cypher) for data retrieval, we develop a web-based dashboard for users to easily browse and visualize data without the need to learn Cypher. In addition, we have prototyped a natural language query interface for users to interact with our system. In conclusion, we demonstrate the feasibility of using a graph-based database for storing and querying immunological data with complex biological relationships. Querying a graph database through such relationships has the potential to reveal novel relationships among heterogeneous biological data."
Mapping Between Data Sources on the Web,G. H. L. Fletcher; C. M. Wyss,International Workshop on Challenges in Web Information Retrieval and Integration,NA,English,10.1109/WIRI.2005.25,"The data mapping problem is to discover effective mappings between structured representations of data. These mappings are the basic ‘glue’ for facilitating large-scale ad-hoc information sharing between autonomous peers in a dynamic environment. Automating their discovery is one of the fundamental unsolved challenges for information integration and sharing on the Web. We outline a general approach to automating the discovery of mappings between relational data sources which leverages new perspectives on the data mapping problem and report on a prototype implementation. Our approach utilizes heuristic search within a space delineated by basic relational transformation operators. A further novelty of our approach is that these operators include data to metadata transformations (and vice versa), allowing a generalization of previous solutions such as token-based schema matching."
Querying clinical data in HL7 RIM based relational model with morph-RDB,"Priyatna F, Alonso-Calvo R, Paraiso-Medina S, Corcho O.",NA,NA,English,10.1186/s13326-017-0155-8,NA
Capturing Expert Knowledge for Building Enterprise SME Knowledge Graphs,"Mansfield M., Tamma V., Goddard P., Coenen F.",Scopus,2021,English,10.1145/3460210.3493569,"Whilst Knowledge Graphs (KGs) are increasingly used in business scenarios, the construction of enterprise ontologies and the population of KGs from existing relational data remains a significant challenge. In this paper we report our experience in supporting CSols (an SME operating in the analytical laboratory domain) in transitioning their data from legacy databases to a bespoke KG. We modelled the KG using a streamlined approach based on state of the art ontology engineering methodologies, that addresses the challenges faced by SMEs when transitioning to new technologies: lack of resources to devote to the transition, paucity of comprehensive data governance policies, and resistance within the organisation to accepting new practices and knowledge. Our approach uses a combination of UML diagrams and a controlled language glossary to support stakeholders in reaching consensus during the knowledge capture phase, thus reducing the intervention of the ontology engineer only to cases where no agreement can be found. We present a case study illustrating the generation of the KG from a UML specification of part of the analytical domain and from legacy relational data, and we discuss the benefits and challenges of the approach. © 2021 ACM."
A heterogeneous geospatial data retrieval method using knowledge graph,"Liu J., Liu H., Chen X., Guo X., Zhao Q., Li J., Kang L., Liu J.",Scopus,2021,English,10.3390/su13042005,"Information resources have increased rapidly in the big data era. Geospatial data plays an indispensable role in spatially informed analyses, while data in different areas are relatively iso-lated. Therefore, it is inadequate to use relational data in handling many semantic intricacies and retrieving geospatial data. In light of this, a heterogeneous retrieval method based on knowledge graph is proposed in this paper. There are three advantages of this method: (1) the semantic knowledge of geospatial data is considered; (2) more information required by users could be ob-tained; (3) data retrieval speed can be improved. Firstly, implicit semantic knowledge is studied and applied to construct a knowledge graph, integrating semantics in multi-source heterogeneous geo-spatial data. Then, the query expansion rules and the mappings between knowledge and database are designed to construct retrieval statements and obtain related spatial entities. Finally, the effectiveness and efficiency are verified through comparative analysis and practices. The experiment indicates that the method could automatically construct database retrieval statements and retrieve more relevant data. Additionally, users could reduce the dependence on data storage mode and database Structured Query Language syntax. This paper would facilitate the sharing and outreach of geospatial knowledge for various spatial studies. © 2021 by the authors. Licensee MDPI, Basel, Switzerland."
Using a graph database for the ontology-based information integration of business objects from heterogenous Business Information Systems,"Blankenberg C., Gebel-Sauer B., Schubert P.",Scopus,2021,English,10.1016/j.procs.2021.12.019,"This paper reports on findings from a project on information integration from multiple Business Information Systems with the help of a user-specific Enterprise Knowledge Graph. Most ERP systems currently in use store information objects in relational databases. Research in Web Sciences has shown that graph structures present information in a more intuitive way that is easier to interpret for humans. Following a DSR approach, we developed a concept for storing an ontology in a graph database that allows us to map ERP objects and load them at runtime. This allows the end user to navigate through the graph structure, thus providing an intuitive and quick access to essential job-related information. We evaluated the suggested concept with a prototype following the paradigm of polyglot persistence; the prototype was equipped with a graph database to store the company-specific ontology in its native form. The program code was encapsulated into a separate module following a service-oriented software design. © 2021 Elsevier B.V. All rights reserved."
Ontology Learning from Relational Database: Opportunities for Semantic Information Integration,"Ma C., Molnár B.",Scopus,2021,English,10.1142/S219688882150024X,"Along with the rapidly growing scale of relational database (RDB), how to construct domain-related ontologies from various databases effectively and efficiently has been a bottleneck of the ontology-based integration. The traditional methods for constructing ontology from RDB are mainly based on the manual mapping and transformation, which not only requires a lot of human experience but also easily leads to the semantic loss during the transformation. Ontology learning from RDB is a new paradigm to (semi-)automatically construct ontologies from RDB by borrowing the techniques of machine learning, it provides potential opportunities for integrating heterogeneous data from various data sources efficiently. This paper surveys the recent methods and tools of the ontology learning from RDB, and highlights the potential opportunities and challenges of using ontology learning in semantic information integration. Initially, the previous surveys on the topic of the ontology-based integration and ontology learning were summarized, and then the limitations of previous surveys were identified and analyzed. Furthermore, the methods and techniques of ontology learning from RDB were investigated by classifying into three categories: Reverse engineering, mapping, and machine learning. Accordingly, the opportunities and possibility of using ontology learning from RDB in semantic information integration were discussed based on the mapping results between the bottlenecks of ontology-based integration and the features of ontology learning. © 2021 The Author(s)."
“Just-in-time” generation of datasets by considering structured representations of given consent for GDPR compliance,"Debruyne C., Pandit H.J., Lewis D., O’Sullivan D.",Scopus,2020,English,10.1007/s10115-020-01468-x,"Data processing is increasingly becoming the subject of various policies and regulations, such as the European General Data Protection Regulation (GDPR) that came into effect in May 2018. One important aspect of GDPR is informed consent, which captures one’s permission for using one’s personal information for specific data processing purposes. Organizations must demonstrate that they comply with these policies. The fines that come with non-compliance are of such importance that it has driven research in facilitating compliance verification. The state-of-the-art primarily focuses on, for instance, the analysis of prescriptive models and posthoc analysis on logs to check whether data processing is compliant to GDPR. We argue that GDPR compliance can be facilitated by ensuring datasets used in processing activities are compliant with consent from the very start. The problem addressed in this paper is how we can generate datasets that comply with given consent “just-in-time”. We propose RDF and OWL ontologies to represent the consent that an organization has collected and its relationship with data processing purposes. We use this ontology to annotate schemas, allowing us to generate declarative mappings that transform (relational) data into RDF driven by the annotations. We furthermore demonstrate how we can create compliant datasets by altering the results of the mapping. The use of RDF and OWL allows us to implement the entire process in a declarative manner using SPARQL. We have integrated all components in a service that furthermore captures provenance information for each step, further contributing to the transparency that is needed towards facilitating compliance verification. We demonstrate the approach with a synthetic dataset simulating users (re-)giving, withdrawing, and rejecting their consent on data processing purposes of systems. In summary, it is argued that the approach facilitates transparency and compliance verification from the start, reducing the need for posthoc compliance analysis common in the state-of-the-art. © 2020, The Author(s)."
A novel knowledge-based battery drain reducer for smart meters,"Siddiqui I.F., Lee S.U.-J., Abbas A.",Scopus,2020,English,10.31209/2019.100000132,"The issue of battery drainage in the gigantic smart meters network such as semantic-aware IoT-enabled smart meter has become a serious concern in the smart grid framework. The grid core migrates existing tabular datasets i.e., Relational data to semantic-aware tuples in its Resource Description Framework (RDF) format, for effective integration among multiple components to work aligned with IoT. For this purpose, WWW Consortium (W3C) recommends two specifications as mapping languages. However, both specifications use entire RDB schema to generate data transformation mapping patterns and results large quantity of unnecessary transformation. As a result, smart meters use huge computing resources, maximum energy capacity and come across battery drain problems. This paper proposes a novel semantic-aware battery drain optimization strategy ‘SPARQL Auto R2RML Mapping (SARM)’ that generates custom RDF patterns with precise metadata and avoids use of full schema along with optimized usage of network resources through (i) selective metadata migration, and (ii) optimal battery usage. The proposed approach effectively increases battery life with a balanced proportion of energy consumption and reduces meter load congestion which happens to be another vital reason of battery drain problem. The presented knowledge-based battery drain prevention strategy is evaluated over an RDB dataset using three types of SPARQL queries; Basic, Nested and Join. Furthermore, the R2RML processors evaluated SARM over the most recent Berlin SPARQL Benchmark datasets which depicts that SARM is efficient 40.4% in mapping generation time and 10.46% in average planning time than default RDB2RDF transformations. Finally, SARM significantly improves total execution time of RDB2RDF migration with an efficiency of 8.82% and conserves battery drain by 18.5% over the smart grid data cluster. © 2020 TSI® Press."
RETRO +: SQL to SPARQL improvement of the RETRO framework,"Abatal A., Alaoui L., Bahaj M.",Scopus,2020,English,10.1504/IJHPSA.2020.113687,"Semantic web has recently gained a great attention due to its potential for providing a common framework that allows data sharing and reprocessed, relational databases are still the most used. To deal with the variety of modern database formats and query languages, we propose an approach to translate SQL queries into equivalent SPARQL queries for querying resource description framework (RDF) data. The main purpose is to give an extension of the Retro framework by adding a set of algorithms to improve its function. The algorithms in question deal with the conversion of the relevant SQL queries INSERT, UPDATE, DELETE and improve the SELECT query by adding the aggregate function, GROUP BY and ORDER BY in equivalent SPARQL queries and validate all translated queries on allegrograph. Copyright © 2020 Inderscience Enterprises Ltd."
Ontological Based Approach of Integrating Big Data: Issues and Prospects,"Ahmed J., Ahmed M.",Scopus,2020,English,10.1007/978-981-15-1420-3_38,"Sematic Web is an extended form of the current web which provides an easier way to search, reuse, combine and share the information. Therefore it is subsequently viewed as a combiner crosswise over various things, data applications, and frameworks. It is provided by World Wide Web consortium (W3C) and international standardization body of the web. Today’s big data is frequently marked as consisting of 3 V’s: volume, velocity and variety. Variety of data discusses to deal with different formats of data generating from various data sources. Thus the problems of big data variety are important for solving many real-world difficulties. Semantic Web is used as an integrator to incorporate data from various kinds of sources like web services, relational databases, and spreadsheets etc. and in different formats. Due to the presence of data heterogeneity, this work presents various difficulties that may not be totally settled with the existing system. This paper is an attempt to focus on the various issues that involved in integrating data and reviews the related work that has been carried out in the previous work and finally proposes the model for integrating data from different types of sources. © 2020, Springer Nature Singapore Pte Ltd."
Towards a new generation of ontology based data access,"Corcho O., Priyatna F., Chaves-Fraga D.",Scopus,2020,English,10.3233/SW-190384,"Ontology Based Data Access (OBDA) refers to a range of techniques, algorithms and systems that can be used to deal with the heterogeneity of data that is common inside many organisations as well as in inter-organisational settings and more openly on the Web. In OBDA, ontologies are used to provide a global view over multiple local datasets; and mappings are commonly used to describe the relationships between such global and local schemas. Since its inception, this area has evolved in several directions. Initially, the focus was on the translation of original sources into a global schema, and its materialisation, including non-OBDA approaches such as the use of Extract Transform Load (ETL) workflows in data warehouses and, more recently, in data lakes. Then OBDA-based query translation techniques, relying on mappings, were proposed, with the aim of removing the need for materialisation, something especially useful for very dynamic data sources. We think that we are now witnessing the emergence of a new generation of OBDA approaches. It is driven by the fact that a new set of declarative mapping languages, most of which stem from the W3C Recommendation R2RML for Relational Databases (RDB), are being created. In this vision paper, we enumerate the reasons why new mapping languages are being introduced. We discuss why it may be relevant to work on translations among them, so as to benefit from the engines associated to each of them whenever one language and/or engine is more suitable than another. We discuss the emerging concept of 'mapping translation', the basis for this new generation of OBDA, together with some of its desirable properties: information preservation and query result preservation. We show several scenarios where mapping translation can be or is being already applied, even though this term has not necessarily been used in existing literature. © 2020-IOS Press and the authors. All rights reserved."
"Leaf: An open-source, model-agnostic, data-driven web application for cohort discovery and translational biomedical research","Dobbins N.J., Spital C.H., Black R.A., Morrison J.M., De Veer B., Zampino E., Harrington R.D., Britt B.D., Stephens K.A., Wilcox A.B., Tarczy-Hornoch P., Mooney S.D.",Scopus,2020,English,10.1093/jamia/ocz165,"Objective: Academic medical centers and health systems are increasingly challenged with supporting appropriate secondary use of clinical data. Enterprise data warehouses have emerged as central resources for these data, but often require an informatician to extract meaningful information, limiting direct access by end users. To overcome this challenge, we have developed Leaf, a lightweight self-service web application for querying clinical data from heterogeneous data models and sources. Materials and Methods: Leaf utilizes a flexible biomedical concept system to define hierarchical concepts and ontologies. Each Leaf concept contains both textual representations and SQL query building blocks, exposed by a simple drag-and-drop user interface. Leaf generates abstract syntax trees which are compiled into dynamic SQL queries. Results: Leaf is a successful production-supported tool at the University of Washington, which hosts a central Leaf instance querying an enterprise data warehouse with over 300 active users. Through the support of UW Medicine (https://uwmedicine.org), the Institute of Translational Health Sciences (https://www.iths.org), and the National Center for Data to Health (https://ctsa.ncats.nih.gov/cd2h/), Leaf source code has been released into the public domain at https://github.com/uwrit/leaf. Discussion: Leaf allows the querying of single or multiple clinical databases simultaneously, even those of different data models. This enables fast installation without costly extraction or duplication. Conclusions: Leaf differs from existing cohort discovery tools because it does not specify a required data model and is designed to seamlessly leverage existing user authentication systems and clinical databases in situ. We believe Leaf to be useful for health system analytics, clinical research data warehouses, precision medicine biobanks, and clinical studies involving large patient cohorts. © 2019 The Author(s) 2019. Published by Oxford University Press on behalf of the American Medical Informatics Association."
Mapping spatiotemporal data to RDF: A SPARQL endpoint for Brussels,"Vaisman A., Chentout K.",Scopus,2019,English,10.3390/ijgi8080353,"This paper describes how a platform for publishing and querying linked open data for the Brussels Capital region in Belgium is built. Data are provided as relational tables or XML documents and are mapped into the RDF data model using R2RML, a standard language that allows defining customized mappings from relational databases to RDF datasets. In this work, data are spatiotemporal in nature; therefore, R2RML must be adapted to allow producing spatiotemporal Linked Open Data.Data generated in this way are used to populate a SPARQL endpoint, where queries are submitted and the result can be displayed on a map. This endpoint is implemented using Strabon, a spatiotemporal RDF triple store built by extending the RDF store Sesame. The first part of the paper describes how R2RML is adapted to allow producing spatial RDF data and to support XML data sources. These techniques are then used to map data about cultural events and public transport in Brussels into RDF. Spatial data are stored in the form of stRDF triples, the format required by Strabon. In addition, the endpoint is enriched with external data obtained from the Linked Open Data Cloud, from sites like DBpedia, Geonames, and LinkedGeoData, to provide context for analysis. The second part of the paper shows, through a comprehensive set of the spatial extension to SPARQL (stSPARQL) queries, how the endpoint can be exploited. © 2019 by the authors. Licensee MDPI, Basel, Switzerland. This article is an open access article distributed under the terms and conditions of the Creative Commons Attribution (CC BY) license (http://creativecommons.org/licenses/by/4.0/)."
HISMA: A human-machine iterative schema matching algorithm,"Tang S., Zhao J., Wang Y., Cui D.",Scopus,2019,English,10.1109/SmartWorld-UIC-ATC-SCALCOM-IOP-SCI.2019.00196,"The rapid development of the Semantic Web has led to the emergence of knowledge models in the form of ontology. The schema matching algorithm maps relational databases (RDB) to ontology models, which is an important method to solve the lack of ontology model instance data. However, existing schema matching algorithm is not compatible with the localization features of the data source and does not take full advantage of the results of manual validation. In this paper, we analyzed the localization features of the data source and modeled the manual validation process. We proposed a human-machine iterative schema matching method. This method utilizes the matched result in the schema matching process to optimize the matching algorithm, therefore to reduce the workload of manual validation. We used a real-world data set to evaluate the effectiveness of the algorithm. © 2019 IEEE."
A formal framework for coupling document spanners with ontologies,"Scafoglieri F.M., Lembo D.",Scopus,2019,English,10.1109/AIKE.2019.00036,"A significant portion of information that is nowa-days collected in enterprises and organizations resides in text documents, and thus is inherently unstructured. Turning it into a structured form is the aim of information extraction (IE). Depending on the approach followed, the output of an IE process can fill forms or populate relational tables, or can be presented through an ontology. This last approach is particularly interesting, since ontologies may facilitate the integration with other corporate and external data, and enable data management and governance at an abstract, conceptual level, as in Ontology-based Data Access (OBDA). To this aim, OBDA uses declarative mappings that specify the relation between the ontology and the database to be accessed. In OBDA, however, only mappings towards relational databases have been so far considered, and how to declaratively relate the ontology to unstructured sources is still unexplored. By leveraging the study on document spanners for IE, in this paper we propose a new framework that allows to map text documents to ontologies, in the spirit of the OBDA approach. We then investigate the problem of answering conjunctive queries (CQs) in our framework, and show that, if the ontology is specified in the lightweight Description Logic DL-LiteR, the problem can be solved by reformulating the user query into a new spanner. Interestingly, both the spanners used in the mapping and the one computed by the rewriting algorithm have the same expressiveness, and CQ answering in this case is polynomial in data complexity. © 2019 IEEE."
Iterative-based Relational Model to Ontology Schema Matching Approach [一种基于迭代的关系模型到本体模型的模式匹配方法],"Wang F., Wang Y.-S., Zhao J.-F., Cui D.",Scopus,2019,English,10.13328/j.cnki.jos.005726,"The rapid development of the semantic web makes the various fields in smart city have emerged in the form of ontology to express the knowledge model. However, in the practical semantic Web application, it is often faced with the problem of lack of ontology instance. It is an extremely effective solution to transform the data in the existing relational data source into ontology instance, which requires the use of the relational model to the ontology model matching technology to establish the mapping between the data source and the ontology. In addition, the schema matching to the ontology model is widely used in data integration, data semantic annotation, ontology-based data access, and other fields. The existing related work tends to use a variety of schema matching algorithms to calculate the similarity of element pairs in heterogeneous data patterns. However, when multiple matching algorithms fail at the same time, it is difficult to obtain a more accurate final matching result. In this study, the weekness of the matching of the single schema matching algorithm are analyzed deeply, the localization feature of the data source is an important factor leading to this phenomenon, and an iterative optimization schema matching scheme is proposed. The scheme uses the matched element pairs from matching process to optimize the single schema matching algorithm. The optimized algorithm can be better compatible with the localization features of the data source, with much higher accuracy, and more matching elements can be obtained. The process continues to iterate until the end of the match. In this study, experiments are carried out through a practical case in the fields of ""food information management"" which have shown that the proposed approach significantly outperforms state-of-the-art method by increasing up to 50.1% of F-measure. © Copyright 2019, Institute of Software, the Chinese Academy of Sciences. All rights reserved."
RDB2OWL: A Language for database to OWL mapping and its implementation,"Bumans G., Cerans K.",Scopus,2019,English,10.22364/bjmc.2019.7.4.02,Most data in industry still resides in relational databases (RDB) but Semantic web uses standard RDF and OWL formats. We consider a previously developed mapping language RDB2OWL allowing compact and end-user readable mapping specification. We describe the RDB2OWL implementation by translation into R2RML standard language that avoids the view rowset multiplication due to several 1-To-n relations from a single class in the ontology. © 2019 Baltic J. Modern Computing. All rights reserved.
SQL to SPARQL conversion for direct RDF querying,"Abatal A., Alaoui K., Alaoui L., Bahaj M.",Scopus,2019,English,10.14569/IJACSA.2019.0101180,"With the advances in native storage means of RDF data and associated querying capabilities using SPARQL, there is a need to let SQL users benefit from such capabilities for interoperability objectives and without any conversion of the RDF data into relational data. In this sense, this work present SQL2SPARQL4RDF an automatic conversion algorithm of SQL queries into SPARQL queries for querying RDF data, which extends the previously established algorithm with relevant SQL elements such as queries with INSERT, DELETE, GROUP BY and HAVING clauses. SQL users are provided with a relational schema of their RDF data against which they can formulate their SQL queries that are then converted into SPARQL equivalent ones with respect to the provided schema. This avoids the birding of translating instances and data replication and thus saving loading times and guaranteeing fast execution especially in the case of massive amounts of data. In addition, the automatic mapping framework developed by the java programming language, and implement many new mapping functionalities. Furthermore, to test and validate the efficiency of the mapping approach and adding a module for automatic execution and evaluation of the various obtained SPARQL queries on Allegrograph. © 2019, Science and Information Organization."
Semantic integration and enrichment of heterogeneous biological databases,"Sima A.C., Stockinger K., de Farias T.M., Gil M.",Scopus,2019,English,10.1007/978-1-4939-9074-0_22,"Biological databases are growing at an exponential rate, currently being among the major producers of Big Data, almost on par with commercial generators, such as YouTube or Twitter. While traditionally biological databases evolved as independent silos, each purposely built by a different research group in order to answer specific research questions; more recently significant efforts have been made toward integrating these heterogeneous sources into unified data access systems or interoperable systems using the FAIR principles of data sharing. Semantic Web technologies have been key enablers in this process, opening the path for new insights into the unified data, which were not visible at the level of each independent database. In this chapter, we first provide an introduction into two of the most used database models for biological data: Relational databases and RDF stores. Next, we discuss ontology-based data integration, which serves to unify and enrich heterogeneous data sources. We present an extensive timeline of milestones in data integration based on Semantic Web technologies in the field of life sciences. Finally, we discuss some of the remaining challenges in making ontology-based data access (OBDA) systems easily accessible to a larger audience. In particular, we introduce natural language search interfaces, which alleviate the need for database users to be familiar with technical query languages. We illustrate the main theoretical concepts of data integration through concrete examples, using two well-known biological databases: A gene expression database, Bgee, and an orthology database, OMA. © The Author(s) 2019."
A semantic graph database for BIM-GIS integrated information model for an intelligent urban mobility web application,"Hor A.E.H., Sohn G., Claudio P., Jadidi M., Afnan A.",Scopus,2018,English,10.5194/isprs-annals-IV-4-89-2018,"Over the recent years, the usage of semantic web technologies and Resources Description Framework (RDF) data models have been notably increased in many fields. Multiple systems are using RDF data to describe information resources and semantic associations. RDF data plays a very important role in advanced information retrieval, and graphs are efficient ways to visualize and represent real world data by providing solutions to many real-time scenarios that can be simulated and implemented using graph databases, and efficiently query graphs with multiple attributes representing different domains of knowledge. Given that graph databases are schema less with efficient storage for semi-structured data, they can provide fast and deep traversals instead of slow RDBMS SQL based joins allowing Atomicity, Consistency, Isolation and durability (ACID) transactions with rollback support, and by utilizing mathematics of graph they can enormous potential for fast data extraction and storage of information in the form of nodes and relationships. In this paper, we are presenting an architectural design with complete implementation of BIM-GIS integrated RDF graph database. The proposed integration approach is composed of four main phases: Ontological BIM and GIS model's construction, mapping and semantic integration using interoperable data formats, then an import into a graph database with querying and filtering capabilities. The workflows and transformations of IFC and CityGML schemas into object graph databases model are developed and applied to an intelligent urban mobility web application on a game engine platform validate the integration methodology. © 2018 Auhtors."
An ontology-guided semantic data integration framework to support integrative data analysis of cancer survival,"Zhang H., Guo Y., Li Q., George T.J., Shenkman E., Modave F., Bian J.",Scopus,2018,English,10.1186/s12911-018-0636-4,"Background: Cancer is the second leading cause of death in the United States, exceeded only by heart disease. Extant cancer survival analyses have primarily focused on individual-level factors due to limited data availability from a single data source. There is a need to integrate data from different sources to simultaneously study as much risk factors as possible. Thus, we proposed an ontology-based approach to integrate heterogeneous datasets addressing key data integration challenges. Methods: Following best practices in ontology engineering, we created the Ontology for Cancer Research Variables (OCRV) adapting existing semantic resources such as the National Cancer Institute (NCI) Thesaurus. Using the global-as-view data integration approach, we created mapping axioms to link the data elements in different sources to OCRV. Implemented upon the Ontop platform, we built a data integration pipeline to query, extract, and transform data in relational databases using semantic queries into a pooled dataset according to the downstream multi-level Integrative Data Analysis (IDA) needs. Results: Based on our use cases in the cancer survival IDA, we created tailored ontological structures in OCRV to facilitate the data integration tasks. Specifically, we created a flexible framework addressing key integration challenges: (1) using a shared, controlled vocabulary to make data understandable to both human and computers, (2) explicitly modeling the semantic relationships makes it possible to compute and reason with the data, (3) linking patients to contextual and environmental factors through geographic variables, (4) being able to document the data manipulation and integration processes clearly in the ontologies. Conclusions: Using an ontology-based data integration approach not only standardizes the definitions of data variables through a common, controlled vocabulary, but also makes the semantic relationships among variables from different sources explicit and clear to all users of the same datasets. Such an approach resolves the ambiguity in variable selection, extraction and integration processes and thus improve reproducibility of the IDA. © 2018 The Author(s)."
Biological databases,Dhillon S.K.,Scopus,2018,English,10.1016/B978-0-12-809633-8.20198-2,"Biological databases are digitised collections of information on life sciences which includes omics (genomics, proteomics, transcriptomics and metabolomics) and other datasets such as microarray gene expressions, phylogenetics, taxonomy, animal models, disease and clinical. These datasets are captured and collated from many different sources including scientific experiments using high throughput technologies, published literatures and computational technologies. Biological data are expected to grow in the coming years as high end technologies are being used to generate high volumes of data, thus data storage strategies and solutions need to cope with the trend in order to maximise data utilisation in mining, visualizing and knowledge extraction. This article reflects upon techniques of data modeling, architecture with a highlight on the uses of databases. Examples of biological databases in different domains of biology is presented, focusing on two case studies. Finally the future of biological databases is discussed to give an overview of the modeling techniques to accommodate the biological data escalation in coming years. © 2019 Elsevier Inc. All rights reserved."
R2RS: Schema-based relational databases mapping to linked datasets,"Kim J.R., Han S.-K.",Scopus,2018,English,10.14419/ijet.v7i2.33.13868,"Background/Objectives: The vast amounts of high-quality data stored in relational databases (RDB) is the primary resources for Linked Open Data (LOD) datasets. This paper proposes a schema-based mapping approach from RDB to RDF, which provides succinct and efficient mapping. Methods/Statistical analysis: The various approaches, languages and tools for mapping RDB to LOD have been proposed in the recent years. This paper surveys and analyzes classic mapping approach and language such as Direct Mapping and R2RML. The mapping approaches can be categorized by means of their data modeling. After analyzing the conventional RDB-RDF mapping methods, this paper proposes a new mapping method and discusses its typical features and applications. Findings: There are two types of mapping approaches for the translation of RDB to RDF: instance-based and schema-based mapping approaches. The instance-based mapping approaches generate large amounts of RDF graphs by means of mapping rules. These approaches causes data redundancy since the same data is stored in two ways of RDB and RDF. It is very easy to bring the data inconsistence problem when data update operations occur. The schema-based mapping approaches can effectively avoid data redundancy since the mapping can be accomplished in the conceptual schema level. The architecture of SPARQL endpoint based on schema mapping approach consists of five phases: • Generation of mapping description based on mapping rules. • SPARQL query statements for RDF graph patterns. • Translation of SPARQL query into SQL query. • Execution of SQL query in RDB. • Interpretation of SQL query result into JSON-LD format. Experiments show the schema-based mapping approach is a straightforward, succinct and efficient mapping method for RDB2RDF. Improvements/Applications: This paper proposes a schema-based mapping approach called R2RS, which shows better performance than the conventional mapping methods. In addition, R2RS also provides the efficient implementation of SPARQL endpoint in RDB. © 2018 Ju Ri Kim, Sung-Kook Han."
Sparql query processing in relational databases,"Kim J.R., Zhao Z., Han S.-K.",Scopus,2018,English,10.14419/ijet.v7i2.33.13860,"Background/Objectives: The mapping RDB to RDF has become important to populate Linked Data more efficiently. This paper shows how to implement SPARQL endpoint in RDB using a conceptual level mapping approach. Methods/Statistical analysis: Many diverse approaches and related languages for mapping RDB to RDF have been proposed. The prominent achievements of mapping RDB to RDF are two standard draft Direct Mapping and R2RML proposed by W3C RDB2RDF Working Group. This paper analyzes these conventional mapping approaches and proposes a new approach based on schema mapping. The paper also presents SPARQL query processing in RDB. Findings: There are distinct differences between instance level mapping and conceptual level mapping for RDB2RDF. Data redundancy of instance level mapping causes many inevitable problems during mapping procedure. The conceptual level mapping can provide straightforward and efficient way. The ER model in RDB and RDF model in Linked Data have obvious similarity. The ER model describes entities and relationships, which is the conceptual schema of RDB. RDF model consists of three parts: subject, predicate and object, which is the standard model for data interchange on the Web. The entities in ER model and subjects in RDF model are all the things that can be anything in the real world. Both the relationships in ER model and predicates in RDF model describe the relations between things. Since RDB and RDF share the similar modeling approach at the schema level, it is reasonable that mapping approach should be based on RDB schema. This kind of conceptual level mapping also can provide efficient SPARQL query processing in RDB. Improvements/Applications: The paper realizes SPARQL query processing in RDB, which is based on conceptual level mapping. The query experiments show that it is a concise and efficient way to populate Linked Data. © 2018 Ju Ri Kim."
RODI: Benchmarking relational-to-ontology mapping generation quality,"Pinkel C., Binnig C., Jiménez-Ruiz E., Kharlamov E., May W., Nikolov A., Sasa Bastinos A., Skjæveland M.G., Solimando A., Taheriyan M., Heupel C., Horrocks I.",Scopus,2018,English,10.3233/SW-170268,"Accessing and utilizing enterprise or Web data that is scattered across multiple data sources is an important task for both applications and users. Ontology-based data integration, where an ontology mediates between the raw data and its consumers, is a promising approach to facilitate such scenarios. This approach crucially relies on useful mappings to relate the ontology and the data, the latter being typically stored in relational databases. A number of systems to support the construction of such mappings have recently been developed. A generic and effective benchmark for reliable and comparable evaluation of the practical utility of such systems would make an important contribution to the development of ontology-based data integration systems and their application in practice. We have proposed such a benchmark, called RODI. In this paper, we present a new version of RODI, which significantly extends our previous benchmark, and we evaluate various systems with it. RODI includes test scenarios from the domains of scientific conferences, geographical data, and oil and gas exploration. Scenarios are constituted of databases, ontologies, and queries to test expected results. Systems that compute relational-to-ontology mappings can be evaluated using RODI by checking how well they can handle various features of relational schemas and ontologies, and how well the computed mappings work for query answering. Using RODI, we conducted a comprehensive evaluation of seven systems. © 2018 - IOS Press and the authors. All rights reserved."
Database ontology-supported query for ubiquitous environments,"Maran V., Augustin I., Machado G.M., Lima J.C.D., Machado A., De Oliveira J.P.M.",Scopus,2017,English,10.1145/3126858.3131575,"One of the main research opportunities regarding the use of contextual information is the context and relational databases integration. This integration allows the better contextualized retrieval of data. This paper presents a set of rules, which used with an ontological model, allows the integration of context and domain data. This approach enables the data retrieved through SQL queries to be returned in a contextualized manner, without the need to change the database schema originally used. Another advantage is the use of queries originally defined in systems, thus, it is not necessary to perform a re-engineering of the system. The model evaluation was carried out through the development of a case study applied to a virtual learning environment. The results show that the rules allow a filtering using the context of interest, resulting in a more meaningful data recovery. © 2017 Association for Computing Machinery."
Ontology Based Data Access in Statoil,"Kharlamov E., Hovland D., Skjæveland M.G., Bilidas D., Jiménez-Ruiz E., Xiao G., Soylu A., Lanti D., Rezk M., Zheleznyakov D., Giese M., Lie H., Ioannidis Y., Kotidis Y., Koubarakis M., Waaler A.",Scopus,2017,English,10.1016/j.websem.2017.05.005,"Ontology Based Data Access (OBDA) is a prominent approach to query databases which uses an ontology to expose data in a conceptually clear manner by abstracting away from the technical schema-level details of the underlying data. The ontology is ‘connected’ to the data via mappings that allow to automatically translate queries posed over the ontology into data-level queries that can be executed by the underlying database management system. Despite a lot of attention from the research community, there are still few instances of real world industrial use of OBDA systems. In this work we present data access challenges in the data-intensive petroleum company Statoil and our experience in addressing these challenges with OBDA technology. In particular, we have developed a deployment module to create ontologies and mappings from relational databases in a semi-automatic fashion; a query processing module to perform and optimise the process of translating ontological queries into data queries and their execution over either a single DB of federated DBs; and a query formulation module to support query construction for engineers with a limited IT background. Our modules have been integrated in one OBDA system, deployed at Statoil, integrated with Statoil's infrastructure, and evaluated with Statoil's engineers and data. © 2017 Elsevier B.V."
A Way How to Impart Data Science Skills to Computer Science Students Exemplified by OBDA-Systems Development,"Chuprina S., Postanogov I., Kostareva T.",Scopus,2017,English,10.1016/j.procs.2017.05.191,"Nowadays to explore and examine data from a variety of angles to tackle Big Data problems, to devise data-driven solutions to the most pressing challenges, it is necessary to build multidisciplinary students' skills set for innovative methods not only for master's in Data Science programs but in traditional Computer Science programs also. In the paper, we describe how teaching methods and tools, which are used to train students to develop Ontology-Based Data Access systems with natural language interface to relational databases helps Master's Degree students in Computer Science to collaborate with Data Scientists in real-world interdisciplinary projects and to prepare them for a data science career. We use ontology engineering in a combination with Natural Language Processing methods based on lexico-syntactic patterns, in particular, to extract needful data from structured, semi-structured and unstructured datasets in a uniform way to analyze real-world Russian social networks related to new building area. © 2017 The Authors. Published by Elsevier B.V."
Integration mapping rules: Transforming relational database to semantic web ontology,"Hazber M.A.G., Li R., Gu X., Xu G.",Scopus,2016,English,10.18576/amis/100307,"Semantic integration became an attractive area of research in several disciplines, such as information integration, databases and ontologies. Huge amount of data is still stored in relational databases (RDBs) that can be used to build ontology, and the database cannot be used directly by the semantic web. Therefore, one of the main challenges of the semantic web is mapping relational databases to ontologies (RDF(S)-OWL). Moreover, the use of manual work in the mapping of web contents to ontologies is impractical because it contains billions of pages and the most of these contents are generated from relational databases. Hence, we propose a new approach, which enables semantic web applications to access relational databases and their contents by semantic methods. Domain ontologies can be used to formulate relational database schema and data in order to simplify the mapping (transformation) of the underlying data sources. Our method consists of two main phases: building ontology from an RDB schema and the generation of ontology instances from an RDB data automatically. In the first phase, we studied different cases of RDB schema to be mapped into ontology represented in RDF(S)-OWL, while in the second phase, the mapping rules are used to transform RDB data to ontological instances represented in RDF triples. Our approach is demonstrated with examples, validated by ontology validator and implemented using Apache Jena in Java Language and MYSQL. This approach is effective for building ontology and important for mining semantic information from huge web resources. © 2016 NSP."
An ontology-based framework for semantic reconciliation in humanitarian aid in Emergency information systems,"Apisakmontri P., Nantajeewarawat E., Ikeda M., Buranarach M.",Scopus,2016,English,10.2197/ipsjjip.24.73,"Humanitarian aid in an emergency information system involves information from multidisciplinary environments. A lot of information is stored in relational databases. Semantic interoperability between existing relational databases and ontologies still remains a major practical issue. In order to avoid a combinatorial explosion of terminology alignment among different systems, we designed a pivot ontology framework, and present a pivot construction methodology and a PivotOntology-to-Database schema matching methodology. The first methodology is adopted from an ontology engineering technique, and the second one is based on a linguistic relation approach. To integrate humanitarian aid in emergency information from several databases, the Humanitarian Aid for Refugees in Emergencies (HARE) ontology has been proposed. Coverage of the HARE ontology is evaluated with respect to comparison against knowledge sources, and matching with existing systems. The evaluations demonstrate that the HARE ontology is broadly compatible with existing database schemas. © 2016 Information Processing Society of Japan."
A framework exchanging data from database resources to ontology for integration,Abbasi A.A.,Scopus,2016,English,10.3923/jeasci.2016.1568.1574,"Now a days, databases offer the best technique for storing, managing and retrieving data but traditional databases suffer from the absence of a semantic viewpoint in supporting the goal of databases integration from different databases resources into one unified form, in a common framework. For data integration Source models help in integrating distributed database sources. The autonomous and heterogeneous data resources required to represent in logical and conceptual models which provide common framework and reach global goal for databases integration. So, ontology is a best solution for databases integration. As ontology is a clear and detailed details as to how a thing is to be done of shared conceptualization can amount in better way for semantically united as complete thing of heterogeneous resources. Ontology constitutes a bridge between human and machine to machine understanding through formal and consensual terminologies. As a result of this key property of ontology, it can be shared and reused between computer to computer and human. In our proposed approach, the technique which is applied in this study is the rule based transformation on the relational databases to the OWL ontology. Generated ontology is completed with structurepoint of view from relational schema which is written in structure query language. This makes least inaccuracies with less work through manually building ontology. Generated ontology has been validated and enhanced with conceptual model extended entity relationship diagram. This study has reported about techniques applied with examples. © Medwell Journals, 2016."
A systematic mapping study of database resources to ontology via reverse engineering,"Abbasi A.A., Kulathuramaiyer N.",Scopus,2016,English,10.3923/ajit.2016.730.737,"This study aims at proposing transformation technique to build OWL ontology from relational database resources by following SQL-DDL (Structured Queiy Language-Data Definition Language) written version. Though, the databases has proposed the best form of techniques in order to store in memoiy for the purpose of managing data and retrieving data or for the purpose of recovering it for further functions. However, databases has been observed semantically absence in achieving world-wide objectives based on both web and data integration semantically. Semantic web is supported by ontology that has ability to represent data in meaningful, rich and readable form for both human and machine. This issue can be overcome through ontology would help in improving databases by semantic functions. This approach can capture meta-data from tuples by analysis of database relations. The meta-data can assist to take out several features of semantic and would not infer from Structured Queiy Language (SQL). As conceptual model is richer in semantics, so this study gets conceptual (EER) model by applying reverse engineering technique. Finally, the generated ontology is validated and enhanced through comparison with that of database conceptual model which is also known as EER diagram, for achieving the highest ontology. © Medwell Journals, 2016."
Integrated data repository toolkit (IDRT): A suite of programs to facilitate health analytics on heterogeneous medical data,"Bauer C.R.K.D., Ganslandt T., Baum B., Christoph J., Engel I., Löbe M., Mate S., Stäubert S., Drepper J., Prokosch H.-U., Winter A., Sax U.",Scopus,2016,English,10.3414/ME15-01-0082,"Background: In recent years, research data warehouses moved increasingly into the focus of interest of medical research. Nevertheless, there are only a few center-independent infrastructure solutions available. They aim to provide a consolidated view on medical data from various sources such as clinical trials, electronic health records, epidemiological registries or longitudinal cohorts. The i2b2 framework is a well-established solution for such repositories, but it lacks support for importing and integrating clinical data and metadata. Objectives: The goal of this project was to develop a platform for easy integration and administration of data from heterogeneous sources, to provide capabilities for linking them to medical terminologies and to allow for transforming and mapping of data streams for user-specific views. Methods: A suite of three tools has been developed: the i2b2 Wizard for simplifying administration of i2b2, the IDRT Import and Mapping Tool for loading clinical data from various formats like CSV, SQL, CDISC ODM or biobanks and the IDRT i2b2 Web Client Plugin for advanced export options. The Import and Mapping Tool also includes an ontology editor for rearranging and mapping patient data and structures as well as annotating clinical data with medical terminologies, primarily those used in Germany (ICD-10-GM, OPS, ICD-O, etc.). Results: With the three tools functional, new i2b2-based research projects can be created, populated and customized to researcher’s needs in a few hours. Amalgamating data and metadata from different databases can be managed easily. With regards to data privacy a pseudonymization service can be plugged in. Using common ontologies and reference terminologies rather than projectspecific ones leads to a consistent understanding of the data semantics. Conclusions: i2b2’s promise is to enable clinical researchers to devise and test new hypothesis even without a deep knowledge in statistical programing. The approach pre-sented here has been tested in a number of scenarios with millions of observations and tens of thousands of patients. Initially mostly observant, trained researchers were able to construct new analyses on their own. Early feedback indicates that timely and extensive access to their “own” data is appreciated most, but it is also lowering the barrier for other tasks, for instance checking data quality and completeness (missing data, wrong coding). © Schattauer 2016."
Temporalizing rewritable query languages over knowledge bases,"Borgwardt S., Lippmann M., Thost V.",Scopus,2015,English,10.1016/j.websem.2014.11.007,"Ontology-based data access (OBDA) generalizes query answering in relational databases. It allows to query a database by using the language of an ontology, abstracting from the actual relations of the database. OBDA can sometimes be realized by compiling the information of the ontology into the query and the database. The resulting query is then answered using classical database techniques. In this paper, we consider a temporal version of OBDA. We propose a generic temporal query language that combines linear temporal logic with queries over ontologies. This language is well-suited for expressing temporal properties of dynamic systems and is useful in context-aware applications that need to detect specific situations. We show that, if atemporal queries are rewritable in the sense described above, then the corresponding temporal queries are also rewritable such that we can answer them over a temporal database. We present three approaches to answering the resulting queries. © 2014 Elsevier B.V. All rights reserved."
The KnownLeaf literature curation system captures knowledge about Arabidopsis leaf growth and development and facilitates integrated data mining,"Szakonyi D., Van Landeghem S., Baerenfaller K., Baeyens L., Blomme J., Casanova-Sáez R., De Bodt S., Esteve-Bruna D., Fiorani F., Gonzalez N., Grønlund J., Immink R.G.H., Jover-Gil S., Kuwabara A., Muñoz-Nortes T., van Dijk A.D.J., Wilson-Sánchez D., Buchanan-Wollaston V., Angenent G.C., Van de Peer Y., Inzé D., Micol J.L., Gruissem W., Walsh S., Hilson P.",Scopus,2015,English,10.1016/j.cpb.2014.12.002,"The information that connects genotypes and phenotypes is essentially embedded in research articles written in natural language. To facilitate access to this knowledge, we constructed a framework for the curation of the scientific literature studying the molecular mechanisms that control leaf growth and development in Arabidopsis thaliana (Arabidopsis). Standard structured statements, called relations, were designed to capture diverse data types, including phenotypes and gene expression linked to genotype description, growth conditions, genetic and molecular interactions, and details about molecular entities. Relations were then annotated from the literature, defining the relevant terms according to standard biomedical ontologies. This curation process was supported by a dedicated graphical user interface, called Leaf Knowtator. A total of 283 primary research articles were curated by a community of annotators, yielding 9947 relations monitored for consistency and over 12,500 references to Arabidopsis genes. This information was converted into a relational database (KnownLeaf) and merged with other public Arabidopsis resources relative to transcriptional networks, protein-protein interaction, gene co-expression, and additional molecular annotations. Within KnownLeaf, leaf phenotype data can be searched together with molecular data originating either from this curation initiative or from external public resources. Finally, we built a network (LeafNet) with a portion of the KnownLeaf database content to graphically represent the leaf phenotype relations in a molecular context, offering an intuitive starting point for knowledge mining. Literature curation efforts such as ours provide high quality structured information accessible to computational analysis, and thereby to a wide range of applications. DATA: The presented work was performed in the framework of the AGRON-OMICS project (Arabidopsis GRO wth Network integrating OMICS technologies) supported by European Commission 6th Framework Programme project (Grant number LSHG-CT-2006-037704). This is a data integration and data sharing portal collecting all the all the major results from the consortium. All data presented in our paper is available here. https://agronomics.ethz.ch/. © 2015 The Authors."
A semantic integration approach to publish and retrieve ecological data,"De Carvalho Moura A.M., Porto F., Vidal V., Magalhães R.P., Maia M., Poltosi M., Palazzi D.",Scopus,2015,English,10.1108/IJWIS-08-2014-0028,"Purpose - The purpose of this paper is to present a four-level architecture that aims at integrating, publishing and retrieving ecological data making use of linked data (LD). It allows scientists to explore taxonomical, spatial and temporal ecological information, access trophic chain relations between species and complement this information with other data sets published on the Web of data. The development of ecological information repositories is a crucial step to organize and catalog natural reserves. However, they present some challenges regarding their effectiveness to provide a shared and global view of biodiversity data, such as data heterogeneity, lack of metadata standardization and data interoperability. LD rose as an interesting technology to solve some of these challenges. Design/methodology/approach - Ecological data, which is produced and collected from different media resources, is stored in distinct relational databases and published as RDF triples, using a relational-Resource Description Format mapping language. An application ontology reflects a global view of these datasets and share with them the same vocabulary. Scientists specify their data views by selecting their objects of interest in a friendly way.Adata view is internally represented as an algebraic scientific workflow that applies data transformation operations to integrate data sources. Findings - Despite of years of investment, data integration continues offering scientists challenges in obtaining consolidated data views of a large number of heterogeneous scientific data sources. The semantic integration approach presented in this paper simplifies this process both in terms of mappings and query answering through data views. Social implications - This work provides knowledge about the Guanabara Bay ecosystem, as well as to be a source of answers to the anthropic and climatic impacts on the bay ecosystem. Additionally, this work will enable evaluating the adequacy of actions that are being taken to clean up Guanabara Bay, regarding the marine ecology. Originality/value - Mapping complexity is traded by the process of generating the exported ontology. The approach reduces the problem of integration to that of mappings between homogeneous ontologies. As a byproduct, data views are easily rewritten into queries over data sources. The architecture is general and although applied to the ecological context, it can be extended to other domains."
Semantic queries by example,"Lim L., Wang H., Wang M.",Scopus,2013,English,10.1145/2452376.2452417,"With the ever increasing quantities of electronic data, there is a growing need to make sense out of the data. Many advanced database applications are beginning to support this need by integrating domain knowledge encoded as ontologies into queries over relational data. However, it is extremely difficult to express queries against graph structured ontology in the relational SQL query language or its extensions. Moreover, semantic queries are usually not precise, especially when data and its related ontology are complicated. Users often only have a vague notion of their information needs and are not able to specify queries precisely. In this paper, we address these challenges by introducing a novel method to support semantic queries in relational databases with ease. Instead of casting ontology into relational form and creating new language constructs to express such queries, we ask the user to provide a small number of examples that satisfy the query she has in mind. Using those examples as seeds, the system infers the exact query automatically, and the user is therefore shielded from the complexity of interfacing with the ontology. Our approach consists of three steps. In the first step, the user provides several examples that satisfy the query. In the second step, we use machine learning techniques to mine the semantics of the query from the given examples and related ontologies. Finally, we apply the query semantics on the data to generate the full query result. We also implement an optional active learning mechanism to find the query semantics accurately and quickly. Our experiments validate the effectiveness of our approach. © 2013 ACM."
Clever generation of rich SPARQL queries from annotated relational schema: Application to Semantic Web Service creation for biological databases,"Wollbrett J., Larmande P., de Lamotte F., Ruiz M.",Scopus,2013,English,10.1186/1471-2105-14-126,"Background: In recent years, a large amount of "" -omics"" data have been produced. However, these data are stored in many different species-specific databases that are managed by different institutes and laboratories. Biologists often need to find and assemble data from disparate sources to perform certain analyses. Searching for these data and assembling them is a time-consuming task. The Semantic Web helps to facilitate interoperability across databases. A common approach involves the development of wrapper systems that map a relational database schema onto existing domain ontologies. However, few attempts have been made to automate the creation of such wrappers.Results: We developed a framework, named BioSemantic, for the creation of Semantic Web Services that are applicable to relational biological databases. This framework makes use of both Semantic Web and Web Services technologies and can be divided into two main parts: (i) the generation and semi-automatic annotation of an RDF view; and (ii) the automatic generation of SPARQL queries and their integration into Semantic Web Services backbones. We have used our framework to integrate genomic data from different plant databases.Conclusions: BioSemantic is a framework that was designed to speed integration of relational databases. We present how it can be used to speed the development of Semantic Web Services for existing relational biological databases. Currently, it creates and annotates RDF views that enable the automatic generation of SPARQL queries. Web Services are also created and deployed automatically, and the semantic annotations of our Web Services are added automatically using SAWSDL attributes. BioSemantic is downloadable at http://southgreen.cirad.fr/?q=content/Biosemantic. © 2013 Wollbrett et al.; licensee BioMed Central Ltd."
Towards linked open gene mutations data,"Zappa A., Splendiani A., Romano P.",Scopus,2012,English,10.1186/1471-2105-13-S4-S7,"Background: With the advent of high-throughput technologies, a great wealth of variation data is being produced. Such information may constitute the basis for correlation analyses between genotypes and phenotypes and, in the future, for personalized medicine. Several databases on gene variation exist, but this kind of information is still scarce in the Semantic Web framework.In this paper, we discuss issues related to the integration of mutation data in the Linked Open Data infrastructure, part of the Semantic Web framework. We present the development of a mapping from the IARC TP53 Mutation database to RDF and the implementation of servers publishing this data.Methods: A version of the IARC TP53 Mutation database implemented in a relational database was used as first test set. Automatic mappings to RDF were first created by using D2RQ and later manually refined by introducing concepts and properties from domain vocabularies and ontologies, as well as links to Linked Open Data implementations of various systems of biomedical interest.Since D2RQ query performances are lower than those that can be achieved by using an RDF archive, generated data was also loaded into a dedicated system based on tools from the Jena software suite.Results: We have implemented a D2RQ Server for TP53 mutation data, providing data on a subset of the IARC database, including gene variations, somatic mutations, and bibliographic references. The server allows to browse the RDF graph by using links both between classes and to external systems. An alternative interface offers improved performances for SPARQL queries. The resulting data can be explored by using any Semantic Web browser or application.Conclusions: This has been the first case of a mutation database exposed as Linked Data. A revised version of our prototype, including further concepts and IARC TP53 Mutation database data sets, is under development.The publication of variation information as Linked Data opens new perspectives: the exploitation of SPARQL searches on mutation data and other biological databases may support data retrieval which is presently not possible. Moreover, reasoning on integrated variation data may support discoveries towards personalized medicine. © 2012 Zappa et al.; licensee BioMed Central Ltd."
Using OWL ontology for reasoning about schema mappings in data exchange systems,Pankowski T.,Scopus,2012,English,10.3233/978-1-61499-105-2-430,We discuss the problem of creating a knowledge base representing a relational database exchange system and reasoning about schema mappings in such scenario. The knowledge base is developed by describing both databases and mappings in the data exchange system by means of OWL ontology. The key issue is to decide about preservation of semantics of data while the data are being transformed. Then some reasoning about consistency of schema mappings with integrity constraints of databases and with application domain knowledge is necessary. © 2012 The authors and IOS Press. All rights reserved.
Unlocking data for clinical research - The German i2b2 experience,"Ganslandt T., Mate S., Helbing K., Sax U., Prokosch H.U.",Scopus,2011,English,10.4338/ACI-2010-09-CR-0051,"Objective: Data from clinical care is increasingly being used for research purposes. The i2b2 platform has been introduced in some US research communities as a tool for data integration and querying by clinical users. The purpose of this project was to assess the applicability of i2b2 in Germany regarding use cases, functionality and integration with privacy enhancing tools. Methods: A set of four research usage scenarios was chosen, including the transformation and import of ontology and fact data from existing clinical data collections into i2b2 v1.4 instances. Query performance was measured in comparison to native SQL queries. A setup and administration tool for i2b2 was developed. An extraction tool for CDISC ODM data was programmed. Interfaces for the TMF privacy enhancing tools (PID Generator, Pseudonymization Service) were implemented. Results: Data could be imported in all tested scenarios from various source systems, including the generation of i2b2 ontology definitions. The integration of TMF privacy enhancing tools was possible without modification of the platform. Limitations were found regarding query performance in comparison to native SQL and certain temporal queries. Conclusions: i2b2 is a viable platform for data query tasks in use cases typical for networked medical research in Germany. The integration of privacy enhancing tools facilitates the use of i2b2 within established data protection concepts. Entry barriers should be lowered by providing tools for simplified setup and import of medical standard formats like CDISC ODM. © Schattauer 2011."
The MASTRO system for ontology-based data access,"Calvanese D., De Giacomo G., Lembo D., Lenzerini M., Poggi A., Rodriguez-Muro M., Rosati R., Ruzzi M., Savo D.F.",Scopus,2011,English,10.3233/SW-2011-0029,"In this paper we present MASTRO, a Java tool for ontology-based data access (OBDA) developed at Sapienza Università di Roma and at the Free University of Bozen-Bolzano. MASTRO manages OBDA systems in which the ontology is specified in DL-LiteA,id , a logic of the DL-Lite family of tractable Description Logics specifically tailored to ontology-based data access, and is connected to external JDBC enabled data management systems through semantic mappings that associate SQL queries over the external data to the elements of the ontology. Advanced forms of integrity constraints, which turned out to be very useful in practical applications, are also enabled over the ontologies. Optimized algorithms for answering expressive queries are provided, as well as features for intensional reasoning and consistency checking. MASTRO provides a proprietary API, an OWLAPI compatible interface, and a plugin for the Protégé 4 ontology editor. It has been successfully used in several projects carried out in collaboration with important organizations, on which we briefly comment in this paper. © 2011-IOS Press and the authors. All rights reserved."
On the finite controllability of conjunctive query answering in databases under open-world assumption,Rosati R.,Scopus,2011,English,10.1016/j.jcss.2010.04.011,"In this paper we study queries over relational databases with integrity constraints (ICs). The main problem we analyze is OWA query answering, i.e., query answering over a database with ICs under open-world assumption. The kinds of ICs that we consider are inclusion dependencies and functional dependencies, in particular key dependencies; the query languages we consider are conjunctive queries and unions of conjunctive queries. We present results about the decidability of OWA query answering under ICs. In particular, we study OWA query answering both over finite databases and over unrestricted databases, and identify the cases in which such a problem is finitely controllable, i.e., when OWA query answering over finite databases coincides with OWA query answering over unrestricted databases. Moreover, we are able to easily turn the above results into new results about implication of ICs and query containment under ICs, due to the deep relationship between OWA query answering and these two classical problems in database theory. In particular, we close two long-standing open problems in query containment, since we prove finite controllability of containment of conjunctive queries both under arbitrary inclusion dependencies and under key and foreign key dependencies. The results of our investigation are very relevant in many research areas which have recently dealt with databases under an incomplete information assumption: e.g., data integration, data exchange, view-based information access, ontology-based information systems, and peer data management systems. © 2010 Elsevier Inc. All rights reserved."
Semantic-based query processing for relational data integration,"Miao Z., Zhang Y., Wang J., Lu J., Zhou B.",Scopus,2011,English,10.3969/j.issn.1003-7985.2011.01.005,"To solve the query processing correctness problem for semantic-based relational data integration, the semantics of SAPRQL(simple protocol and RDF query language) queries is defined. In the course of query rewriting, all relative tables are found and decomposed into minimal connectable units. Minimal connectable units are joined according to semantic queries to produce the semantically correct query plans. Algorithms for query rewriting and transforming are presented. Computational complexity of the algorithms is discussed. Under the worst case, the query decomposing algorithm can be finished in O(n2) time and the query rewriting algorithm requires O(nm) time. And the performance of the algorithms is verified by experiments, and experimental results show that when the length of query is less than 8, the query processing algorithms can provide satisfactory performance."
OpenFlyData: An exemplar data web integrating gene expression data on the fruit fly Drosophila melanogaster,"Miles A., Zhao J., Klyne G., White-Cooper H., Shotton D.",Scopus,2010,English,10.1016/j.jbi.2010.04.004,"Motivation: Integrating heterogeneous data across distributed sources is a major requirement for in silico bioinformatics supporting translational research. For example, genome-scale data on patterns of gene expression in the fruit fly Drosophila melanogaster are widely used in functional genomic studies in many organisms to inform candidate gene selection and validate experimental results. However, current data integration solutions tend to be heavy weight, and require significant initial and ongoing investment of effort. Development of a common Web-based data integration infrastructure (a.k.a. data web), using Semantic Web standards, promises to alleviate these difficulties, but little is known about the feasibility, costs, risks or practical means of migrating to such an infrastructure. Results: We describe the development of OpenFlyData, a proof-of-concept system integrating gene expression data on D. melanogaster, combining Semantic Web standards with light-weight approaches to Web programming based on Web 2.0 design patterns. To support researchers designing and validating functional genomic studies, OpenFlyData includes user-facing search applications providing intuitive access to and comparison of gene expression data from FlyAtlas, the BDGP in situ database, and FlyTED, using data from FlyBase to expand and disambiguate gene names. OpenFlyData's services are also openly accessible, and are available for reuse by other bioinformaticians and application developers. Semi-automated methods and tools were developed to support labour- and knowledge-intensive tasks involved in deploying SPARQL services. These include methods for generating ontologies and relational-to-RDF mappings for relational databases, which we illustrate using the FlyBase Chado database schema; and methods for mapping gene identifiers between databases. The advantages of using Semantic Web standards for biomedical data integration are discussed, as are open issues. In particular, although the performance of open source SPARQL implementations is sufficient to query gene expression data directly from user-facing applications such as Web-based data fusions (a.k.a. mashups), we found open SPARQL endpoints to be vulnerable to denial-of-service-type problems, which must be mitigated to ensure reliability of services based on this standard. These results are relevant to data integration activities in translational bioinformatics. Availability: The gene expression search applications and SPARQL endpoints developed for OpenFlyData are deployed at http://openflydata.org. FlyUI, a library of JavaScript widgets providing re-usable user-interface components for Drosophila gene expression data, is available at http://flyui.googlecode.com. Software and ontologies to support transformation of data from FlyBase, FlyAtlas, BDGP and FlyTED to RDF are available at http://openflydata.googlecode.com. SPARQLite, an implementation of the SPARQL protocol, is available at http://sparqlite.googlecode.com. All software is provided under the GPL version 3 open source license. © 2010 Elsevier Inc."
O-Chord: A method for locating relational data sources in a P2P environment,"Al King R., Hameurlain A., Morvan F.",Scopus,2008,English,10.1007/978-1-4020-8741-7_75,"Due to the characteristics of Peer-to-Peer systems, SQL query processing in these systems is more complex than traditional distributed DBMS. In this context, semantic and structural heterogeneity of local schemas create a real problem for locating data sources. Schema heterogeneity prevents peers to exchange their data in a comprehensive way. It could lead to incorrect answers for the localization query. In this paper, we propose O-Chord method which integrates domain ontology in Chord protocol [22]. This integration provides comprehensive data exchange while carrying out efficient data sources localization. Our proposed method allows Chord protocol to select the relevant data sources to answer the localization query. © Springer Science+Business Media B.V. 2008."
Heterogeneous database semantic integration based on ontology,"Chen H., Chen B., He L., Liang P.",Scopus,2008,English,10.22266/ijies2008.0930.01,"To enable accessing deep web information at semantic level, this paper develops a semantic query rewriting and planning mechanism on heterogeneous database enabled web information system with complex ontology mapping technology. It discusses the procedure of converting database schema and instances to ontologies at first, and then the patterns of complex ontology mappings, and then the ontology-based query planning in Mediator-Wrapper based environment with GAV style querying request. The relational algebra rewriting and planning algorithm is discussed in detail."
On the decidability and finite controllability of query processing in databases with incomplete information,Rosati R.,Scopus,2006,English,10.1145/1142351.1142404,"In this paper we study queries over relational databases with integrity constraints (ICs). The main problem we analyze is OWA query answering, i.e., query answering over a database with ICs under open-world assumption. The kinds of ICs that we consider are functional dependencies (in particular key dependencies) and inclusion dependencies; the query languages we consider are conjunctive queries (CQs), union of conjunctive queries (UCQs), CQs and UCQs with negation and/or inequality. We present a set of results about the decidability and finite controllability of OWA query answering under ICs. In particular: (i) we identify the decidability/undecidability frontier for OWA query answering under different combinations of the ICs allowed and the query language allowed; (ii) we study OWA query answering both over finite databases and over unrestricted databases, and identify the cases in which such a problem is finitely controllable, i.e., when OWA query answering over finite databases coincides with OWA query answering over unrestricted databases. Moreover, we are able to easily turn the above results into new results about implication of ICs and query containment under ICs, due to the deep relationship between OWA query answering and these two classical problems in database theory. In particular, we close two long-standing open problems in query containment, since we prove finite controllability of containment of conjunctive queries both under arbitrary inclusion dependencies and under key and foreign key dependencies. Besides their theoretical interest, we believe that the results of our investigation are very relevant in many research areas which have recently dealt with databases under an incomplete information assumption: e.g., view-based information access, ontology-based information systems, data integration, data exchange, and peer-to-peer information systems. Copyright 2006 ACM."
DartGrid III: A semantic grid toolkit for data integration,"Chen H., Wu Z.",Scopus,2005,English,10.1109/SKG.2005.60,"A toolkit called DartGrid1 using technologies from either semantic web or grid is introduced. It is build upon Globus Toolkit and uses RDF-based ontology to integrate heterogeneous relational databases. Technically, database resources are exposed as grid services and organized as an ontology-based virtual organization. By uniformly defined domain semantics, data resources are semantically registered to an semantic registration service and seamlessly integrated together to provide unified semantic query and semantic search service. Furthermore, a set of semantic tools are developed to raise the level of interaction with the system to a semantic level. A visual mapping tool is offered to help data provider to define semantic mapping from relational schema to shared ontology. A visual query tool which can automatically generated query interface based on ontology definitions, is provided to help specify complex semantic queries. A search-engine-like interface is offered to enable quickly search and semantically navigate data from one database to another database. DartGrid is a deployed system that currently provides query and search service at China Academy of Traditional Chinese Medicine2. © 2006 IEEE."
SEMEDA: Ontology based semantic integration of biological databases,"Köhler J., Philippi S., Lange M.",Scopus,2003,English,10.1093/bioinformatics/btg340,"Motivation: Many molecular biological databases are implemented on relational Database Management Systems, which provide standard interfaces like JDBC and ODBC for data and metadata exchange. By using these interfaces, many technical problems of database integration vanish and issues related to semantics remain, e.g. the use of different terms for the same things, different names for equivalent database attributes and missing links between relevant entries in different databases. Results: In this publication, principles and methods that were used to implement SEMEDA (Semantic Meta Database) are described. Database owners can use SEMEDA to provide semantically integrated access to their databases as well as to collaboratively edit and maintain ontologies and controlled vocabularies. Biologists can use SEMEDA to query the integrated databases in real time without having to know the structure or any technical details of the underlying databases."
SRS. An integration platform for databanks and analysis tools in bioinformatics.,"Etzold T., Harris H., Beaulah S.",Scopus,2003,English,10.1016/B978-155860829-0/50007-3,"The sequence retrieval system (SRS) approach to data integration has evolved over many years to address the needs of researchers in life sciences-that is, to query, retrieve, and analyze complex, ever increasing, and changing biological data. SRSs follow a federation approach to data integration, leaving the underlying data sources in their original formats. For example, GenBank is used in flat file format, and the genome ontology is used in either XML format or as relational tables stored in MySQL. Databanks generated and provided by the major technologies available are integrated through meta-data, which is provided for the majority of the common public data sources. SRS customers use this functionality to integrate their own in-house data (such as gene expression databases) with third-party data (such as Incyte LifeSeq Foundation data) and public data (such as EMBL and Swiss-Prot). SRSs aim at remaining independent of the technology used for data storage. Extensible markup language (XML), flat files, and relational databases bring with them a range of benefits and problems that often create a particular mind-set for the people who use and maintain them. © 2003 by Elsevier Science (USA). All rights reserved."
"iProClass: An integrated database of protein family, function and structure information","Huang H., Barker W.C., Chen Y., Wu C.H.",Scopus,2003,English,10.1093/nar/gkg044,"The iProClass database provides comprehensive, value-added descriptions of proteins and serves as a framework for data integration in a distributed networking environment. The protein information in iProCiass includes family relationships as well as structural and functional classifications and features. The current version consists of about 830 000 non-redundant PIR-PSD, SWISS-PROT, and TrEMBL proteins organized with more than 36 000 PIR superfamilies, 145 000 families, 4000 domains, 1300 motifs and 550 000 FASTA similarity clusters. It provides rich links to over 50 database of protein sequences, families, functions and pathways, protein-protein interactions, post-translational modifications, protein expressions, structures and structural classifications, genes and genomes, ontologies, literature and taxonomy. Protein and superfamily summary reports present extensive annotation information and include membership statistics and graphical display of domains and motifs. iProClass employs an open and modular architecture for interoperability and scalability. It is implemented in the Oracle object-relational database system and is updated biweekly. The database is freely accessible from the web site at http://pir. georgetown.edu/iproclass/ and searchable by sequence or text string. The data integration in iProClass supports exploration of protein relationships. Such knowledge is fundamental to the understanding of protein evolution, structure and function and crucial to functional genomic and proteomic research."
