"Document Title",Authors,"Author Affiliations","Publication Title",Date Added To Xplore,"Publication Year","Volume","Issue","Start Page","End Page","Abstract","ISSN",ISBNs,"DOI",Funding Information,PDF Link,"Author Keywords","IEEE Terms","INSPEC Controlled Terms","INSPEC Non-Controlled Terms","Mesh_Terms",Article Citation Count,Patent Citation Count,"Reference Count","License",Online Date,Issue Date,"Meeting Date","Publisher",Document Identifier
"Ontology-Based Data Access and Visualization of Big Vector and Raster Data","K. Bereta; G. Stamoulis; M. Koubarakis",National and Kapodistrian University of Athens; National and Kapodistrian University of Athens; National and Kapodistrian University of Athens,"IGARSS 2018 - 2018 IEEE International Geoscience and Remote Sensing Symposium","4 Nov 2018","2018","","","407","410","We present an Ontology-based data access technique for the integration of geospatial data from different sources and different formats using ontologies and mappings. Our technique is implemented in the system Ontop-spatial, which enables the execution of GeoSPARQL queries over geospatial relational databases storing vector or raster data by performing on-the-fiy GeoSPARQL-to-SQL translation using ontologies and mappings. Ontop-spatial is generally more efficient than traditional geospatial RDF stores. Linked geospatial data can then be visualised on the map using Sextant, an online tool for browsing and visualisation of linked geospatial data.","2153-7003","978-1-5386-7150-4","10.1109/IGARSS.2018.8518255","","https://ieeexplore.ieee.org/stamp/stamp.jsp?arnumber=8518255","GeoSPARQL;Ontology-based Data Access;Raster data;Visualisation","Geospatial analysis;Resource description framework;Data visualization;Ontologies;Linked data;Spatial databases","data visualisation;ontologies (artificial intelligence);query processing;relational databases;semantic Web;social networking (online);SQL;vectors","raster data;ontology-based data access technique;geospatial RDF stores;system ontop-spatial;online tool;browsing;visualisation data;big vector;geospatial relational databases;GeoSPARQL queries","","1","","7","","4 Nov 2018","","","IEEE","IEEE Conferences"
"Query Transformation in Ontology-Based Relational Data Integration","J. Wang; Y. Zhang; Z. Miao; J. Lu","Inst. of Command Autom., PLA Univ. of Sci. & Technol., Nanjing, China; Inst. of Command Autom., PLA Univ. of Sci. & Technol., Nanjing, China; Inst. of Command Autom., PLA Univ. of Sci. & Technol., Nanjing, China; Inst. of Command Autom., PLA Univ. of Sci. & Technol., Nanjing, China","2010 Asia-Pacific Conference on Wearable Computing Systems","7 Jun 2010","2010","","","303","306","The emergence of the Semantic Web brings new paradigm shift of computing in data integration research where data is heterogeneous and distributed. Ontology-based heterogeneous relational data integration has recently attracted many diverse contributions, since most of the information is still stored in relational databases. This paper focuses on the query transformation problem in such an integration scenario. To bridge the semantic gap between the express power of SPARQL and SQL, we describe the semantic of SPARQL graph patterns using relational algebra, which is intended to bring formality and generality to manipulability of SPARQL query. The semantic equivalence of this SPARQL relational algebra is further discussed and a SPARQL to SQL query transforming algorithm is presented.","","978-1-4244-6468-5","10.1109/APWCS.2010.83","","https://ieeexplore.ieee.org/stamp/stamp.jsp?arnumber=5481146","query transformation;relational database;data integration;ontology;SPARQL;SQL","Ontologies;Relational databases;Algebra;Semantic Web;Resource description framework;Wearable computers;Automation;Programmable logic arrays;Distributed computing;Bridges","ontologies (artificial intelligence);query processing;relational algebra;relational databases;SQL","query transformation;ontology;relational data integration;semantic Web;Structured Query Language;SPARQL graph patterns;relational algebra;query transforming algorithm","","3","","12","","7 Jun 2010","","","IEEE","IEEE Conferences"
"Semantic Integration of Relational Data Using SPARQL","J. Wang; Z. Miao; Y. Zhang; J. Lu","Inst. of Command Autom., PLA Univ. of Sci. & Technol., Nanjing; Inst. of Command Autom., PLA Univ. of Sci. & Technol., Nanjing; Inst. of Command Autom., PLA Univ. of Sci. & Technol., Nanjing; Inst. of Command Autom., PLA Univ. of Sci. & Technol., Nanjing","2008 Second International Symposium on Intelligent Information Technology Application","6 Jan 2009","2008","1","","422","426","Data integration is the main problem encountered by applications that need to query across multiple autonomous and heterogeneous data sources. This paper addresses this problem using logic-based approach. We present a semantic integration infrastructure for relational data. In this integration infrastructure, ontology is used as the mediated schema. The formal semantics of SPARQL is defined according to the W3C candidate recommendation and translation algorithm from SPARQL to datalog is provided. A query rewriting algorithm based on datalog is also provided for heterogeneous data integration.","","978-0-7695-3497-8","10.1109/IITA.2008.72","","https://ieeexplore.ieee.org/stamp/stamp.jsp?arnumber=4739608","Data Integration;SPARQL;Datalog;Query Rewriting","Ontologies;Proposals;Information technology;Automation;Programmable logic arrays;Vocabulary;XML;Research and development;Relational databases","DATALOG;ontologies (artificial intelligence);query processing;relational databases;rewriting systems;semantic Web","semantic data integration;relational database;SPARQL;multiple autonomous data source;heterogeneous data source;ontology;Datalog;translation algorithm;query rewriting algorithm","","3","2","13","","6 Jan 2009","","","IEEE","IEEE Conferences"
"Querying Heterogeneous Relational Database using SPARQL","J. Wang; Z. Miao; Y. Zhang; B. Zhou","Inst. of Command Autom., PLA Univ. of Sci. & Technol., Nanjing, China; Inst. of Command Autom., PLA Univ. of Sci. & Technol., Nanjing, China; Inst. of Command Autom., PLA Univ. of Sci. & Technol., Nanjing, China; Inst. of Command Autom., PLA Univ. of Sci. & Technol., Nanjing, China","2009 Eighth IEEE/ACIS International Conference on Computer and Information Science","25 Aug 2009","2009","","","475","480","The emergence of the semantic Web has given rise to several researches on semantic integration of heterogeneous relational databases using ontology. This paper studies the query rewriting problem in such an integration scenario. RDFpsilas graph model lends itself well to expressing relational data. To model the relational schema, we propose a data source describing method based on SPARQL graph patterns and give some principles for semantic mapping between relational schema and RDF ontology. The semantic of query rewriting is further discussed and a query rewriting algorithm is presented so that SPARQL can access heterogeneous relational databases without converting the data into physical triples.","","978-0-7695-3641-5","10.1109/ICIS.2009.11","","https://ieeexplore.ieee.org/stamp/stamp.jsp?arnumber=5222936","SPARQL;Data Integration;Query rewriting","Relational databases;Resource description framework;Ontologies;Semantic Web;Engines;Information resources;Information science;Automation;Programmable logic arrays;Database languages","distributed databases;graph theory;ontologies (artificial intelligence);query processing;relational databases;semantic Web;SQL","heterogeneous relational database querying;SPARQL graph pattern;semantic Web;ontology;query rewriting problem;RDF graph model;data integration;semantic mapping","","5","","14","","25 Aug 2009","","","IEEE","IEEE Conferences"
"Query processing for heterogeneous relational data integration","J. Wang; Y. Zhang; J. Lu; Zhuang Miao; Bo Zhou","Institute of Command Automation, PLA University of Science and Technology, Nanjing 210007, China; Institute of Command Automation, PLA University of Science and Technology, Nanjing 210007, China; Institute of Command Automation, PLA University of Science and Technology, Nanjing 210007, China; Institute of Command Automation, PLA University of Science and Technology, Nanjing 210007, China; Institute of Command Automation, PLA University of Science and Technology, Nanjing 210007, China","2010 International Conference on Intelligent Computing and Integrated Systems","3 Dec 2010","2010","","","777","781","The emergence of the Semantic Web has given rise to researches on semantic integration of heterogeneous relational databases using ontology. Semantic-based heterogeneous relational data integration is recently attracting many diverse attentions, since most of the information is still stored in relational databases. This paper focuses on the query processing problem in semantic-based heterogeneous relational databases integration systems. The semantic of query rewriting is defined and algorithms for query decomposing, rewriting and transforming are presented. SPARQL queries over global schema are rewritten into local SQL queries that can be executed on heterogeneous relational databases. The experiment results show that the approach we proposed has nice performance and scalability.","","978-1-4244-6837-9","10.1109/ICISS.2010.5657113","","https://ieeexplore.ieee.org/stamp/stamp.jsp?arnumber=5657113","Data Integration;Relational Database;SPARQL;Query Processing","Resource description framework;Book reviews;Polynomials;Manganese","data handling;distributed databases;ontologies (artificial intelligence);query processing;relational databases;semantic Web;SQL","query processing;heterogeneous relational data integration;semantic Web;query rewriting;SPARQL query;SQL query","","2","","16","","3 Dec 2010","","","IEEE","IEEE Conferences"
"On the Potential Integration of an Ontology-Based Data Access Approach in NoSQL Stores","O. Curé; F. Kerdjoudj; D. Faye; C. Le Duc; M. Lamolle","LIGM, Univ. Paris-Est Marne-la-Vallee, Marne-la-Vallée, France; LIGM, Univ. Paris-Est Marne-la-Vallee, Marne-la-Vallée, France; Univ. Gaston Berger de St.-Louis, Senegal; LIASD, Univ. Paris 8, Montreuil, France; LIASD, Univ. Paris 8, Montreuil, France","2012 Third International Conference on Emerging Intelligent Data and Web Technologies","20 Nov 2012","2012","","","166","173","No SQL stores are emerging as an efficient alternative to relational database management systems in the context of big data. Many actors in this domain consider that to gain a wider adoption, several extensions have to be integrated. Some of them focus on the ways of proposing more schema, supporting adapted declarative query languages and providing integrity constraints in order to control data consistency and enhance data quality. We consider that these issues can be dealt with in the context of Ontology Based Data Access (OBDA). OBDA is a new data management paradigm that exploits the semantic knowledge represented in ontologies when querying data stored in a database. We provide a proof of concept of OBDA's ability to tackle these three issues in a social application related to the medical domain.","","978-1-4673-1986-7","10.1109/EIDWT.2012.27","","https://ieeexplore.ieee.org/stamp/stamp.jsp?arnumber=6354737","Ontology Based Data Access (OBDA);NoSQL;Document store;SPARQL;Social Application","Ontologies;Diseases;Indexes;Drugs;Semantics;Context","data integrity;document handling;ontologies (artificial intelligence);query languages;query processing;semantic networks;storage management","ontology-based data access;NoSQL stores;relational database management systems;adapted declarative query languages;integrity constraints;data consistency control;data quality enhancement;OBDA;data management paradigm;semantic knowledge representation;data querying;medical domain;social application;document store","","9","","18","","20 Nov 2012","","","IEEE","IEEE Conferences"
"An R2RML-based Mapping System from Metal Materials Database to Ontology","C. Dong; X. Zhang; W. Zhou","Sch. of Inf. Sci. & Eng., Hebei Univ. of Sci. & Technol. Shijiazhuang, Shijiazhuang, China; Sch. of Inf. Sci. & Eng., Hebei Univ. of Sci. & Technol. Shijiazhuang, Shijiazhuang, China; Sch. of Inf. Sci. & Eng., Hebei Univ. of Sci. & Technol. Shijiazhuang, Shijiazhuang, China","2013 Ninth International Conference on Semantics, Knowledge and Grids","19 May 2014","2013","","","186","189","Semantic Web and ontology play an important role in various research fields today, but are rarely used in the materials science domain. In this paper we propose an approach to find a mapping method from metal materials database to an ontology. The proposed method refers to the latest W3C standard DM and R2RML. The goal of the mapping system is to transform Relational Database (RDB) to the Resource Description Framework (RDF). R2RML mapping documents (TTL files) are used to record and organize mapping results manually selected by users. An algorithm which simulates the R2RML processor is designed to process the TTL files so as to finally generate RDF. An experimental prototype is developed to implement the algorithm and demonstrate our approach.","","978-1-4799-3012-8","10.1109/SKG.2013.37","","https://ieeexplore.ieee.org/stamp/stamp.jsp?arnumber=6816603","Semantic Web;ontology mapping;RDB2RDF;R2RML;metal materials","Resource description framework;Materials;Ontologies;Databases;Standards;Metals","database management systems;materials science computing;ontologies (artificial intelligence);semantic Web","R2RML-based mapping system;metal materials database;semantic Web;ontology;materials science domain;W3C standard DM;R2RML;resource description framework","","4","","13","","19 May 2014","","","IEEE","IEEE Conferences"
"WF2OML: A Modeling Language for Mapping Web Forms to Ontology","L. Chen; Z. Xu; L. Ni","Hohai Univ., Nanjing, China; Hohai Univ., Nanjing, China; Hohai Univ., Nanjing, China","2013 10th Web Information System and Application Conference","27 Mar 2014","2013","","","456","461","Deep Web databases contain huge amounts of data that can only be accessed via the front-end Web form queries. Since query clients cannot directly issue SPARQL queries against the Deep Web databases, Semantic Web applications cannot take advantage of this information resource. Recently, many RDB2RDF mapping tools, relying on mapping languages such as W3C's R2RML, provide the ability to view existing relational databases in the RDF model, and offer a virtual SPARQL endpoint over the mapped relational data. However, these mapping languages require the information provider to expose the underlying information structure, and to reconstruct the Web site. In this paper we propose a modeling language, WF2OML, for mapping Web forms to OWL or RDFS ontologies. Based on the WF2OML mapping, SPARQL endpoint queries against the back-end database of the Web form can be achieved. We introduce WF2OML, propose the architecture and algorithm design ideas of a WF2OML-based SPARQL query system, and demonstrate a mapping example using our implemented prototype. The experimental results on real-life Web form query sites (e.g., Amazon.com) confirm the feasibility of the proposed method.","","978-1-4799-3219-1","10.1109/WISA.2013.92","","https://ieeexplore.ieee.org/stamp/stamp.jsp?arnumber=6778683","mapping language;Web form;deep Web;ontology engineering;SPARQL query;Semantic Web","Resource description framework;Databases;Ontologies;HTML;Data mining;Books;Algorithm design and analysis","knowledge representation languages;ontologies (artificial intelligence);query processing;relational databases;semantic Web;SQL;Web sites","WF2OML;modeling language;ontology;deep Web database;front-end Web form queries;SPARQL queries;semantic Web application;RDB2RDF mapping tool;mapping language;W3C;R2RML;relational database;virtual SPARQL;Web site;OWL;RDFS","","1","","11","","27 Mar 2014","","","IEEE","IEEE Conferences"
"Ontology Automatic Constructing Based on Relational Database","P. Liu; X. Wang; A. Bao; X. Wang","Command Autom. Inst., PLA Univ. of Sci. & Technol., Nanjing, China; Command Autom. Inst., PLA Univ. of Sci. & Technol., Nanjing, China; Command Autom. Inst., PLA Univ. of Sci. & Technol., Nanjing, China; Dept. of Surveying & Geo-Inf., Tongji Univ., Shanghai, China","2010 Ninth International Conference on Grid and Cloud Computing","13 Jan 2011","2010","","","412","415","Ontologies are often used to achieve interoperability between the nodes in the grid and the cloud. At present, most ontologies are built manually by the experts in the field. A new method aiming at ontology learning based on relational database is proposed. By analyzing the schema of relational database, a group of rules of transition from relational schema to OWL are established. Then a framework for extracting ontology from relational database is proposed. Based on the above work, a heterogeneous data integration based semantic prototype system is designed and implemented. Finally, strong and firm support to applications has been provided.","2160-4916","978-1-4244-9334-0","10.1109/GCC.2010.86","","https://ieeexplore.ieee.org/stamp/stamp.jsp?arnumber=5662713","Ontology;Relational Database;Extraction;Ontology Learning","Ontologies;Relational databases;Semantics;Object oriented modeling;OWL;Classification algorithms","learning (artificial intelligence);ontologies (artificial intelligence);relational databases","ontology construction;relational database;ontology learning;Web ontology language;heterogeneous data integration","","2","","12","","13 Jan 2011","","","IEEE","IEEE Conferences"
"Fast and easy mapping of relational data to RDF for rapid learning health care","M. de Vos; B. Weel; A. M. Mendrik; A. Dekker; J. Van Soest","Netherlands eScience Center, Amsterdam, Netherlands; Netherlands eScience Center, Amsterdam, Netherlands; Netherlands eScience Center, Amsterdam, Netherlands; GROW, Maastricht Univ., Maastricht, Netherlands; GROW, Maastricht Univ., Maastricht, Netherlands","2018 IEEE 14th International Conference on e-Science (e-Science)","27 Dec 2018","2018","","","382","383","This abstract describes a system that supports the creation and validation of relational data to ontologies. The proposed system is developed for rapid learning health care (RLHC), i.e., an evidence based approach to train cancer prediction models on clinical care data that is stored in multiple networked hospitals. Since clinical care data cannot leave the hospital due to privacy issues, distributed (machine) learning can be used, where the models are transferred, rather than the actual patient data. This requires clinical care data to be represented in a findable, accessible, interoperable and reusable (FAIR) manner. The proposed system uses an approach called Ontology Based Data Access (OBDA) to query the hospital data. To this end the relational data is mapped to a conceptual layer in the form of ontologies, i.e., shared vocabularies. These ontologies represent the meaning and values of the data while hiding the complicated structure of the original data sources. Currently, the creation of these mappings forms an obstacle in RLHC, as it requires considerable effort and knowledge from users, and validation of the mappings is difficult.","","978-1-5386-9156-4","10.1109/eScience.2018.00110","","https://ieeexplore.ieee.org/stamp/stamp.jsp?arnumber=8588729","FAIR data;mapping;Rapid Learning Health Care;ontologies;validation","Hospitals;Ontologies;Oncology;Terminology;Conferences;Cancer","cancer;health care;learning (artificial intelligence);Linked Data;medical information systems;ontologies (artificial intelligence);query processing;relational databases","RDF;shared vocabularies;hospital data querying;OBDA;ontology based data access;FAIR data representation;findable-accessible-interoperable-and-reusable representation;patient data;machine learning;distributed learning;privacy issues;clinical care data;cancer prediction model training;evidence based approach;RLHC;rapid learning health care;relational data mapping","","","","3","","27 Dec 2018","","","IEEE","IEEE Conferences"
"Morph-Skyline: Virtual Ontology-Based Data Access for Skyline Queries","M. Goncalves; D. Chaves-Fraga; O. Corcho","Computer Science and Information Technology Universidad Simón Bolívar,Caracas,Venezuela; Ontology Engineering Group Universidad Politécnica de Madrid,Boadilla del Monte,Madrid; Ontology Engineering Group Universidad Politécnica de Madrid,Boadilla del Monte,Madrid","2020 IEEE/WIC/ACM International Joint Conference on Web Intelligence and Intelligent Agent Technology (WI-IAT)","24 Jun 2021","2020","","","299","307","Skyline queries are being used in decision-making applications to help stakeholders find the set of data that satisfies certain criteria, whose weight may not be assigned beforehand. Given the wide availability of heterogeneous datasets that are being published following Open Data initiatives, combining skyline queries with query processing approaches such as Ontology-Based Data Access (OBDA), may help stakeholders to improve their decisions exploiting and integrating multiple and heterogeneous data sources. In this paper, we address the problem of evaluating SPARQL skyline queries over an OBDA approach. Our approach implements two different techniques: rewriting skyline queries into SPARQL 1.0 and then translating to SQL, or translating them directly into queries that can be evaluated by the relational database. Our experimental results suggest that the execution time can be reduced by up two orders of magnitude in comparison to current approaches scaling up to larger datasets while identifying precisely the skyline set.","","978-1-6654-1924-6","10.1109/WIIAT50758.2020.00043","","https://ieeexplore.ieee.org/stamp/stamp.jsp?arnumber=9457715","Skyline;OBDA;Query translation;R2RML","Query processing;Decision making;Relational databases;Stakeholders;Intelligent agents;Open data","ontologies (artificial intelligence);query processing;relational databases;SQL","skyline set;SPARQL skyline queries;heterogeneous data sources;multiple data sources;query processing approaches;Open Data initiatives;virtual Ontology-Based Data Access;morph-skyline","","1","","26","","24 Jun 2021","","","IEEE","IEEE Conferences"
"Online querying relational data based on closure","Miao Zhuang; Li Jie; Wang Jinpeng; Zhou Bo","Institute of Command Automation, PLA University of Science and Technology, Nanjing 210007, China; Institute of Command Automation, PLA University of Science and Technology, Nanjing 210007, China; Institute of Command Automation, PLA University of Science and Technology, Nanjing 210007, China; Institute of Command Automation, PLA University of Science and Technology, Nanjing 210007, China","2010 Second International Conference on Computational Intelligence and Natural Computing","22 Nov 2010","2010","1","","382","385","Semantic Web has promoted researches on semantic integration of heterogeneous relational databases. Ontology-based heterogeneous relational data integration is recently attracting many diverse attentions, since most of the information is still stored in relational databases. This paper focuses on the query efficiency problem of ontology-based heterogeneous relational databases querying. To improve the query efficiency, we presented an approach for semantic-based querying of relational data. Global schema is described in RDF(S) and can be abstracted as graph. SPARQL queries over global schema are executed by graph mapping. Rounder graph of global schema is generated offline by calculating the RDFS closure of the schema. Our approach has decreased time cost of online querying and improved the efficiency.","","978-1-4244-7706-7","10.1109/CINC.2010.5643813","","https://ieeexplore.ieee.org/stamp/stamp.jsp?arnumber=5643813","Semantic-based Querying;Relational Database;RDFS Closur;SPARQL","Resource description framework;Book reviews;Biological system modeling","distributed databases;graphs;ontologies (artificial intelligence);query processing;relational databases;semantic Web","online querying relational data;closure;semantic Web;semantic integration;ontology based heterogeneous relational data;data integration;query efficiency problem;semantic based querying;global schema;SPARQL query;graph mapping;rounder graph;RDFS closure","","","","17","","22 Nov 2010","","","IEEE","IEEE Conferences"
"Ontology based data integration of NoSQL datastores","V. K. Kiran; R. Vijayakumar","Computer Science and Engineering, NSS College of Engineering, Palakkad, India; School of Computer Sciences, Mahatma Gandhi University, Kottayam, India","2014 9th International Conference on Industrial and Information Systems (ICIIS)","12 Feb 2015","2014","","","1","6","NoSQL databases are suitable for network traffic loads experienced by today's websites. The important attributes that make them a favorable choice are inherent distributed nature, horizontal scalability and flexibility in data models. Hence, more data is now getting handled through NoSQL databases and sensible information extraction from these data stores is becoming a requirement. Information extraction may require sourcing data from multiple data sources, establishing relationship among them and querying across these data sources together. Ontology based semantic integration systems for Relational Database Management Systems (RDBMS) already exist that satisfies the above requirement. Many commercial systems are operational based on the above technique and tools and solutions for the above approach are very much mature. Hence, mapping the processing done in each stage of RDBMS based semantic integration systems to that of NoSQL systems can facilitate usage of existing tools and frameworks. The purpose of this work is to develop ontology based semantic integration system for a column-oriented NoSQL data store like HBase which is similar in architectural design to RDBMS.","2164-7011","978-1-4799-6500-7","10.1109/ICIINFS.2014.7036545","","https://ieeexplore.ieee.org/stamp/stamp.jsp?arnumber=7036545","NoSQL;Ontology;Integration;HBase;RDF;SPARQL;OWL","Ontologies;Resource description framework;OWL;Semantics;Relational databases;Random access memory","data integration;ontologies (artificial intelligence);query processing;relational databases;SQL;Web sites","NoSQL data stores;NoSQL databases;network traffic loads;Websites;horizontal scalability;data models;information extraction;ontology based semantic integration systems;relational database management systems;RDBMS based semantic integration systems;NoSQL systems;ontology based semantic integration system;column-oriented NoSQL data store;HBase","","12","","11","","12 Feb 2015","","","IEEE","IEEE Conferences"
"Development of a Novel Semantic-Based System Integration Framework","A. Bánhalmi; D. Paczolay; Á. Z. Végh; G. Antal; V. Bilicki","Dept. of Software Eng., Univ. of Szeged, Szeged, Hungary; Dept. of Software Eng., Univ. of Szeged, Szeged, Hungary; Dept. of Software Eng., Univ. of Szeged, Szeged, Hungary; Dept. of Software Eng., Univ. of Szeged, Szeged, Hungary; Dept. of Software Eng., Univ. of Szeged, Szeged, Hungary","2013 3rd Eastern European Regional Conference on the Engineering of Computer Based Systems","14 Nov 2013","2013","","","18","24","It is a frequent problem in system development when various different systems with similar functionality have to be integrated together. System integration generally means accessing, sharing and exchanging data among applications. This data sharing can be achieved by implementing interfaces for communication and data exchange, and services for all the applications to be integrated. However, this solution requires a large amount of human resources for software development and refactoring. Here, a novel framework is proposed for data integration that makes the process much simpler by generating all the source code needed for querying data of an integrated system. The proposed framework is based on two ontology mediators, namely, a local ontology generated for the data source to be integrated, and a global or central ontology for the common query interface. This way, the integration process is reduced to finding automatically or semi-automatically the mapping between the concepts of local and global ontologies. If this semantic matching is performed, then all the predefined SPARQL queries of global ontology will be rewritten automatically to queries belonging to data sources to be integrated. Hence, the differences between the systems to be integrated will appear just in the DAO (Data Access Object) layer that is generated according to the ontology alignments. The proposed integration technique does not need any program coding in practice (only visual concept matching has to be done semi-automatically), so the productivity of integration software development can be improved significantly. To demonstrate our concept, our novel framework is applied to real-world integration tasks. In this paper, the framework, methodology, experiences and some measurements relating to the productivity will be presented and discussed.","","978-0-7695-5064-0","10.1109/ECBS-EERC.2013.11","","https://ieeexplore.ieee.org/stamp/stamp.jsp?arnumber=6664505","System integration;data integration;ontology matching;local ontology;ontology mapping;SPARQL rewriting;SPARQL translation","Ontologies;Relational databases;Writing;Semantics;Productivity;OWL","data integration;ontologies (artificial intelligence);software maintenance;SQL","integration software development;visual concept matching;ontology alignment;data access object;DAO layer;SPARQL;semantic matching;query interface;central ontology;global ontology;ontology mediator;source code;data integration;software refactoring;data exchange;data sharing;semantic-based system integration framework","","","","20","","14 Nov 2013","","","IEEE","IEEE Conferences"
"Visualizing Semantic Mapping Based on View Graph","F. Tang; L. Yao; Y. Sun; M. Qian","C4ISR Technol. Nat. Defense Sci. & Technol. Key Lab., Nat. Univ. of Defense Technol., Changsha, China; C4ISR Technol. Nat. Defense Sci. & Technol. Key Lab., Nat. Univ. of Defense Technol., Changsha, China; C4ISR Technol. Nat. Defense Sci. & Technol. Key Lab., Nat. Univ. of Defense Technol., Changsha, China; C4ISR Technol. Nat. Defense Sci. & Technol. Key Lab., Nat. Univ. of Defense Technol., Changsha, China","2009 Second International Symposium on Knowledge Acquisition and Modeling","28 Dec 2009","2009","3","","124","127","Semantic mappings between relational database and ontology are very useful in ontology-based relational data integration system. However, managing those semantic mappings is an arduous work in an open and dynamic environment. Aiming at facilitating the work of managing semantic mappings, a model named view graph is proposed in this paper. View graph retains the semantics discovered during the process of mapping construction, and these semantics may be reused in maintaining mappings. What's more, visualizing mappings based on view graph illustrates the semantics implicated in mappings, and this will help us understand those mappings.","","978-0-7695-3888-4","10.1109/KAM.2009.318","","https://ieeexplore.ieee.org/stamp/stamp.jsp?arnumber=5362423","semantic mapping;ontology;relational database;data integration","Ontologies;Relational databases;Semantic Web;Data visualization;Knowledge acquisition;Sun;Environmental management;Visual databases;Collaboration","data visualisation;graph theory;ontologies (artificial intelligence);relational databases","semantic mapping visualization;relational database;ontology-based relational data integration system;view graph","","2","","17","","28 Dec 2009","","","IEEE","IEEE Conferences"
"An r2rml-based Approach to Map Dengue Patient Database to Ontology","R. Devi; D. Mehrotra; H. Baazaoui-Zghal","Amity University,Amity Institute of Information Technology,Noida,Uttar Pradesh,India; Amity University,Amity School of Engineering and Technology,Noida,Uttar Pradesh,India; University of Manouba,ISAMM - Riadi Lab.ISAMM,Tunis,Tunisia","2020 8th International Conference on Reliability, Infocom Technologies and Optimization (Trends and Future Directions) (ICRITO)","15 Sep 2020","2020","","","790","795","Integrating Dengue patients' data in semantic web from “deep web” facilitates interoperability amongst healthcare systems. Mapping dengue patients' data that exist in relational databases with the existing machine-readable and interoperable Dengue knowledge-base is crucial towards providing interoperability through linked data network amongst Electronic Health Record(EHR) systems. An RDB to RDF mapping language(R2RML) based approach that maps dengue patients' information maintained in legacy system(Relational database) to an existing dengue patients' ontology is proposed in this paper. Mapping file is generated using R2RML for the database which is subsequently customized and mapped with the existing ontology. Finally RDF model is generated using R2RML processor based on the customized ontology and Simple Protocol and RDF Query Language (SPARQL) query is also executed that demonstrates ontology mapped patients triples.","","978-1-7281-7016-9","10.1109/ICRITO48877.2020.9197823","","https://ieeexplore.ieee.org/stamp/stamp.jsp?arnumber=9197823","EHR;RDF;R2RML;RDB","Ontologies;Resource description framework;Relational databases;Medical services;Interoperability","data integration;diseases;electronic health records;health care;Linked Data;ontologies (artificial intelligence);open systems;query languages;relational databases;semantic Web","deep Web;healthcare systems;relational databases;linked data network;R2RML processor;ontology;dengue knowledge-base;semantic Web;interoperability;dengue patient database;dengue patient data integration;dengue patient data mapping;machine-readable dengue knowledge-base;electronic health record;EHR;RDB to RDF mapping language;legacy system;simple protocol and RDF query language;SPARQL","","","","20","","15 Sep 2020","","","IEEE","IEEE Conferences"
"Rewriting queries using views for RDF-based relational data integration","Huajun Chen; Zhaohui Wu; Yuxin Mao","Coll. of Comput. Sci., Zhejiang Univ., Hangzhou, China; Coll. of Comput. Sci., Zhejiang Univ., Hangzhou, China; Coll. of Comput. Sci., Zhejiang Univ., Hangzhou, China","17th IEEE International Conference on Tools with Artificial Intelligence (ICTAI'05)","27 Dec 2005","2005","","","5 pp.","264","We study the problem of answering queries through a target RDF ontology, given a set of view-based mappings between one or more source relational schemas and this target ontology. We design a novel query rewriting algorithm that can efficiently rewrites a RDF query into relational queries using a set of RDF views. With our approach, we highlight the important role played by RDF blank node in representing incomplete semantics of relational data when integrating them using RDF.","2375-0197","0-7695-2488-5","10.1109/ICTAI.2005.109","","https://ieeexplore.ieee.org/stamp/stamp.jsp?arnumber=1562947","","Resource description framework;Ontologies;Relational databases;XML;Educational institutions;Computer science;Algorithm design and analysis;Information resources;Semantic Web;Context modeling","electronic data interchange;meta data;ontologies (artificial intelligence);query processing;relational databases;semantic Web","query rewriting;resource description format-based relational data integration;answering queries;resource description format ontology;view-based mappings;relational query;resource description format blank node;incomplete semantics representation","","1","","10","","27 Dec 2005","","","IEEE","IEEE Conferences"
"Combination of DM and OBDA for Ontology Generation from Relational Database","W. Rong; R. Li; H. Sheng; Y. Ouyang; Z. Xiong","Sch. of Comput. Sci. & Eng., Beihang Univ., Beijing, China; Sch. of Comput. Sci. & Eng., Beihang Univ., Beijing, China; Sch. of Comput. Sci. & Eng., Beihang Univ., Beijing, China; Sch. of Comput. Sci. & Eng., Beihang Univ., Beijing, China; Sch. of Comput. Sci. & Eng., Beihang Univ., Beijing, China","2013 IEEE 11th International Conference on Dependable, Autonomic and Secure Computing","26 Jun 2014","2013","","","386","393","Nowadays a large amount of data on the web are stored in relational database (RDB). How to effectively map these data to ontology has become one of the most important challenges in semantic web. Several efforts have been conducted in this area and direct mapping (DM) is a notable one as the W3C candidate recommendation. Though DM has shown its effectiveness, it still faces a lot of challenges. Its performance in term of storage space and time complexity will become worse when RDBS is becoming big and updating frequently. Furthermore, it cannot satisfy monotonicity and semantics preservation at the same time. In this paper, inspired by the idea of ontology-based data access (OBDA), a mechanism is proposed where database is accessed via description logic (DL) ontology and a real TBox and mapping file will be generated accordingly. This method can achieve similar function compared to standard ontology like OWL. The experimental study has shown that it can provide better performance with regard to the storage space and ontology generation time. It has also shown its capability in supporting rapid query process. Different from the other methods which generate virtue RDF data, the proposed approach can also support adding rules, which will enhance the semantic expression ability of the knowledge base.","","978-1-4799-3381-5","10.1109/DASC.2013.94","","https://ieeexplore.ieee.org/stamp/stamp.jsp?arnumber=6844394","Semantic Web;Relational Database;SPARQL;OWL","Relational databases;Ontologies;Knowledge based systems;Semantics;OWL;Resource description framework","computational complexity;knowledge representation languages;ontologies (artificial intelligence);relational databases;semantic Web","relational database;ontology generation;direct mapping;W3C candidate recommendation;semantics preservation;monotonicity;ontology-based data access;OBDA;description logic ontology;OWL;semantic expression;storage space;time complexity","","","","17","","26 Jun 2014","","","IEEE","IEEE Conferences"
"Deep Semantic Integration for Information System","Z. Qu; S. Tang","State Key Lab. of Software Eng., Zhongnan Univ. of Econ. & Law, Wuhan, China; NA","2009 International Conference on Computational Intelligence and Natural Computing","4 Sep 2009","2009","2","","292","295","When applied semantic integration technology to databases, common method is to rewrite semantic query into SQL statements, while only RDFs vocabularies are supported at most. Semantics having been realized is weak. A more perfect algorithm inherited from the idea of rewriting semantic query is proposed, a sub set of OWL is supported, and semantics having been supported is more deep than ever. Ontology and query all are transformed into graphs, semantic match is done. Applying breadth-first search on match result, SQL statements will be generated. A case is designed to exemplify it, which shows that some OWL constructors have been supported.","","978-0-7695-3645-3","10.1109/CINC.2009.94","","https://ieeexplore.ieee.org/stamp/stamp.jsp?arnumber=5230981","integration;semantic;ontology","Information systems;Ontologies;OWL;Software engineering;Vocabulary;Computational intelligence;Power generation economics;Database languages;Distributed databases;Resource description framework","information systems;knowledge representation languages;ontologies (artificial intelligence);query processing","deep semantic integration technology;information system;semantic query rewriting;SQL;OWL;ontology;SQL statements","","1","","5","","4 Sep 2009","","","IEEE","IEEE Conferences"
"Tools for mapping ontologies to relational databases: A comparative evaluation","D. Moldovan; M. Antal; D. Valea; C. Pop; T. Cioara; I. Anghel; I. Salomie","Computer Science Department, Technical University of Cluj-Napoca, Romania; Computer Science Department, Technical University of Cluj-Napoca, Romania; Computer Science Department, Technical University of Cluj-Napoca, Romania; Computer Science Department, Technical University of Cluj-Napoca, Romania; Computer Science Department, Technical University of Cluj-Napoca, Romania; Computer Science Department, Technical University of Cluj-Napoca, Romania; Computer Science Department, Technical University of Cluj-Napoca, Romania","2015 IEEE International Conference on Intelligent Computer Communication and Processing (ICCP)","2 Nov 2015","2015","","","77","83","This paper presents an analysis of the state of the art solutions for mapping a relational database and an ontology by adding reasoning capabilities and offering the possibility to query the inferred information. We analyzed four approaches: Jena with D2RQ, Jena with R2RML, KAON2 and OWL API. In order to highlight the differences between the four approaches, we used a nutrition diagnostics related ontology for the definition of the concepts and of the rules, and a relational database for the storage of the individuals. As performance evaluation, we focused on the time required to map the relational database to the ontology, and the time required to retrieve the information that is inferred about the diagnostics of a number of people. The obtained results show that the best performance in both cases is given by KAON2.","","978-1-4673-8200-7","10.1109/ICCP.2015.7312609","","https://ieeexplore.ieee.org/stamp/stamp.jsp?arnumber=7312609","ontologies;relational database;ontology mapping;semantic reasoning;query","Ontologies;Relational databases;Cognition;OWL;Resource description framework;Data models","application program interfaces;knowledge representation languages;ontologies (artificial intelligence);query processing;relational databases","nutrition diagnostics;OWL API;KAON2;R2RML;Jena;D2RQ;inferred information;relational database;mapping ontology","","6","","21","","2 Nov 2015","","","IEEE","IEEE Conferences"
"Sharing Data on the Grid using Ontologies and distributed SPARQL Queries","A. Langegger; M. Blochl; W. Woss","Johannes Kepler University Linz, Austria; Johannes Kepler University Linz, Austria; Johannes Kepler University Linz, Austria","18th International Workshop on Database and Expert Systems Applications (DEXA 2007)","24 Sep 2007","2007","","","450","454","The vision of the semantic Web is to make Web content machine-readable. To describe data, the resource description framework has been extended with a schema-level and description logics (e.g. RDF-S and OWL DL). To successfully retrieve data described by RDF -based ontologies, the query language SPARQL is currently being developed at W3C. However, although SPARQL also provides a client/server protocol, currently queries are targeted to single sites only. For a large-scale data integration, which is the scope of a middleware developed within the Austrian grid project, it is necessary to execute queries on distributed data nodes. Because of the large amount of research undertaken in the field of relational database systems, it is reasonable to apply relational algebra to SPARQL query processors. In fact, most RDF triple stores are based on relational database systems. In this paper, several concepts are proposed to enable the integration of heterogeneous, distributed data sources with SPARQL.","2378-3915","978-0-7695-2932-5","10.1109/DEXA.2007.129","","https://ieeexplore.ieee.org/stamp/stamp.jsp?arnumber=4312934","","Ontologies;Resource description framework;Relational databases;Semantic Web;Logic;OWL;Information retrieval;Database languages;Protocols;Large scale integration","client-server systems;data integrity;grid computing;ontologies (artificial intelligence);query languages;relational databases;semantic Web","distributed SPARQL queries;semantic Web;Web content;resource description framework;ontologies;query language;large-scale data integration;client-server protocol;Austrian grid project;distributed data nodes;relational database systems","","2","4","25","","24 Sep 2007","","","IEEE","IEEE Conferences"
"Querying XML Data using Description Logics","Y. Liu; X. Li; Z. Zhu",Northeastern University; Northeastern University; Northeastern University,"2019 4th International Conference on Mechanical, Control and Computer Engineering (ICMCCE)","27 Jan 2020","2019","","","699","6993","Recently, ontology-based data access is more and more employed in the context of data integration. That is, to the usual data layer of an information system we superimpose a conceptual layer to be exposed to the client. In this paper, we discuss a way to query XML data over conceptual layer using Description Logics. Given a XML data file, we first map the XML DTD to a corresponding relational schema preserving the original semantics of the XML DTD, and at the meantime, we store the XML data into the relational database. After that, we create an ontology described in Description Logics with respect to the relational schema. When a Description Logic query is posted to the ontology TBox, we map it to SQL query with respect to the relational database. In this way, we can query XML data using Description Logics. The main contribution of this thesis can be seen as the following two parts: 1. We proposed a mapping from XML DTD to relational schema with constraints preserving the original XML DTD semantics. 2. We described a framework of querying XML data using Description Logics, more precisely, the DL-LiteA logic.","","978-1-7281-4689-8","10.1109/ICMCCE48743.2019.00162","","https://ieeexplore.ieee.org/stamp/stamp.jsp?arnumber=8969312","component;XML;Description Logic;ontology;Query","","data integrity;ontologies (artificial intelligence);query processing;relational databases;SQL;XML","ontology-based data access;data integration;data layer;conceptual layer;XML data file;relational schema;relational database;XML DTD semantics;description logic query","","","","7","","27 Jan 2020","","","IEEE","IEEE Conferences"
"Implementing Ubiquitous Information services with ontologies: Methodology and case study","A. Costanzo; A. Faro; D. Giordano; C. Spampinato","Department of Electrical, Electronics and Computer Engineering, University of Catania, viale A. Doria 6, Catania, 95125, Italy; Department of Electrical, Electronics and Computer Engineering, University of Catania, viale A. Doria 6, Catania, 95125, Italy; Department of Electrical, Electronics and Computer Engineering, University of Catania, viale A. Doria 6, Catania, 95125, Italy; Department of Electrical, Electronics and Computer Engineering, University of Catania, viale A. Doria 6, Catania, 95125, Italy","2012 Federated Conference on Computer Science and Information Systems (FedCSIS)","20 Nov 2012","2012","","","911","914","Currently, data integration in Ubiquitous Information Systems (UISs) is achieved by a centralized relational database where all the information coming from the remote servers is stored. To improve such architecture we proposed to convert in each server the relational archives into an RDF triple stores where data are represented by standard terms interrelated by subject-predicate-object relations (also called data ontology). In this way, UISs could be developed by a distributed approach, where data integration is achieved by an shared RDF format although data used on the remote servers follow a proprietary format. Also, the paper proposes to implement such UISs per use stories, defined according to task ontologies, to facilitate implementation from specifications. A case study illustrates how software environments based on the paradigm Model-View-Controller, e.g., Ruby on Rails powered by JQMobile, facilitate the implementation of the methodology.","","978-83-60810-48-4","","","https://ieeexplore.ieee.org/stamp/stamp.jsp?arnumber=6354454","ubiquitous information services;data ontology;task ontology;distributed systems","Ontologies;Mobile communication;Resource description framework;Servers;XML;Distributed databases;Information systems","data integration;data structures;file servers;information services;mobile computing;ontologies (artificial intelligence);records management;relational databases","ubiquitous information services;data integration;UIS;centralized relational database;remote servers;relational archives;RDF triple stores;data representation;subject-predicate-object relations;data ontology;shared RDF format;software environments;Model-View-Controller;Ruby on Rails;JQMobile;task ontology;distributed system","","1","","34","","20 Nov 2012","","","IEEE","IEEE Conferences"
"A Method of Building Virtual Datacenter Based on Semantic Views","H. Li; C. Ouyang",NA; NA,"2011 IEEE 8th International Conference on e-Business Engineering","15 Dec 2011","2011","","","31","35","Massive data exists in Well-Engineering domain, and they are distributed or heterogeneous. These features lead to difficulties during data integration and global decision making. For this problem, this paper proposes a solution of building virtual data center by means of semantic integration technology. In this method, schemas of data sources are firstly mapped to semantic views on domain ontology, secondly, with translation algorithm, global semantic query is rewritten into series of SQL statements which will be dispatched to relevant data sources and executed on local sites, finally, query results are reorganized and submitted to users. By practical application, this virtual data center can supply semantic-based data support for well production decision.","","978-1-4577-1404-7","10.1109/ICEBE.2011.18","","https://ieeexplore.ieee.org/stamp/stamp.jsp?arnumber=6104593","Semantic views;Domain ontology;Virtual datacenter;Well engineering","Semantics;Distributed databases;Ontologies;Production;Educational institutions;Vectors;Relational databases","computer centres;health care;ontologies (artificial intelligence);query processing;SQL;virtual reality","virtual datacenter;semantic view;semantic integration technology;domain ontology;translation algorithm;global semantic query;SQL statement;semantic-based data support;well-engineering","","1","2","7","","15 Dec 2011","","","IEEE","IEEE Conferences"
"A Hybrid Approach of Mapping Relational Database Schema to Ontology","H. Liu; H. Ning; T. Wang","Dept. of Comput. Sci., Nat. Univ. of Defense Technol., Changsha, China; Dept. of Comput. Sci., Nat. Univ. of Defense Technol., Changsha, China; Dept. of Comput. Sci., Nat. Univ. of Defense Technol., Changsha, China","2012 International Conference on Computer Science and Service System","31 Dec 2012","2012","","","113","118","Mapping relational database schema to ontology is a critical task for ontology-based heterogeneous database integration. This paper proposes a hybrid approach combining element-level and structure-level techniques to discover the correspondences between relational database schema and ontology. In the process of element-level matching, string-based and Word Net sense-based techniques are combined to calculate the name similarity between elements. This paper analyzes different characteristics exhibited by matching element pairs of various types and describes how to use these characteristics to calculate the structure similarity. A series of experiments indicate that our approach performs better than the previous ones.","","978-0-7695-4719-0","10.1109/CSSS.2012.36","","https://ieeexplore.ieee.org/stamp/stamp.jsp?arnumber=6394274","relational database schema;ontology;schema matching;database integration","Ontologies;Semantics;Relational databases;OWL;Educational institutions","ontologies (artificial intelligence);relational databases;string matching","relational database schema;ontology-based heterogeneous database integration;structure-level techniques;element-level techniques;Word Net sense-based techniques;string-based techniques;name similarity;structure similarity","","","","15","","31 Dec 2012","","","IEEE","IEEE Conferences"
"Pubworld-A R2rml Mapping Driven Approach To Transform Relational Database Data Into Shareable Format","R. Devi; D. Mehrotra; H. Baazaoui-Zghal","Amity Institute of Information Technology, Amity University, Amity University Uttar Pradesh, Noida, India; Amity School of Engineering and Technology, Amity University, Amity University Uttar Pradesh, Noida, India; ISAMM - Riadi Lab., ISAMM University of Manouba, Tunis, Tunisia","2018 IEEE 8th International Advance Computing Conference (IACC)","18 Apr 2019","2018","","","221","227","Availability of publications data is significant in research development and a global publications data in semantic web will help research community in great manner. W3C has provided a semantic web standard termed as RDB to RDF Mapping Language(R2RML). R2RML allows us to express mappings to be customized from relational database to RDF database. This paper discusses a convergence approach-PubWorld using R2RML that generate r2rml mapping files from three disparate relational databases- two for publication and one for world database. Publications data are made shareable directly from mapping file by converting into local ontologies and merging the local ontologies along with one existing ontology into one global ontology. The Header-Dictionary-Triples(HDT) compression technique is used for storing the global ontology to achieve large spatial savings. Simple Protocol and RDF Query Language(SPARQL) queries using Jena ARQ(And RDF Query) on both RDF and HDT version shows similar running time.","2473-3571","978-1-5386-6678-4","10.1109/IADCC.2018.8692085","","https://ieeexplore.ieee.org/stamp/stamp.jsp?arnumber=8692085","RDF;D2RQ;R2RML;RDB2RDF;RML;FUSEKI","","data models;ontologies (artificial intelligence);query languages;relational databases;semantic Web","semantic web standard;RDF database;RDF Query;RDF mapping language;relational database data;publications data availability;PubWorld;R2RML mapping files;shareable data format;header-dictionary-triples compression technique;Simple Protocol and RDF Query Language queries;data model","","","","31","","18 Apr 2019","","","IEEE","IEEE Conferences"
"Data Integration at Scale: From Relational Data Integration to Information Ecosystems","M. L. Brodie",NA,"2010 24th IEEE International Conference on Advanced Information Networking and Applications","1 Jun 2010","2010","","","2","3","Our world is increasingly data-driven. The growth and value of data continue to exceed all predictions. Potential for business opportunity, economic growth, scientific discovery, and even national security lie hidden in the vast and growing data collections distributed across our Digital Universe. Harvesting the value of data requires finding, integrating, and analyzing data distributed across our Digital Universe. Failing to integrate data could be as mild as losing business through a lack of an integrated view of relevant business opportunities and threats or as serious as not anticipating the most serious terrorist attack on America through an inability to integrate relevant information distributed across 17 US intelligence agencies and 28 intelligence databases. Due to data being distributed across both entities and data repositories, data integration has become perhaps the most important data operation but certainly the most costly accounting for up to 40% of data processing budgets. Data integration requirements are growing dramatically due to astounding growth in semantics (i.e., increasingly sophisticated application and data modeling requirements) and scale (i.e., web-scale data and transaction types, volumes, and distribution). Since the mid-1980's the Relational Data Model has been the bedrock of business data processing providing a simple, elegant, and powerful basis for storing, finding, and integrating data based on simplifying assumptions. First, business data is naturally tabular; second, tabular business data follows relational principles; and third, assuming that there is a single source of truth, data views can be integrated into a single view under a global schema and that views of the same information are mutually consistent. To the extent that application data and operations fit naturally and meaningfully into the relational model and follow the three assumptions, Relational Database Management Systems (RDBMSs) provide the most efficient and cost effective data integration solution on the planet and will continue to do so through hardware and engineering advances. As semantic and scale requirements of business data grew in the 1990's relational integration had to be extended ideally internal to the relational database engine, otherwise externally in data integration tools. This led to a plethora of data integration tools and supporting infrastructures with sales exceeding $3.3 billion in 2009 with an expected annual grow rate of 8%. These integration solutions are typically less efficient than relational integration and considerably more costly to acquire and more complex to deploy, yet respond to genuine, if esoteric, data integration requirements. While relational integration in RDBMSs augmented by integration tools meet the requirements of many large-scale applications, they are increasingly less applicable to a growing class of very-large-scale Information Ecosystems that can involve thousands of information systems and databases. Most Fortune 500 companies have ten or more major organizations Corporate Management, Sales, Marketing, Engineering, Product Development, etc. each requiring it's own view of the enterprise from it's unique perspective. Such views are often derived (i.e., integrated) from 5,000-10,000 databases. The Information Ecosystem is the information systems, databases, workflows, people, and infrastructure required to build, maintain, and dynamically update (i.e., integrate) the myriad organizational views. While the relational model and some combination of the three simplifying assumptions may apply to each component information system or database, the Information Ecosystem does not. While an individual information system may be designed to simplify the semantics of the real world application that it represents, the complexity of the real world or of the interactions between 1,000's of information systems cannot be as readily simplified. That is, relational integration and integration tools may apply to an individual or to a small number of information systems, but they are less applicable to large numbers of information systems such as occur in Information Ecosystems. Relational technology is one of the most successful computing technologies in history based in part on the elegance, simplicity, and power of the Relational Data Model. It established a prototype for the next thirty years of database developments. Until the .comand Web-fuelled expansion of our Digital Universe, the majority of data intensive applications were built on the bedrock of relational technology. Applications that did not fit or could not be forced into relational databases were built as extensions to relational technology or as entirely separate solutions. Both methods were not successful such as the rise and fall of objectoriented databases. It now appears that the Relational Data Universe is less than 15% of the Digital Universe. Yet harvesting the value of data in our Digital Universe still requires finding, integrating, and analyzing data distributed across the Digital Universe. If relational integration applies to less than 15%, what data integration solutions are required for the other 85%? The rapid expansion of our Digital Universe both by amazing applications spawned by the Web and by phenomenal advances in hardware speeds and costs led to a continuous stream of semantic and scale requirements that far outpaced data integration solutions and has spawned or been spawned by new technologies such as Web search, Collaborative Filtering, MapReduce, the Semantic Web, Ontologies, Cloud computing, and a dizzying array of others. This talk surveys the evolution of data integration requirements and solutions from the Relational Data Universe to the Digital Universe. It examines data integration solutions in the Relational Data Universe starting with the relational data model and the three simplifying assumptions. It considers the major advances in data integration solutions in terms of semantics; database engine capabilities including data format, data architecture, and data governance; and the integration methods of integration tools. We consider a very-large-scale Information Ecosystem to illustrate limits of data integration solutions in the Relational Data Universe and conclude with review of directions towards data integration beyond the Relational Data Universe including new data models, a profound new direction from the Database Community; Information Ecosystems; Semantic Technologies emerging from the Semantic Web community; and Cloud computing where data integration may reside as Integration-as-a-Service or Informationas-a-Service (IaaS either way!).","2332-5658","978-1-4244-6696-2","10.1109/AINA.2010.184","","https://ieeexplore.ieee.org/stamp/stamp.jsp?arnumber=5474665","","Ecosystems;Relational databases;Information systems;Deductive databases;Data processing;Engineering management;Marketing and sales;Management information systems;Power generation economics;Economic forecasting","data mining;information systems;Internet;relational databases","information ecosystems;data integration;relational database management systems;business data processing;Web;digital universe;cloud computing;data architecture;semantic technologies","","10","","","","1 Jun 2010","","","IEEE","IEEE Conferences"
"Automatic mapping rules and OWL ontology extraction for the OBDA Ontop","F. Khazalah; Z. Malik; A. Rezgui","Wayne State University, USA; Wayne State University, USA; New Mexico Tech, USA","10th IEEE International Conference on Collaborative Computing: Networking, Applications and Worksharing","22 Jan 2015","2014","","","225","232","Extracting Ontop mapping rules and OWL ontology manually from a relational schema is a tedious task. We present an automatic approach for extracting Ontop mappings and OWL ontology from an existing database schema. The end users can access the underlying data source through SPARQL queries. A SPARQL query is written according to the extracted ontology and the end user does not need to know about the underlying data source and its schema. The proposed approach takes into consideration the different relationships between entities of the database schema. Instead of extracting a flat ontology that is an exact copy of the database schema, it extracts a rich ontology. The extracted ontology can also be used as an intermediate between a domain ontology and the underlying database schema. The experiment results indicate that the extracted mappings and ontology are accurate. i.e., end users can query all data (using SPARQL) from the underlying database source in the same way as if they have written SQL queries.","","978-1-63190-043-3","10.4108/icst.collaboratecom.2014.257493","","https://ieeexplore.ieee.org/stamp/stamp.jsp?arnumber=7014568","","Ontologies;OWL;Resource description framework;Data mining;Engines;Relational databases","information retrieval;knowledge representation languages;ontologies (artificial intelligence);relational databases;SQL","automatic mapping rules;OWL ontology;OBDA Ontop;Ontop mapping rules;SPARQL query;underlying database source;ontology-based data access","","","","20","","22 Jan 2015","","","IEEE","IEEE Conferences"
"Evaluating software architectures using ontologies for storing and versioning of engineering data in heterogeneous systems engineering environments","R. Mordinyi; E. Serral; D. Winkler; S. Biffl","Vienna University of Technology, CDL-Flex Institute of Software Technology and Interactive Systems, Vienna, Austria, Vienna, Austria; Vienna University of Technology, CDL-Flex Institute of Software Technology and Interactive Systems, Vienna, Austria, Vienna, Austria; Vienna University of Technology, CDL-Flex Institute of Software Technology and Interactive Systems, Vienna, Austria, Vienna, Austria; Vienna University of Technology, CDL-Flex Institute of Software Technology and Interactive Systems, Vienna, Austria, Vienna, Austria","Proceedings of the 2014 IEEE Emerging Technology and Factory Automation (ETFA)","12 Jan 2015","2014","","","1","10","Large systems engineering projects involve the cooperation of various stakeholders from different engineering disciplines. Individual stakeholders apply various tools and related data storage approaches that (a) might hinder seamless interoperability and (b) include limited capability to support data versioning. Project-level concepts enable the mapping of engineering data coming from different disciplines. However, it remains open how to store data on project level that enable flexible and efficient data access from different disciplines in different environments and enable backtracking to previous versions in case of defects and/or human errors. While semantic data integration provides fundamental solutions for bridging semantic gaps between common project-level concepts and the local tool concepts used by each discipline, semantic storages have been developed to query and reason over gathered data rather than versioning frequent instance changes inherent to such engineering projects in distributed and heterogeneous environments. In this paper we evaluate three software architectures using ontologies in different ways and compare selected quality attributes, i.e., performance and scalability, in the context of an industrial scenarios. Main results suggest that architectures relying on a relational database for versioning individuals still outperforms traditional ontology storages.","1946-0759","978-1-4799-4845-1","10.1109/ETFA.2014.7005237","","https://ieeexplore.ieee.org/stamp/stamp.jsp?arnumber=7005237","Ontolgoy;Semantic Integration;Versioning;Performance","Ontologies;Semantics;Data models;Computer architecture;Databases;Resource description framework","backtracking;manufacturing data processing;ontologies (artificial intelligence);project management;relational databases;software architecture;storage management","software architecture evaluation;ontologies;engineering data storage;engineering data versioning;heterogeneous systems engineering environments;large systems engineering projects;project-level concepts;backtracking;semantic data integration;local tool concepts;semantic storage;industrial scenarios;relational database","","4","","47","","12 Jan 2015","","","IEEE","IEEE Conferences"
"Ontology based data integration and mapping for adverse drug reaction","M. Yadav; V. Singh; Prachi","The NorthCap University,Department of Computer Science and Engineering,Gurugram,India; University of Petroleum and Energy Studies,School of Computer Science,Dehradun,India; The NorthCap University,Department of Computer Science and Engineering,Gurugram,India","2021 6th International Conference on Signal Processing, Computing and Control (ISPCC)","18 Nov 2021","2021","","","719","727","There is an increasing interest to transform and integrate data obtained from variety of sources in the health care domain. This transformation and integration is particularly beneficial in adverse drug reaction (ADR) that may occur due to inhalation of a drug and requires quick treatment to reduce the risk of life. It has been proved in the literature that an expert system based on prior knowledge or supervised learning is beneficial for diagnosis of ADR. A ubiquitous semantic rich knowledge data set is essential for machine learning based clinical expert systems to deal with emergency in case of ADR. This paper highlights the method to integrate heterogeneous data from various clinical sources in ontological format for ADR. Thereafter, the data in ontological format is linked to various standard medical terminologies like SNOMED CT(Systematized Nomenclature of Medicine -Clinical Terms) and MedDRA (Medical Dictionary for Regulatory Activities) in order to make it more general, standardized and semantically rich with the help of TOP SPIN (TopQuadrant SPAQL Inferencing Notation) and SHACL (Shapes Constraint Language) rules. Furthermore the ontology is mapped to domain ontology OAE (Ontology for Adverse Events) to make it more powerful knowledgebase for query retrieval and searching. The objective behind this work is to obtain an integrated ontology or RDF (Resource Description Framework) Turtle format integrated data from heterogeneous resources (XML Data, Relational Data and ASCII Text Data). Further, it ensures linking to medical standards by utilizing different capabilities and plugins of Top Braid Composer maestro edition.","2643-8615","978-1-6654-2554-4","10.1109/ISPCC53510.2021.9609499","","https://ieeexplore.ieee.org/stamp/stamp.jsp?arnumber=9609499","Adverse drug Reaction;Data Integration;Heterogeneity;Mapping;Medical Standards;Ontology.","Drugs;Semantics;Buildings;XML;Ontologies;Tools;Resource description framework","drugs;expert systems;health care;learning (artificial intelligence);medical computing;medical information systems;nomenclature;ontologies (artificial intelligence);XML","adverse drug reaction;health care domain;ADR;quick treatment;expert system;supervised learning;ubiquitous semantic rich knowledge data;machine learning;clinical expert systems;heterogeneous data;clinical sources;ontological format;standard medical terminologies;Medicine -Clinical Terms;SHACL rules;domain ontology;integrated ontology;integrated data;XML Data;Relational Data;ASCII Text Data;medical standards","","","","36","","18 Nov 2021","","","IEEE","IEEE Conferences"
"Generating OWL Ontology for Database Integration","N. Alalwan; H. Zedan; F. Siewe","Software Technol. Res. Lab., De Montfort Univ., Leicester, UK; Software Technol. Res. Lab., De Montfort Univ., Leicester, UK; Software Technol. Res. Lab., De Montfort Univ., Leicester, UK","2009 Third International Conference on Advances in Semantic Processing","23 Oct 2009","2009","","","22","31","Today, databases provide the best technique for storing and retrieving data, but they suffer from the absence of a semantic perspective, which is needed to reach global goals such as the semantic web and data integration. Using ontologies will solve this problem by enriching databases semantically. Since building an ontology from scratch is a very complicated task, we propose an automatic transformation system to build Web Ontology Language OWL ontologies from a relational model written in Structured Query Language SQL. Our system also uses metadata, which helps to extract some semantic aspects which could not be inferred from the SQL. Our system analyzes database tuples to capture these metadata. Finally, the outcome ontology of the system is validated manually by comparing it with a conceptual model of the database (E/R diagram) in order to obtain the optimal ontology.","","978-1-4244-5044-2","10.1109/SEMAPRO.2009.21","","https://ieeexplore.ieee.org/stamp/stamp.jsp?arnumber=5291541","reverse engineering;ontology;conceptual models;ontology learning;information extraction;Deep Web;Semantic Deep Web annotation","OWL;Ontologies;Relational databases;Distributed databases;Semantic Web;Buildings;Laboratories;Information retrieval;Database languages;Data analysis","information retrieval;knowledge representation languages;meta data;ontologies (artificial intelligence);relational databases;semantic Web;SQL","OWL ontology;database integration;semantic web;automatic transformation system;Web Ontology Language;Structured Query Language;metadata;information retrieval;SQL","","16","","16","","23 Oct 2009","","","IEEE","IEEE Conferences"
"Towards processing and reasoning streams of events in knowledge-driven manufacturing execution systems","B. R. Ferrer; S. Iarovyi; A. Lobov; J. L. M. Lastra","Tampere University of Technology, Tampere, Finland; Tampere University of Technology, Tampere, Finland; Tampere University of Technology, Tampere, Finland; Tampere University of Technology, Tampere, Finland","2015 IEEE 13th International Conference on Industrial Informatics (INDIN)","1 Oct 2015","2015","","","1075","1080","The incessant need of the industry to optimize processes due to market demands derived in a huge investment on information communication technologies implementation during last decades, in the industrial automation domain. This caused the implementation of paradigms as service-oriented or event-driven architectures in factories, used for wide data integration. Moreover, the use of knowledge representation, within ontologies, permitted the description of system status in knowledge bases, which can be queried and updated at runtime. Due to the massive occurrence of events at any location of the enterprise, complex event processing (CEP) technologies can be used for anticipating facts that can compromise the production at shop floors. In fact, recent implementations on processing and reasoning streams of events in the Semantic Web can be applied also in the industrial automation domain because they combine CEP and SPARQL, which are technologies nowadays used by factory systems. This article describes how these technologies can support the study of the ontological system models evolution through time and an approach to bring predictability to current knowledge-based systems.","2378-363X","978-1-4799-6649-3","10.1109/INDIN.2015.7281884","","https://ieeexplore.ieee.org/stamp/stamp.jsp?arnumber=7281884","Complex Event Processing;ontologies;SPARQL;knowledge-based sysems;industrial automation","Cognition;Automation;Monitoring;Ontologies;Resource description framework;Production;Manufacturing","factory automation;knowledge based systems;ontologies (artificial intelligence);production engineering computing;semantic Web;service-oriented architecture;SQL","event reasoning stream;event processing stream;knowledge-driven manufacturing execution systems;market demands;investment;information communication technology implementation;industrial automation domain;service-oriented architectures;event-driven architectures;data integration;knowledge representation;ontologies;complex event processing;CEP technologies;semantic Web;SPARQL;ontological system model evolution;knowledge-based systems","","2","","36","","1 Oct 2015","","","IEEE","IEEE Conferences"
"Mapping ER Schemas to OWL Ontologies","I. Myroshnichenko; M. C. Murphy","NA; San Francisco State Univ., CA, USA","2009 IEEE International Conference on Semantic Computing","30 Oct 2009","2009","","","324","329","As the Semantic Web initiative gains momentum, a fundamental problem of integrating existing data-intensive WWW applications into the Semantic Web emerges. In order for today's relational database supported Web applications to transparently participate in the Semantic Web, their associated database schemas need to be converted into semantically equivalent ontologies. In this paper we present a solution to an important special case of the automatic mapping problem with wide applicability: mapping well-formed Entity-Relationship (ER) schemas to semantically equivalent OWL Lite ontologies. We present a set of mapping rules that fully capture the ER schema semantics, along with an overview of an implementation of the complete mapping algorithm integrated into the current SFSU ER Design Tools software.","","978-1-4244-4962-0","10.1109/ICSC.2009.61","","https://ieeexplore.ieee.org/stamp/stamp.jsp?arnumber=5298643","ER;OWL;RDF;Semantic Web;ontology;data model;schema mapping;data-intensive applications","Erbium;OWL;Ontologies;Semantic Web;Relational databases;World Wide Web;Software algorithms;Software design;Algorithm design and analysis;Software tools","entity-relationship modelling;knowledge representation languages;ontologies (artificial intelligence);relational databases;semantic Web","OWL lite ontology;semantic Web;relational database;automatic mapping problem;entity-relationship schema;SFSU ER Design Tools software","","15","1","18","","30 Oct 2009","","","IEEE","IEEE Conferences"
"Ontology-driven tunnel construction information retrieval and extraction","H. Min; H. Zhewen","Sydney Institute of Language and Commerce, Shanghai University, 201800, China; Sydney Institute of Language and Commerce, Shanghai University, 201800, China","The 26th Chinese Control and Decision Conference (2014 CCDC)","14 Jul 2014","2014","","","4741","4746","Integration of data from heterogeneous data sources is one of several technical challenges during the tunnel construction. BIM and relational database have maken their efforts for tunnel data organization, but they are not qualified for tunnel problem reasoning. This paper proposes a tunnel data organization method driven by Ontology, which is suitable for data reorganization as well as reasoning. In this mechanism, a tunnel domian ontology center is built by experts for accepting information from BIM and database. Combined with expert knowledge, the ontology is used for problem sloving and analysis. The ontology-driven system has been successfully applied in Shanghai HongMei South Tunnel Project, which improved the tunnel construction quality and helped avoid risks.","1948-9447","978-1-4799-3708-0","10.1109/CCDC.2014.6853021","","https://ieeexplore.ieee.org/stamp/stamp.jsp?arnumber=6853021","Ontology;Tunnel;Building Information Modelling;Database","Ontologies;Monitoring;Cognition;Databases;Organizations;Standards;Data models","construction;data integration;inference mechanisms;information retrieval;ontologies (artificial intelligence);problem solving;quality control;relational databases;structural engineering computing;tunnels","ontology-driven tunnel construction information retrieval;ontology-driven tunnel construction information extraction;data integration;heterogeneous data sources;BIM;relational database;tunnel data organization method;data reorganization;reasoning;tunnel domain ontology center;ontology-driven system;Shanghai HongMei South Tunnel Project;tunnel construction quality","","1","","24","","14 Jul 2014","","","IEEE","IEEE Conferences"
"An Information Flow Based Approach to Semantic Integration of Distributed Digital Museums","H. Liu; H. Bao; J. Wu; J. Feng","Institute of Information Technology, Beijing Union University, Beijing 100101, China. E-MAIL: xxtliuhongzhe@buu.com.cn; Institute of Information Technology, Beijing Union University, Beijing 100101, China; Institute of Information Technology, Beijing Union University, Beijing 100101, China; Institute of Information Technology, Beijing Union University, Beijing 100101, China","2006 International Conference on Machine Learning and Cybernetics","4 Mar 2009","2006","","","4430","4437","The distribution of data and knowledge of a huge amount of cultural heritage and the desire to make them available readily to people geographically scattered gives rise to the challenge of semantic integration of distributed digital museums. In order to make this difficult task tractable, how the participant museums are linked conceptually must be looked at first before any implementation issues for links of more a physical nature can be considered. One promising avenue to this end seems to characterize what we call 'informational relationship' between participant museums, which are seen within a (notional) distributed system. And this characterization including reasoning about this relationship should be carried out in both a meaningful and a principled way. In this paper, we describe how to derive semantics in legacy relational database to form local ontology, and present an information flow based approach to mathematically model the relationship among multiple distributed local ontologies in terms of an information channel construction, which involves the construction of classifications and local logics and infomorphisms between them, thus global ontology construction and token connection discovery, To help the establishment of semantic correspondences between various components of the distributed system, which is necessary for the task, the cultural heritage domain ontology CIDOC conceptual reference model (CRM) is deployed as a bridge ontology. The soundness and completeness of the local ontologies is preserved in the global ontology developed in this way","2160-1348","1-4244-0061-9","10.1109/ICMLC.2006.259097","","https://ieeexplore.ieee.org/stamp/stamp.jsp?arnumber=4028852","Information Flow;Digital Museum;Semantic Integration;Ontology","Ontologies;Cultural differences;Mathematical model;Data models;Information technology;Acoustic scattering;Relational databases;Logic;Bridges;Query processing","distributed databases;humanities;ontologies (artificial intelligence);relational databases;semantic Web","information flow based approach;semantic integration;distributed digital museums;cultural heritage;mathematical model;multiple distributed local ontology;information channel construction;CIDOC;conceptual reference model","","","","22","","4 Mar 2009","","","IEEE","IEEE Conferences"
"An ontology-based MicroRNA knowledge sharing and acquisition framework","J. Huang; X. Lu; D. Dou; W. T. Gerthoffer; J. Dang; J. A. Blake; M. Tan","School of Computing University of South Alabama, Mobile, AL, U.S.A.; School of Computing University of South Alabama, Mobile, AL, U.S.A.; Computer and Information Science Department, University of Oregon, Eugene, OR, U.S.A.; Department of Biochemistry & Molecular Biology, University of South Alabama, Mobile, AL, U.S.A.; Siemens Corporate Research, Siemens Corporation, Princeton, NJ, U.S.A.; The Jackson Laboratory, Bar Harbor, ME, U.S.A.; Mitchell Cancer Institute, University of South Alabama, Mobile, AL, U.S.A.","2012 IEEE International Conference on Bioinformatics and Biomedicine Workshops","25 Feb 2013","2012","","","740","747","MicroRNAs (miRNAs) play important roles in various biological processes by regulating their target genes. Therefore, miRNAs are closely associated with development, diagnosis, and prognosis for many diseases. The prediction of miRNA targets remains a challenging task for biologists because it involves an extremely large amount of data sources to be explored: to manually integrate information of identified targets and related information from various sources is time-consuming and error-prone; most of all, it is subject to biologists' limited prior knowledge. In this paper we investigated an ontology-based knowledge sharing framework to assist biologists in unraveling important roles of miRNAs in human disease in an automated and more efficient manner, (i) We developed the very first domain-specific ontologies in the miRNA field, Ontology for MicroRNA Target (OMIT), (ii) According to the global metadata model defined in ontologies, heterogeneous data sources were annotated and seamlessly integrated and stored into a central Resource Description Framework (RDF) data repository, (iii) We then enabled ontology-based queries, instead of traditional SQL queries, by inferring new statements from RDF data triples. Consequently we were able to acquire hidden knowledge originally implicit and unclear, yet critical, to biologists.","","978-1-4673-2747-3","10.1109/BIBMW.2012.6470228","","https://ieeexplore.ieee.org/stamp/stamp.jsp?arnumber=6470228","semantic annotation and data integration;miRNA;ontology;knowledge acquisition;logic reasoning","Ontologies;Semantics;Biology;Resource description framework;Databases;Engines;Cognition","biology computing;diseases;knowledge acquisition;meta data;ontologies (artificial intelligence);query processing;RNA","ontology-based MicroRNA knowledge sharing;ontology-based MicroRNA knowledge acquisition framework;miRNA;human disease;domain-specific ontologies;ontology for MicroRNA target;OMIT;global metadata model;heterogeneous data sources;central resource description framework data repository;RDF data repository;ontology-based queries;RDF data triples","","6","","27","","25 Feb 2013","","","IEEE","IEEE Conferences"
"Framework for automatically construct ontology knowledge base from semi-structured datasets","G. -h. Baek; S. -k. Kim; K. -h. Ahn","Department of Computer Science and Engineering, The National Hanbat University, Yuseong-gu, Daejeon, South Korea; Department of Computer Science and Engineering, The National Hanbat University, Yuseong-gu, Daejeon, South Korea; Department of Computer Science and Engineering, The National Hanbat University, Yuseong-gu, Daejeon, South Korea","2015 10th International Conference for Internet Technology and Secured Transactions (ICITST)","25 Feb 2016","2015","","","152","157","This paper propose the method to dynamically construct optimized ontology knowledge base (KB) using ontology schema model from semi-structured datasets based RDM (relational data model). In order to enhance a big data analysis ability, it must be provided classification or analysis method based on context and meaning. Also recently, for providing high-level services on IoT environment, necessity of a semantic interaction between objects is emphasizing. An existing RDB is difficult to share or interact a various data. Besides, they are impediment in a contextual big data analysis or an interaction between individuals of IoT environment, because they has been operating by features of RDM that constructed a metadata or schema about domain. Therefore, a studies in constructing ontology KB that is possible contextual and semantic representation from existing RDB is in progress, as a result, typically, R2RML was published by W3C RDB2RDF Working Group. But, existing a mapping language can be limited, when RDB is not normalized (such as, 1NF), or when a semi-structured data provided (e.g. spreadsheet, text of key-value type (such as JSON), text of XML type etc.). Therefore, it has been requiring method that construct ontology KB from semi-structured datasets. We proposed a CVI (Cell-Value Importer) and a TTG (Transformation Table Generator) for dynamically importing value at semi-structured data. Also, we defined a Property Expression (PropertyExp) for describing mapping information by intuitive and concise sentence. Finally, we show that our design satisfied 10 of all 14 possible features of mapping languages [1] through testing by that constructed ontology KB from research equipment semi-structured dataset, after we implement prototype of this framework based JDK Environment.","","978-1-9083-2052-0","10.1109/ICITST.2015.7412077","","https://ieeexplore.ieee.org/stamp/stamp.jsp?arnumber=7412077","ontology;knowledge base;semi-structured dataset;mapping description;ProeprtyExp","Ontologies;Resource description framework;Prototypes;Knowledge based systems;Metadata","Big Data;data analysis;Internet of Things;knowledge based systems;meta data;ontologies (artificial intelligence);pattern classification;relational databases","optimized ontology knowledge base;ontology schema model;RDM;relational data model;big data analysis ability;classification method;analysis method;high-level service;IoT environment;semantic interaction;contextual big data analysis;metadata;schema about domain;constructing ontology KB;contextual representation;semantic representation;R2RML;W3C RDB2RDF working group;mapping language;spreadsheet;JSON;CVI;cell-value importer;TTG;transformation table generator;dynamically importing value;property expression;PropertyExp;mapping information;constructed ontology KB;research equipment semistructured dataset;JDK environment","","2","","17","","25 Feb 2016","","","IEEE","IEEE Conferences"
"Exclusive technique for stocking and probing data table integration using the Internet","T. Divya; M. Nithya","Department of Computer Science and Engineering Sri Sairam Engineering College, Chennai, Tamilnadu; Department of Computer Science and Engineering, Sri Sairam Engineering College, Chennai, Tamilnadu","International Conference on Information Communication and Embedded Systems (ICICES2014)","9 Feb 2015","2014","","","1","5","The highly successful architecture and protocols of today's Internet may operate poorly in environments characterized by very long delay paths. People are great sources of unique information, especially that which is location-specific, community-specific and time-specific. We extant the design of ONDINE system which allows the loading and the querying of a data warehouse opened on the Web, directed by an Ontological and Terminological Resource (OTR). The ONtology-based Data INtEgration (ONDINE), using the semantic Web framework and language recommendations, which implement the entire management system, to supplement existing local data sources with data tables which have been extracted from Web documents. ONDINE system trusts on an Ontological and Terminological Resource (OTR). In Chief, we present the main steps of our semiautomatic method to annotate data tables driven by an OTR. The output of this method is an XML/RDF data warehouse composed of XML documents representing data tables with their fuzzy RDF annotations. This system relies on SPARQL and allows approximate answers to be retrieved. to compare old and new data, if there is any modification occurs, then the new document updated as the RDF file.","","978-1-4799-3834-6","10.1109/ICICES.2014.7033787","","https://ieeexplore.ieee.org/stamp/stamp.jsp?arnumber=7033787","Mobile networking;ontology based data integration;Network measurement;Wireless networking;Human Factors","Ontologies;Resource description framework;XML;Semantics;Fuzzy sets;Data warehouses;Educational institutions","data integration;data warehouses;Internet;ontologies (artificial intelligence);semantic Web;SQL;XML","data table integration;Internet;ONDINE system;data warehouse loading;data warehouse querying;ontological and terminological resource;ontology-based data integration;semantic Web framework;Web documents;data table annotation;OTR;XML-RDF data warehouse;XML documents;fuzzy RDF annotations;SPARQL","","","","9","","9 Feb 2015","","","IEEE","IEEE Conferences"
"Semantic Query for Integrated Heterogeneous Database Systems","P. Liang; Y. Liu; S. Liang; H. Chen","Comput. Sch., Huazhong Univ. of Sci. & Technol., Wuhan; Comput. Sch., Huazhong Univ. of Sci. & Technol., Wuhan; Coll. of Inf. Sci. & Eng., Wuhan Univ. of Sci. & Technol., Wuhan; Coll. of Inf. Sci. & Eng., Wuhan Univ. of Sci. & Technol., Wuhan","2008 First International Conference on Intelligent Networks and Intelligent Systems","21 Nov 2008","2008","","","741","744","To enable accessing deep web information at semantic level, this paper develops a semantic query rewriting mechanism on heterogeneous database enabled web information system with complex ontology mapping technology. It discusses the procedure of converting database schema and instances to ontologies at first, and then the patterns of complex ontology mappings, and the ontology-based query planning in Mediator-Wrapper based environment with GAV style querying request. The relational algebra rewriting is discussed in detail.","","978-0-7695-3391-9","10.1109/ICINIS.2008.166","","https://ieeexplore.ieee.org/stamp/stamp.jsp?arnumber=4683331","SQL Query Rewriting;Heterogeneous Database Integration;Semantic Query","Database systems;Ontologies;Information systems;Intelligent networks;Distributed databases;Relational databases;Intelligent systems;Deductive databases;Computer networks;Educational institutions","distributed databases;ontologies (artificial intelligence);query processing;semantic Web","integrated heterogeneous database systems;semantic query rewriting mechanism;Web information system;complex ontology mapping technology;query planning;Mediator-Wrapper","","","","9","","21 Nov 2008","","","IEEE","IEEE Conferences"
"Evaluation of NoSQL graph databases for querying and versioning of engineering data in multi-disciplinary engineering environments","R. Mordinyi; P. Schindler; S. Biffl","Christian-Doppler-Laboratory “Software Engineering Integration for Flexible Automation Systems”, Institute of Software Technology and Interactive Systems, Vienna University of Technology, Austria; Christian-Doppler-Laboratory “Software Engineering Integration for Flexible Automation Systems”, Institute of Software Technology and Interactive Systems, Vienna University of Technology, Austria; Christian-Doppler-Laboratory “Software Engineering Integration for Flexible Automation Systems”, Institute of Software Technology and Interactive Systems, Vienna University of Technology, Austria","2015 IEEE 20th Conference on Emerging Technologies & Factory Automation (ETFA)","26 Oct 2015","2015","","","1","8","In the context of large engineering projects the effective and efficient exchange and versioning of information from different engineering disciplines is essential. Semantic data integration approaches provide the necessary means to overcome the gap between heterogeneous local engineering tool concepts and common project-level concepts which enable the mapping of engineering data coming from different disciplines. However, evaluations have shown that ontology-based stores do not satisfy versioning and query performance criteria in case of large multi-disciplinary engineering projects. In this paper, we present an architecture solution that uses ontologies to describe engineering models and a NoSQL graph database to version individuals. We evaluate the software architectures according to quality attributes, i.e., performance and scalability, in the context of an industrial scenarios, and compare it with related approaches. Main results suggest that the architecture outperforms ontology stores and match solutions relying on relational databases.","1946-0759","978-1-4673-7929-8","10.1109/ETFA.2015.7301486","","https://ieeexplore.ieee.org/stamp/stamp.jsp?arnumber=7301486","Ontology;Semantic Integration;NOSQL;graph databases;Versioning;Performance","Databases;Ontologies;Data models;Semantics;Resource description framework;Context","data integration;ontologies (artificial intelligence);query processing;relational databases;software architecture;SQL","NoSQL graph databases;engineering data;multidisciplinary engineering environments;semantic data integration;heterogeneous local engineering;ontology-based stores;query performance criteria;software architectures;relational databases","","4","","22","","26 Oct 2015","","","IEEE","IEEE Conferences"
"A semantic integration system for heterogeneous bioinformatics data","W. Dai; J. Cheng; Q. Wang","Department of Computer Science and Technology, Tianjin University, School of Computer Software, Tianjin University; Department of Computer Science and Technology, Tianjin University, School of Computer Software, Tianjin University; Department of Computer Science and Technology, Tianjin University","Proceedings of 2012 2nd International Conference on Computer Science and Network Technology","10 Jun 2013","2012","","","1072","1076","A data integrating system, designed to provide unified access to multiple, heterogeneous biological and medical data sources, is proposed in this paper. Compared with other analogous systems, a linear regression model is used to improve the efficient of ontology alignment by results of string-based ontology alignment algorithms. We build domain ontology from object-oriented perspective to integrate bioinformatics information stored in relational databases, and describe the detailed process of heterogeneous data integration.","","978-1-4673-2964-4","10.1109/ICCSNT.2012.6526111","","https://ieeexplore.ieee.org/stamp/stamp.jsp?arnumber=6526111","Semantic Web;ontology alignment;linear regression model;data integration","","bioinformatics;information retrieval;object-oriented methods;ontologies (artificial intelligence);regression analysis;relational databases","semantic integration system;heterogeneous bioinformatics data;data access;multiple heterogeneous biological data sources;medical data source;linear regression model;string-based ontology alignment algorithm;domain ontology;object-oriented perspective;bioinformatics information;relational database;heterogeneous data integration","","","","25","","10 Jun 2013","","","IEEE","IEEE Conferences"
"A scalable ontology reasoner via incremental materialization","F. Rabbi; W. MacCaull; R. U. Faruqui","StFX Centre for Logic and Information, St. Francis Xavier University, Antigonish, NS B2G 2A5; StFX Centre for Logic and Information, St. Francis Xavier University, Antigonish, NS B2G 2A5; Department of Computing and Software, McMaster University, Hamilton, ON L8S 4K1","Proceedings of the 26th IEEE International Symposium on Computer-Based Medical Systems","10 Oct 2013","2013","","","221","226","Ontology based knowledge management systems have a lot of potential: their applicability ranges from artificial intelligence, e.g., for knowledge representation and natural language processing, to information integration and retrieval systems, requirements analysis, and, most lately, to semantic web applications and workflow management systems. However the huge complexity of reasoning for ontologies with large TBoxes and/or ABoxes is often a barrier to their applicability in real-world settings especially those which are time sensitive. Materialization is a promising solution for scalable reasoning over ontologies with large ABoxes as it derives the implicit knowledge of an ontology and makes it available in a relational database. Although materialization can reduce the query answering time of an ontology, it has limitations in applications which require frequent update to the knowledge base. To overcome this problem, we developed a tool for incremental materialization which identifies the fragment of the ontology that needs to be updated due to the ABox or TBox change, thereby reducing the complexity of the exhaustive forward chaining required.","1063-7125","978-1-4799-1053-3","10.1109/CBMS.2013.6627792","","https://ieeexplore.ieee.org/stamp/stamp.jsp?arnumber=6627792","","Ontologies;OWL;Pain;Cognition;Relational databases","artificial intelligence;data integration;deductive databases;forward chaining;medical information systems;natural language processing;ontologies (artificial intelligence);query processing;real-time systems;relational databases;semantic Web;workflow management software","scalable ontology reasoner;incremental materialization;ontology based knowledge management systems;artificial intelligence;knowledge representation;natural language processing;information integration;retrieval systems;requirements analysis;semantic web applications;workflow management systems;TBoxes;ABoxes;real-world setting applicability;time sensitive;scalable reasoning;relational database;query answering time;ontology fragment;forward chaining","","2","","18","","10 Oct 2013","","","IEEE","IEEE Conferences"
"Supporting Geosciences Web Services Metadata Management and Discovery","P. Brazier; A. Chebotko; E. Gonzalez; A. Kashlev; A. Piazza","Dept. of Comput. Sci., Univ. of Texas-Pan American, Edinburg, TX, USA; Dept. of Comput. Sci., Univ. of Texas-Pan American, Edinburg, TX, USA; Dept. of Comput. Sci., Univ. of Texas-Pan American, Edinburg, TX, USA; Dept. of Comput. Sci., Univ. of Texas-Pan American, Edinburg, TX, USA; Dept. of Comput. Sci., Univ. of Texas-Pan American, Edinburg, TX, USA","2010 IEEE International Conference on Services Computing","26 Aug 2010","2010","","","625","626","Geosciences Web portals are becoming increasingly important for supporting geoscientists in their research. The GEO-SEED portal is a repository of geosciences web services metadata, represented in Resource Description Framework (RDF), which supports management and discovery by machines and automated agents. This project uses SPARQL, the W3C standard for querying RDF, to support discovery of web services. SPARQL query performance becomes more critical as the amount of RDF metadata in the repository increases. Most existing RDF storage systems are based on relational database technology. The problem with most of these systems is that their query performance is limited by the use of fixed schema mapping strategies. In this paper, we present our system, called S2ST, which addresses this issue in the context of geosciences web services metadata management. Our experiments show that S2ST provides better SPARQL performance than existing relational RDF storage systems.","","978-1-4244-8147-7","10.1109/SCC.2010.27","","https://ieeexplore.ieee.org/stamp/stamp.jsp?arnumber=5557288","web services;metadata management;RDF;querying;SPARQL;database","Resource description framework;Web services;Databases;Geology;Ontologies;Loading","geophysics computing;meta data;portals;relational databases;Web services","geosciences Web services metadata management;geosciences Web portals;GEO-SEED portal;Resource Description Framework querying;SPARQL;W3C standard;relational database technology;fixed schema mapping strategy;S2ST","","4","","2","","26 Aug 2010","","","IEEE","IEEE Conferences"
"Querying Fuzzy Spatiotemporal RDF Data Using R2RML Mappings","L. Bai; J. Lu; S. Wang","Northeastern University (Qinhuangdao),School of Computer and Communication Engineering,Qinhuangdao,China,066004; Northeastern University (Qinhuangdao),School of Computer and Communication Engineering,Qinhuangdao,China,066004; Northeastern University (Qinhuangdao),School of Computer and Communication Engineering,Qinhuangdao,China,066004","2020 IEEE International Conference on Fuzzy Systems (FUZZ-IEEE)","26 Aug 2020","2020","","","1","8","With the development of Internet technology, information management has shown a spurt of growth. In real-life applications, information usually includes spatial, temporal, or spatiotemporal features. Spatiotemporal data has temporal and spatial attributes, and these attributes are often fuzzy. Due to the great significance of fuzzy spatiotemporal data management, how to query fuzzy spatiotemporal data efficiently and effectively has become an important research issue. In that case, this paper formally proposes a new implementation method, which is the query processing of fuzzy spatiotemporal data. In view of the advantages of the most advanced mapping method (R2RML) in data transformation, three algorithms are proposed to transform fuzzy spatiotemporal data from relational database into fuzzy RDF data based on R2RML. On this basis, according to the characteristics of fuzzy RDF data, we give three different fuzzy quantifiers (extreme fuzzy quantifier, range fuzzy quantifier, degree fuzzy quantifier) to represent fuzzy spatiotemporal RDF data. Since SPARQL plays an important role in querying RDF data, it is used for the query of fuzzy spatiotemporal RDF data. In addition, three kinds of fuzzy quantifiers are designed, and the experimental results show the superiority of this method by analyzing experiments in the aspects of the recall and precision.","1558-4739","978-1-7281-6932-3","10.1109/FUZZ48607.2020.9177656","","https://ieeexplore.ieee.org/stamp/stamp.jsp?arnumber=9177656","Fuzzy Spatiotemporal Data;R2RML;RDF;SPARQL","Resource description framework;Spatiotemporal phenomena;Arrays;Relational databases;Containers;Semantics","fuzzy set theory;Linked Data;query processing;relational databases","spatiotemporal features;fuzzy spatiotemporal data management;query fuzzy spatiotemporal data;R2RML;data transformation;fuzzy RDF data;fuzzy quantifiers;fuzzy spatiotemporal RDF data querying;SPARQL;relational database;query processing;Internet","","","","19","","26 Aug 2020","","","IEEE","IEEE Conferences"
"Towards a Framework for agent-enabled Semantic Integration in the design of Distributed Digital Museum","Y. Jie-hua; L. Hong-zhe; B. Hong; X. De","Beijing Union University, Beijing, China; Beijing Union University, Beijing, China; Beijing Union University, 100010 Beijing, China; Beijing JiaoTong University, 100044 Beijing, China","2005 First International Conference on Semantics, Knowledge and Grid","12 Mar 2007","2005","","","36","36","This paper presents a framework for agent-enabled semantic integration in the design of distributed digital museum. In this framework, Web Services provides remote information process services which can be discovered and invoked by middle-layer agent to satisfy multiple needs. Domain Ontology is used to characterize and model the semantics that are embedded in the digital museum. Concept-mapping Agent is deployed to set up the semantic relationships between Domain Ontology and relational databases and feedback to middle-layer agent, in doing so, we can get directly benefit from middle-layer agent. During the user request answer process, middle-layer agent can dynamically and quickly discovered the services, executed the remote calling of services, combined the results and finally feedback to user. Furthermore, the paper gave out a Digital Museum Information Retrieval System (DMIRS) , which is designed, based on this framework and demonstrated to be stable and efficient.","","0-7695-2534-2","10.1109/SKG.2005.130","","https://ieeexplore.ieee.org/stamp/stamp.jsp?arnumber=4125824","","Web services;Semantic Web;Ontologies;Relational databases;Feedback;Information retrieval;Software agents;Information management;Intelligent agent;Information technology","humanities;information retrieval systems;ontologies (artificial intelligence);relational databases;semantic Web;software agents;Web services","agent-enabled semantic integration;distributed digital museum design;Web service;remote information process service;domain ontology;relational database;user request answer process;digital museum information retrieval system","","","","15","","12 Mar 2007","","","IEEE","IEEE Conferences"
"A semantic approach to polystores","E. Kharlamov; T. Mailis; K. Bereta; D. Bilidas; S. Brandt; E. Jimenez-Ruiz; S. Lamparter; C. Neuenstadt; O. Özçep; A. Soylu; C. Svingos; G. Xiao; D. Zheleznyakov; D. Calvanese; I. Horrocks; M. Giese; Y. Ioannidis; Y. Kotidis; R. Moller; A. Waaler",University of Oxford; University of Athens; University of Athens; University of Athens; Siemens CT; University of Oxford; Siemens CT; University of Lübeck; University of Lübeck; NTNU; University of Athens; Free University of Bozen-Bolzano; University of Oxford; Free University of Bozen-Bolzano; University of Oxford; University of Oslo; University of Athens; Athens University of Economics and Business; University of Lübeck; University of Oslo,"2016 IEEE International Conference on Big Data (Big Data)","6 Feb 2017","2016","","","2565","2573","In the database community Polystores is an emerging and promising approach for data federation that aims at designing a unified querying layer over multiple data models. In the Semantic Web community a similar in spirit approach of Ontology-Based Data Access (OBDA) has been recently proposed, attracted a lot of attention, and proved its success in several industrial scenarios. In this paper we discuss a semantic approach to building polystores using the OBDA paradigm. We also present our system Optique that is utilized in an industrial application of performing turbine diagnostics in Siemens.","","978-1-4673-9005-7","10.1109/BigData.2016.7840898","","https://ieeexplore.ieee.org/stamp/stamp.jsp?arnumber=7840898","","Ontologies;Geospatial analysis;Semantics;Databases;Data models;Temperature measurement;Turbines","fault diagnosis;gas turbines;industrial engineering;ontologies (artificial intelligence);query processing;semantic Web;SQL","polystores;data federation;unified querying layer;data models;semantic Web community;ontology-based data access;OBDA;Optique system;industrial application;turbine diagnostics;Siemens","","11","","40","","6 Feb 2017","","","IEEE","IEEE Conferences"
"Knowledge Base Construction Process for Smart-City Services","P. Bellini; P. Nesi; N. Rauch","Dept. of Inf. Eng., Univ. of Florence, Florence, Italy; Dept. of Inf. Eng., Univ. of Florence, Florence, Italy; Dept. of Inf. Eng., Univ. of Florence, Florence, Italy","2014 19th International Conference on Engineering of Complex Computer Systems","16 Oct 2014","2014","","","186","189","Presently a very large number of public and private data sets are available around the local governments. In most cases, they are not semantically interoperable and a huge human effort is needed to create integrated ontologies and knowledge base for smart city. In this paper, a system for the ingestion of data for smart city related aspects as road graph, services available on the roads, traffic sensors etc., is proposed. The system allows to manage a big volume of data coming from a variety of sources considering both static and dynamic data, these data are then mapped to a smart-city and mobility ontology and stored into an RDF-Store where this data are available for applications via SPARQL queries to provide new services to the users. The paper presents the knowledge base and the mechanisms adopted for the verification, reconciliation and validation. Some examples about the possible usage of the knowledge base produced are also offered and are accessible from the RDF-Store.","","978-1-4799-5482-7","10.1109/ICECCS.2014.33","","https://ieeexplore.ieee.org/stamp/stamp.jsp?arnumber=6923135","Smart city;reconciliation;validation and verification of knowledge base;linked open graph","Ontologies;Cities and towns;Knowledge based systems;Roads;Sensors;Data models;Resource description framework","data integration;knowledge based systems;knowledge verification;ontologies (artificial intelligence);query processing;road traffic control;SQL","knowledge base construction process;smart-city services;public data sets;private data sets;local governments;data ingestion;static data;dynamic data;data mapping;mobility ontology;data storage;RDF-Store;SPARQL queries;data verification;data reconciliation;data validation;data management","","3","","11","","16 Oct 2014","","","IEEE","IEEE Conferences"
"A Cloud-Based Framework for Collaborative Data Management in the VPH-Share Project","S. Benkner; C. Borckholder; M. Bubak; Y. Kaniovskyi; R. Knight; M. Koehler; S. Koulouzis; P. Nowakowski; S. Wood","Res. Group Sci. Comput., Univ. of Vienna, Vienna, Austria; Res. Group Sci. Comput., Univ. of Vienna, Vienna, Austria; Inst. of Comput. Sci./Cyfronet, AGH Univ. of Sci. & Technol., Krakow, Poland; Res. Group Sci. Comput., Univ. of Vienna, Vienna, Austria; Sci. Comput. & Inf., Sheffield Teaching Hosp. NHS Found. Trust, Sheffield, UK; Res. Group Sci. Comput., Univ. of Vienna, Vienna, Austria; Inst. of Comput. Sci./Cyfronet, AGH Univ. of Sci. & Technol., Krakow, Poland; Inst. of Comput. Sci./Cyfronet, AGH Univ. of Sci. & Technol., Krakow, Poland; Sci. Comput. & Inf., Sheffield Teaching Hosp. NHS Found. Trust, Sheffield, UK","2013 27th International Conference on Advanced Information Networking and Applications Workshops","1 Jul 2013","2013","","","1203","1210","The VPH-Share project objective is to store, share, integrate, and link data, information, knowledge, and wisdom about the physiopathology of the human body to enable their reuse within the virtual physiological human community. Therefore, the projects develops a modular and generic data management platform on top of a distributed Cloud infrastructure. The data management platform enables the ontological annotation of VPH-relevant datasets, their provisioning in the Cloud, and supports different data integration approaches. In this paper we present the architecture and implementation of this VPH-Share Cloud and data management platform and we go into detail about two different data integration approaches: relational data mediation, which has been realized on top of a distributed data mediation engine, and semantic data integration, which is supported on the basis of the SPARQL federation extension. Both approaches are examined on top of a project-specific scenario executed in the VPH-Share Cloud environment.","","978-0-7695-4952-1","10.1109/WAINA.2013.58","","https://ieeexplore.ieee.org/stamp/stamp.jsp?arnumber=6550559","","Clouds;Distributed databases;Mediation;Semantics;Engines;Data integration;Atmosphere","cloud computing;data integration;groupware;ontologies (artificial intelligence);relational databases","cloud-based framework;collaborative data management;virtual physiological human community;modular data management platform;generic data management platform;distributed cloud infrastructure;ontological annotation;data integration approach;relational data mediation;distributed data mediation engine;semantic data integration;SPARQL federation extension;VPH-Share cloud environment","","4","","25","","1 Jul 2013","","","IEEE","IEEE Conferences"
"Bioinformatics and computational systems biology: at the cross roads of biology, engineering and computation","S. Subramaniam","California Univ., San Diego, CA, USA","The 26th Annual International Conference of the IEEE Engineering in Medicine and Biology Society","14 Mar 2005","2004","2","","5458","","Summary form only given. We are witnessing the emergence of the ""data rich"" era in biology. The myriad data in biology ranging from sequence strings to complex phenotypic and disease-relevant data pose a huge challenge to modern biology. The standard paradigm in biology that deals with hypothesis to experimentation (low throughput data) to models is being gradually replaced by data to hypothesis to models and experimentation to more data and models. And unlike data in physical sciences, that in biological sciences is almost guaranteed to be highly heterogeneous and incomplete. In order to make significant advances in this data rich era, it is essential that there be robust data repositories that allow interoperable navigation, query and analysis across diverse data, and a plug-and-play tools environment that will facilitate seamless interplay of tools and data. Further, the integrated data will enable the reconstruction and modeling of biological systems. This talk with address several of the challenges posed by enormous need for scientific data integration and modeling in biology with specific exemplars and possible strategies. The issues addressed will include: architecture of data and knowledge repositories; flat, relational and object-oriented databases ; ontologies in biology; reduction and analysis of data; legacy knowledge integration with data and systems level modeling in biology.","","0-7803-8439-3","10.1109/IEMBS.2004.1404527","","https://ieeexplore.ieee.org/stamp/stamp.jsp?arnumber=1404527","","Computational systems biology;Bioinformatics;Roads;Biology computing;Biological system modeling;Object oriented modeling;Computational biology;Data analysis;Systems biology;Sequences","biology computing;physiological models;query processing;relational databases;object-oriented databases;ontologies (artificial intelligence)","bioinformatics;computational systems biology;engineering;complex phenotypic data;disease-relevant data;data repositories;interoperable navigation;data query;data analysis;plug-and-play tools environment;biological systems reconstruction;scientific data integration;knowledge repositories;flat database;relational database;object-oriented database;ontologies;data reduction;legacy knowledge integration;systems level modeling","","2","","","","14 Mar 2005","","","IEEE","IEEE Conferences"
"A Novel Approach for Multi-source Heterogeneous Database Integration","V. M. Shelake; V. S. Bhojane","Dept. of Inf. Technol., Yadavrao Tasgaonkar Coll. of Eng. & Manage., Mumbai, India; Dept. of Comput. Eng., Pillai Inst. of Inf. Technol., Mumbai, India","2013 International Conference on Machine Intelligence and Research Advancement","9 Oct 2014","2013","","","184","190","Currently, there are different database management systems (DBMS) available and the integration between different database systems is required. There are tools and techniques available for schema matching, but most of them require manual intervention. However, in this paper, a new algorithm named as Multi-Source Heterogeneous Database Integration (MSHDI) is proposed which effectively performs 1:1 and M:1 database integration and determines semantic matches automatically. This paper introduces a novel experimentation with existing heterogeneous database systems such as Oracle, Microsoft SQL Server and Microsoft Excel for schema matching and data integration. In comparison with existing algorithms, this approach achieves full automation and better results on any real-world databases of same domain.","","978-0-7695-5013-8","10.1109/ICMIRA.2013.42","","https://ieeexplore.ieee.org/stamp/stamp.jsp?arnumber=6918819","Heterogeneous Database;Database Integration;Schema Matching","Database systems;Servers;Spreadsheet programs;Ontologies;Data integration;Semantics","distributed databases","multisource heterogeneous database integration;database management systems;DBMS;schema matching;multi-source heterogeneous database integration;semantic matches;heterogeneous database systems;Oracle;Microsoft SQL Server;Microsoft Excel;data integration","","1","","13","","9 Oct 2014","","","IEEE","IEEE Conferences"
"Ontology of Western Australian petroleum data for effective data warehouse design and data mining","S. L. Nimmagadda; H. Dreher; Amit Rudra","Sch. of Inf. Syst., Curtin Univ. of Technol., Perth, WA, Australia; Sch. of Inf. Syst., Curtin Univ. of Technol., Perth, WA, Australia; Sch. of Inf. Syst., Curtin Univ. of Technol., Perth, WA, Australia","INDIN '05. 2005 3rd IEEE International Conference on Industrial Informatics, 2005.","19 Dec 2005","2005","","","584","592","Volumes of petroleum resources data are archived in different companies. These are of heterogeneous form - either in relational, hierarchical or network structures. With the widespread use of these databases and explosive growth in their sizes, petroleum businesses face a problem of information overload. Effectively utilizing these data volumes is a major challenge for this type of industry. Data search becomes tedious, at times when specific queries are made, due to data accumulated in several geographic locations. In this research work, we revisit these data and propose to simplify these heterogeneous data structures through an ontological data modelling approach particularly to address the issues of data integration and information sharing. Various ontological models have been described in the context of Western Australian petroleum systems. An ontological framework, with a mechanism to integrate petroleum resources data in a warehouse environment has been investigated. Ontology design benefits and its impacts on designing data mining algorithms are discussed. Ontology approach ensures petroleum data validity that supports petroleum knowledge mining process.","2378-363X","0-7803-9094-6","10.1109/INDIN.2005.1560442","","https://ieeexplore.ieee.org/stamp/stamp.jsp?arnumber=1560442","","Ontologies;Australia;Petroleum;Data warehouses;Data mining;Algorithm design and analysis;Companies;Relational databases;Explosives;Industrial relations","data mining;data warehouses;ontologies (artificial intelligence);distributed databases;petroleum industry;query processing;relational databases","petroleum resources data;data warehouse design;data mining;heterogeneous database;relational database;hierarchical database;network structure;petroleum business;petroleum industry;data search;geographic location;ontological data modelling;data integration;information sharing;Western Australian petroleum system;petroleum knowledge mining process","","5","","24","","19 Dec 2005","","","IEEE","IEEE Conferences"
"Fuzzy Web Data Tables Integration Guided by an Ontological and Terminological Resource","P. Buche; J. Dibie-Barthelemy; L. Ibanescu; L. Soler","UMR INRA IATE and LIRMM, Montpellier; INRA Metarisk, Paris; INRA Metarisk, Paris; INRA Metarisk, Paris","IEEE Transactions on Knowledge and Data Engineering","21 Feb 2013","2013","25","4","805","819","In this paper, we present the design of ONDINE system which allows the loading and the querying of a data warehouse opened on the Web, guided by an Ontological and Terminological Resource (OTR). The data warehouse, composed of data tables extracted from Web documents, has been built to supplement existing local data sources. First, we present the main steps of our semiautomatic method to annotate data tables driven by an OTR. The output of this method is an XML/RDF data warehouse composed of XML documents representing data tables with their fuzzy RDF annotations. We then present our flexible querying system which allows the local data sources and the data warehouse to be simultaneously and uniformly queried, using the OTR. This system relies on SPARQL and allows approximate answers to be retrieved by comparing preferences expressed as fuzzy sets with fuzzy RDF annotations.","1558-2191","","10.1109/TKDE.2011.245","","https://ieeexplore.ieee.org/stamp/stamp.jsp?arnumber=6095552","Knowledge and data engineering tools and techniques;XML/XSL/RDF;uncertainty;""fuzzy"";and probabilistic reasoning;representations;data structures;and transforms;knowledge modeling","Ontologies;Resource description framework;Semantics;Data mining;OWL;XML;Data warehouses","collections of physical data;data integration;data warehouses;fuzzy set theory;Internet;ontologies (artificial intelligence);query processing;SQL;XML","fuzzy Web data tables integration;ONDINE system;ontological and terminological resource;OTR;Web documents;local data sources;semiautomatic method;XML data warehouse;RDF data warehouse;XML documents;fuzzy RDF annotations;flexible querying system;SPARQL;approximate answers;fuzzy sets;query processing","","22","","32","","6 Dec 2011","","","IEEE","IEEE Journals"
"Digital patient: Personalized and translational data management through the MyHealthAvatar EU project","H. Kondylakis; E. G. Spanakis; S. Sfakianakis; V. Sakkalis; M. Tsiknakis; K. Marias; X. Zhao; H. Q. Yu; F. Dong","Institute of Computer Science (ICS), Foundation for Research and Technology - Hellas (FORTH), Iraklio 700 13, Greece; Institute of Computer Science (ICS), Foundation for Research and Technology - Hellas (FORTH), Iraklio 700 13, Greece; Institute of Computer Science (ICS), Foundation for Research and Technology - Hellas (FORTH), Iraklio 700 13, Greece; Institute of Computer Science (ICS), Foundation for Research and Technology - Hellas (FORTH), Iraklio 700 13, Greece; Institute of Computer Science (ICS), Foundation for Research and Technology - Hellas (FORTH) and the Technical University of Crete, Greece; Institute of Computer Science (ICS), Foundation for Research and Technology - Hellas (FORTH), Iraklio 700 13, Greece; Department of Computer Science and Technology, University of Bedfordshire, Luton, UK; Department of Computer Science and Technology, University of Bedfordshire, Luton, UK; Department of Computer Science and Technology, University of Bedfordshire, Luton, UK","2015 37th Annual International Conference of the IEEE Engineering in Medicine and Biology Society (EMBC)","5 Nov 2015","2015","","","1397","1400","The advancements in healthcare practice have brought to the fore the need for flexible access to health-related information and created an ever-growing demand for the design and the development of data management infrastructures for translational and personalized medicine. In this paper, we present the data management solution implemented for the MyHealthAvatar EU research project, a project that attempts to create a digital representation of a patient's health status. The platform is capable of aggregating several knowledge sources relevant for the provision of individualized personal services. To this end, state of the art technologies are exploited, such as ontologies to model all available information, semantic integration to enable data and query translation and a variety of linking services to allow connecting to external sources. All original information is stored in a NoSQL database for reasons of efficiency and fault tolerance. Then it is semantically uplifted through a semantic warehouse which enables efficient access to it. All different technologies are combined to create a novel web-based platform allowing seamless user interaction through APIs that support personalized, granular and secure access to the relevant information.","1558-4615","978-1-4244-9271-8","10.1109/EMBC.2015.7318630","","https://ieeexplore.ieee.org/stamp/stamp.jsp?arnumber=7318630","","Ontologies;Semantics;Joining processes;Medical services;Data models;Data warehouses;Europe","health care;medical information systems;ontologies (artificial intelligence);query processing;security of data;semantic Web;SQL","personalized data management;translational data management;healthcare practice;health-related information;translational medicine;personalized medicine;MyHealthAvatar EU research project;ontologies;query translation;NoSQL database;semantic warehouse;Web-based platform","Databases, Factual;Humans;Internet;Precision Medicine;Research Design;Semantics","19","","10","","5 Nov 2015","","","IEEE","IEEE Conferences"
"Data Management Issues on the Semantic Web","O. Hassanzadeh; A. Kementsietsidis; Y. Velegrakis","Univ. of Toronto, Toronto, ON, Canada; IBM Res., Canada; Univ. of Trento, Trento, Italy","2012 IEEE 28th International Conference on Data Engineering","2 Jul 2012","2012","","","1204","1206","We provide an overview of the current data management research issues in the context of the Semantic Web. The objective is to introduce the audience into the area of the Semantic Web, and to highlight the fact that the area provides many interesting research opportunities for the data management community. A new model, the Resource Description Framework (RDF), coupled with a new query language, called SPARQL, lead us to revisit some classical data management problems, including efficient storage, query optimization, and data integration. These are problems that the Semantic Web community has only recently started to explore, and therefore the experience and long tradition of the database community can prove valuable. We target both experienced and novice researchers that are looking for a thorough presentation of the area and its key research topics.","2375-026X","978-0-7695-4747-3","10.1109/ICDE.2012.141","","https://ieeexplore.ieee.org/stamp/stamp.jsp?arnumber=6228168","data mining;disparate clustering;alternative clustering;subspace clustering;multi-view clustering","Resource description framework;Semantics;Communities;Databases;Conferences;Data models","data integration;meta data;query processing;semantic Web;SQL","data management issues;semantic web;resource description framework;RDF;query language;SPARQL;query optimization;data integration;database community;storage;data integration","","9","","35","","2 Jul 2012","","","IEEE","IEEE Conferences"
"Two-phase schema matching in real world relational databases","N. Bozovic; V. Vassalos","Department of informatics, Athens University of Economics and Business, Greece; Department of informatics, Athens University of Economics and Business, Greece","2008 IEEE 24th International Conference on Data Engineering Workshop","30 Apr 2008","2008","","","290","296","We propose a new approach to the problem of schema matching in relational databases that merges the hybrid and composite approach of combining multiple individual matching techniques. In particular, we propose assigning individual matchers to two categories, “strong” matchers that provide apriori higher quality matches, and “weak” matchers that may be more sensitive to the inputs and are less reliable but can still help generate some matches. Matching is correspondingly done in two phases, with strong “matches” being produced by strong matchers being combined using a simple voting combiner, and weak matchers providing additional evidence for attributes left unmatched (again using a voting combiner). We observe that, while many recent advances in schema matching [2][5][7][11] use composite schema matching and rely on the existence of training schemas to train combiners, in many real-world situations it is not feasible to employ learning techniques because of the unavailability of training data (i.e., schemas or instance data.) We hypothesize that “weak” matchers can often hurt overall accuracy if used in a “single-phase” composite matcher that does not employ learning techniques. We implement our two-stage approach in the ASID system and evaluate it using real life schemas. The experiments validate our hypothesis regarding the negative effect of “weak” matchers and also show ASID performs comparably to state of the art systems while requiring no training schemas. We also demonstrate the benefits of a simple documentation-based matcher. Our experimental data included schemas ranging from 20 to 120 attributes. Note that schemas with 120 attributes are as large or larger than other published evaluations of relational schema matching.","","978-1-4244-2161-9","10.1109/ICDEW.2008.4498334","","https://ieeexplore.ieee.org/stamp/stamp.jsp?arnumber=4498334","","Relational databases;Voting;Internet;Database systems;Informatics;Training data;Ontologies;Machine learning;Neural networks;Availability","learning (artificial intelligence);pattern matching;relational databases","two-phase relational schema matching;relational database;voting combiner;training schema;machine learning technique;documentation-based matcher","","10","2","21","","30 Apr 2008","","","IEEE","IEEE Conferences"
"Linked REST APIs: A Middleware for Semantic REST API Integration","D. Serrano; E. Stroulia; D. Lau; T. Ng","Dept. of Comput. Sci., Univ. of Alberta, Edmonton, AB, Canada; Dept. of Comput. Sci., Univ. of Alberta, Edmonton, AB, Canada; Center for Adv. Studies, IBM Canada Lab., Toronto, ON, Canada; Dept. of Comput. Sci., Univ. of Alberta, Edmonton, AB, Canada","2017 IEEE International Conference on Web Services (ICWS)","11 Sep 2017","2017","","","138","145","Over the last decade, an exponentially increasing number of REST services have been providing a simple and straightforward syntax for accessing rich data resources. To use these services, however, developers have to understand ""information-use contracts"" specified in natural language, and, to build applications that benefit from multiple existing services they have to map the underlying resource schemas in their code. This process is difficult and error-prone, especially as the number and overlap of the underlying services increases, and the mappings become opaque, difficult to maintain, and practically impossible to reuse. The more recent advent of the Linked Data formalisms can offer a solution to the challenge. In this paper, we propose a conceptual framework for REST-service integration based on Linked Data models. In this framework, the data exposed by REST services is mapped to Linked Data schemas, based on these descriptions, we have developed a middleware that can automatically compose API calls to respond to data queries (in SPARQL). Furthermore, we have developed a RDF model for characterizing the access-control protocols of these APIs and the quality of the data they expose, so that our middleware can develop ""legal"" compositions with desired qualities. We report our experience with the implementation of a prototype that demonstrates the usefulness of our framework in the context of a research-data management application.","","978-1-5386-0752-7","10.1109/ICWS.2017.26","","https://ieeexplore.ieee.org/stamp/stamp.jsp?arnumber=8029755","data integration;Linked Data;REST APIs","Semantics;Web services;Ontologies;Data models;Syntactics","application program interfaces;authorisation;data integration;Linked Data;middleware;query processing;semantic Web;SQL","Linked REST API;middleware;semantic REST API integration;information-use contracts;Linked Data formalisms;REST-service integration;Linked Data models;API calls;data queries;SPARQL;RDF model;access-control protocols;data quality;legal compositions;research-data management","","13","","23","","11 Sep 2017","","","IEEE","IEEE Conferences"
"A federation model to support semantic SPARQL queries for enterprise data governance","A. Corradi; L. Foschini; A. Zanni; M. Casoni; S. Monti; F. Sprotetto","Department of Computer Science and Engineering, Scuola di Ingegneria, University di Bologna, Bologna, Italy; Department of Computer Science and Engineering, Scuola di Ingegneria, University di Bologna, Bologna, Italy; Department of Computer Science and Engineering, Scuola di Ingegneria, University di Bologna, Bologna, Italy; Imola Informatica S.p.a,. Imola (BO), Italy; Imola Informatica S.p.a,. Imola (BO), Italy; Imola Informatica S.p.a,. Imola (BO), Italy","2016 Eleventh International Conference on Digital Information Management (ICDIM)","26 Jan 2017","2016","","","96","100","Data Governance and Federation in large complex organizations poses non-trivial challenges due to the integration of heterogeneous, distributed data sources. Semantic Web, and its de-facto standard query language - SPARQL - have proven to be key in defining and searching semantic over any sort of content on the Web, thus easily letting content clients discover hidden relationships among disparate data. However, current SPARQL support of Data Federation is fairly limited, making it impractical for real-world scenarios. Our work proposes an open and autonomous platform for Data Federation that overcome traditional SPARQL limitations and opens up unprecedented opportunities for Data Governance in large organizations.","","978-1-5090-2641-8","10.1109/ICDIM.2016.7829778","","https://ieeexplore.ieee.org/stamp/stamp.jsp?arnumber=7829778","Enterprise Data Governance;Federation;Semantic Web","Semantics;Web services;Data models;Standards organizations;Organizations;Distributed databases;Semantic Web","business data processing;data integration;semantic Web;SQL","semantic SPARQL queries;enterprise data governance;large complex organizations;heterogeneous distributed data source integration;semantic Web;standard query language;data federation","","1","","8","","26 Jan 2017","","","IEEE","IEEE Conferences"
"Resource capability discovery and description management system for bioinformatics Data and service Integration - an experiment with gene regulatory networks","E. Ahmed","Integration Informatics Laboratory, Department of Computer Science, Wayne State University, Detroit, MI 48202, USA","2008 11th International Conference on Computer and Information Technology","21 Mar 2009","2008","","","56","61","Traditional legacy HTML based web sites/ page can be thought of as web services because the dynamic web pages can take user input argument via web forms and response to user query. The ability of agents and services to automatically locate and interact with unknown partners is a goal for Web based Data Integration system. This ldquoserendipitous interoperabilityrdquo is hindered by the lack of an explicit means of describing what web pages are able to do and in order to do it what input it takes and what output it produces, that is what is their capabilities [1]. The tremendous success of the WWW is countervailed by the efforts needed to search and find relevant information. For tabular structures embedded in HTML documents, typical keyword or link-analysis based search fails. The next phase envisioned for the WWW is automatic ad-hoc interaction between intelligent agents, web services, databases and semantic web enabled applications. A large amount of information available on the Web is formatted in HTML tables, which are mainly presentation oriented and are not suited for database applications. As a result, how to capture information in HTML tables semantically and integrate relevant information is a challenge. We are envisioning another layer of web abstraction where user can query intra web document table like structure. Our prototype application is based on WebFusion and an ad hoc query language BioFlow [2], [3], [4], [5], [6] a software agent that can simulate a person interacting with web search forms and extracting information from the resulting pages by means of an API. We need to develop a framework which is able to query search web forms and the web page tables in a SQL way. In this context we also report a Java based implementation for integrating Flybase and AlignACE site.","","978-1-4244-2135-0","10.1109/ICCITECHN.2008.4802991","","https://ieeexplore.ieee.org/stamp/stamp.jsp?arnumber=4802991","Table structure;Table modeling;Web mining;Ontology generation;Semantic Web;Intelligent Wrapper;Web Information Extraction;HTML forms;Web Data Integration;extraction ontology;Hidden Web;Web Automation","Resource management;Bioinformatics;HTML;Web pages;Web services;World Wide Web;Databases;Intelligent agent;Semantic Web;Software prototyping","bioinformatics;genetics;hypermedia markup languages;open systems;query processing;semantic Web;SQL;Web services;Web sites","resource capability discovery;description management system;bioinformatics data;service integration;gene regulatory networks;Web sites;Web services;dynamic Web pages;Web forms;Web based data integration system;serendipitous interoperability;tabular structures;HTML documents;keyword analysis based search;link analysis based search;automatic ad hoc interaction;intelligent agents;databases;semantic Web;Web abstraction;Web document;table like structure;WebFusion;ad hoc query language;BioFlow;software agent;API;SQL;Java based implementation;Flybase site;AlignACE site","","1","","22","","21 Mar 2009","","","IEEE","IEEE Conferences"
"A semantic web application in business data integration","J. Gonzalez; O. Velez-Langs",Programa de Ingeniería de Sistemas - Universidad Jorge Tadeo Lozano - Bogotá -Colombia; Facultad de Ingenierías Universidad de Córdoba Montería - Colombia,"2017 6th International Conference on Software Process Improvement (CIMPS)","11 Dec 2017","2017","","","1","9","One of the needs in the problem of data centralization of companies is that they handle various applications (software) for each process they perform (HR Accounting Inventories etc.) This leads to not be able to unify the information. With our idea it begins to raise a technological solution to centralize and migrate information from the databases of various applications regardless of the engine they use (MySQL SQL Server Sybase Oracle etc.) by means of CSV files and Semantic Web techniques that is a web extension endowed with greater meaning in which any user can find answers to their questions more quickly and easily thanks to a better defined information.","","978-1-5386-3230-7","10.1109/CIMPS.2017.8169946","","https://ieeexplore.ieee.org/stamp/stamp.jsp?arnumber=8169946","Semantic Web;Ontology;Neon Methodology;Semantic Web Service;Visual Code;DonetRDF;Protégé","Resource description framework;Software;Neon;Visualization;Silicon compounds;C# languages","business data processing;semantic Web;SQL","semantic web application;business data integration;software;HR Accounting Inventories;MySQL SQL Server Sybase Oracle etc;CSV files;Semantic Web techniques;Web extension","","1","","","","11 Dec 2017","","","IEEE","IEEE Conferences"
"Synthesis of Semantic Model of Subject Area at Integration of Relational Databases","V. Filatov; V. Semenets; O. Zolotukhin","Kharkiv National University of Radio Electronics,Artificial Intelligence Department,Kharkiv,Ukraine; Kharkiv National University of Radio Electronics,Department of Metrology and Technical Expertise,Kharkiv,Ukraine; Kharkiv National University of Radio Electronics,Artificial Intelligence Department,Kharkiv,Ukraine","2019 IEEE 8th International Conference on Advanced Optoelectronics and Lasers (CAOL)","2 Mar 2020","2019","","","598","601","The article considers the problem of synthesizing a semantic model of the subject area at integration of heterogeneous information resources. In this case, emphasis is placed on ensuring the universality of the means of description, without regard to artificial limitations on the data typification and categorization. Two types of logical existence rules are introduced: functional and structural ones, which allow analyzing not only explicitly defined, but also logically deducible information objects, that is, determining the boundary of the subject area. Information about all possible information objects of the subject area makes it possible to determine the area of intersection of the integrable data semantics.","2160-1534","978-1-7281-1814-7","10.1109/CAOL46282.2019.9019532","","https://ieeexplore.ieee.org/stamp/stamp.jsp?arnumber=9019532","reengineering;relational database;data semantics;subject area;data integration;data model","Semantics;Mathematical model;Data models;Databases;Information services;Data integration","information resources;ontologies (artificial intelligence);relational databases;semantic Web","semantic model;relational databases;heterogeneous information resources;logical existence rules;logically deducible information objects;information objects;integrable data semantics","","1","","18","","2 Mar 2020","","","IEEE","IEEE Conferences"
"Semantic information integration of Health Care Network for Physical-Cyber-Social computing approach","H. H. Rahman; S. Chakraborty; M. H. Seddiqui","Chittagong Veterinary & Animal Sciences University, Bangladesh; Dept. of CSE, University of Chittagong, Bangladesh; Dept. of CSE, University of Chittagong, Bangladesh","2014 17th International Conference on Computer and Information Technology (ICCIT)","2 Apr 2015","2014","","","305","313","The Health Care Network (HCN ) related information of a country is one of the most influential fields of data sharing and integrating with disparate data sources of physical world and compatible health care organizations on the exponentially growing World Wide Web (WWW ) for improving and maintaining health related services of mass people. Although these accessible HCN related unstructured or semi-structured data in multiple heterogeneous repositories on the web originate challenges to develop a smarter method in finding specific information using traditional keyword-based search engines. Moreover, it is also a formidable task to harmonize spatial data with our HCN for exploring implicit knowledge that assist people in making their decisions regarding of health services and it is getting researchers' attention at a rapid pace. In this regard, we applied the Physical-Cyber-Social (PCS) computing approach on HCN that demonstrates the feasibility of semantic web technologies to represent domain information in the machine understandable format and we also integrate data from accessible Cyber Space Data Sources (CSDSs) to address these challenges. We published our HCN related data using Resource Description Framework (RDF ) to build a knowledge-base. We call this repository as HCN - BD, which is HCN related machine understandable data source of Bangladesh. This yields a huge knowledge graph with 0.25 million nodes, i.e. RDF triples to facilitate reasoning important information pattern by a graph based query language, SPARQL. Furthermore, we integrate this semantic repository with our generic spatial knowledge-base, Geo - Bangladesh, a machine understandable geographic data source related to the administrative structure of Bangladesh, to examine health care locations using SPARQL and therefore, we achieved the semantic interoperability in our Linked Open Data (LOD) application. Moreover, our research effectively addresses nearest health care centers using real time spatial data from Global Positioning System (GPS) and maps these locality to increase searching ability by mass people.","","978-1-4799-6288-4","10.1109/ICCITechn.2014.7073104","","https://ieeexplore.ieee.org/stamp/stamp.jsp?arnumber=7073104","Ontology;Linked Open Data;Physical-Cyber-Social Computing;Semantic Information Integration;Semantic Interoperability;Health Care Network;Semantic Knowledge Representation","Hospitals;Cyberspace;Information services;Electronic publishing;Internet;Communities;Organizations","Global Positioning System;health care;ontologies (artificial intelligence);open systems;semantic networks;semantic Web;SQL","semantic information integration;health care network;physical-cyber-social computing approach;HCN;data sharing;data integration;data sources;physical world;health care organizations;World Wide Web;WWW;health related service maintenance;health related service improvement;accessible HCN-related unstructured data;accessible HCN-related semistructured data;multiple heterogeneous repositories;keyword-based search engines;spatial data harmonization;implicit knowledge;PCS computing approach;semantic Web technologies;domain information representation;accessible cyber space data sources;CSDS;HCN related data;Resource Description Framework;HCN-BD repository;HCN related machine understandable data source;knowledge graph;RDF triples;information pattern reasoning;graph based query language;ARQL;semantic repository;generic spatial knowledge-base;Geo-Bangladesh;administrative structure;semantic interoperability;linked open data;LOD application;health care centers;real time spatial data;Global Positioning System;GPS;locality maps;searching ability improvement","","1","","39","","2 Apr 2015","","","IEEE","IEEE Conferences"
"Storing and Querying Scientific Workflow Provenance Metadata Using an RDBMS","A. Chebotko; X. Fei; C. Lin; S. Lu; F. Fotouhi","Wayne State Univ., Detroit; Wayne State Univ., Detroit; Wayne State Univ., Detroit; Wayne State Univ., Detroit; Wayne State Univ., Detroit","Third IEEE International Conference on e-Science and Grid Computing (e-Science 2007)","7 Jan 2008","2007","","","611","618","Provenance management has become increasingly important to support scientific discovery reproducibility, result interpretation, and problem diagnosis in scientific workflow environments. This paper proposes an approach to provenance management that seamlessly integrates the interoperability, extensibility, and reasoning advantages of semantic Web technologies with the storage and querying power of an RDBMS. Specifically, we propose: i) two schema mapping algorithms to map an arbitrary OWL provenance ontology to a relational database schema that is optimized for common provenance queries; ii) two efficient data mapping algorithms to map provenance RDF metadata to relational data according to the generated relational database schema, and iii) a schema-independent SPARQL-to-SQL translation algorithm that is optimized on-the-fly by using the type information of an instance available from the input provenance ontology and the statistics of the sizes of the tables in the database. Experimental results are presented to show that our algorithms are efficient and scalable.","","978-0-7695-3064-2","10.1109/E-SCIENCE.2007.70","","https://ieeexplore.ieee.org/stamp/stamp.jsp?arnumber=4426938","","Relational databases;Ontologies;Environmental management;Reproducibility of results;Energy management;Technology management;Semantic Web;OWL;Resource description framework;Statistics","meta data;relational databases;semantic Web","scientific workflow provenance metadata;provenance management;semantic Web technologies;relational database schema;data mapping algorithms;provenance ontology","","23","","26","","7 Jan 2008","","","IEEE","IEEE Conferences"
"RDF/RDFS-based Relational Database Integration","Huajun Chen; Zhaohui Wu; Heng Wang; Yuxin Mao","Zhejiang University, China; NA; NA; NA","22nd International Conference on Data Engineering (ICDE'06)","24 Apr 2006","2006","","","94","94","We study the problem of answering queries through a RDF/RDFS ontology, given a set of view-based mappings between one or more relational schemas and this target ontology. Particularly, we consider a set of RDFS semantic constraints such as rdfs:subClassof, rdfs:subPropertyof, rdfs:domain, and rdfs:range, which are present in RDF model but neither XML nor relational models. We formally define the query semantics in such an integration scenario, and design a novel query rewriting algorithm to implement the semantics. On our approach, we highlight the important role played by RDF Blank Node in representing incomplete semantics of relational data. A set of semantic tools supporting relational data integration by RDF are also introduced. The approach have been used to integrate 70 relational databases at China Academy of Traditional Chinese Medicine.","2375-026X","0-7695-2570-9","10.1109/ICDE.2006.127","","https://ieeexplore.ieee.org/stamp/stamp.jsp?arnumber=1617462","","Resource description framework;Relational databases;Ontologies;XML;Semantic Web;Educational institutions;Computer science;Algorithm design and analysis;Natural languages;Data engineering","","","","11","","16","","24 Apr 2006","","","IEEE","IEEE Conferences"
"A Preliminary Framework for Strategic and Compliance Monitoring","E. Cardoso; M. Montali","Free University of Bolzano, Italy; Free University of Bolzano, Italy","2019 IEEE 23rd International Enterprise Distributed Object Computing Workshop (EDOCW)","21 Nov 2019","2019","","","75","84","The complexity of modern organisations drives the usage of enterprise architectures models and execution data as suitable tools to manage such complexity. To promote a successful enterprise management, this paper proposes the 2QUEN framework that uses enterprise architecture models to monitor the achievement of enterprise goals. In order to represent the relevant architectural domains, 2QUEN uses abstractions like goals, business processes and normative primitives. In order to gather data to monitor goal achievement, 2QUEN proposes the first steps of a methodology to access and query data of a legacy relational database with the purpose of querying norms states. The methodology starts from normative primitives (commitments, authorisations, prohibitions and powers) and uses the architecture provided by the 2-level version of OBDA [2] (2OBDA), a framework from the Semantic Web community, to semantically represent normative primitives and their states, and subsequently map those norms to the underlying legacy data.","2325-6605","978-1-7281-4598-3","10.1109/EDOCW.2019.00024","","https://ieeexplore.ieee.org/stamp/stamp.jsp?arnumber=8907283","ontology based data access;goals;norms;business processes;enterprise architecture analytics","","","","","","","22","","21 Nov 2019","","","IEEE","IEEE Conferences"
"Probabilistic model for schema understanding and matching","L. -. Ratinov; S. E. Shimony; E. Gudes","Dept. of Comput. Sci., Ben-Gurion Univ., Israel; Dept. of Comput. Sci., Ben-Gurion Univ., Israel; Dept. of Comput. Sci., Ben-Gurion Univ., Israel","2004 IEEE International Conference on Systems, Man and Cybernetics (IEEE Cat. No.04CH37583)","7 Mar 2005","2004","5","","4768","4773 vol.5","Schema matching is the problem of finding a correspondence between schemas: relational database schemas or Web repositories. The ad-hoc approaches perform poorly on real-world schemas due to the abundance of non-dictionary abbreviations. Our approach to schema matching is based on deep understanding of the schema, using an integrative probabilistic generative model as a framework for comparing candidate interpretations. In empirical evaluation, the proposed model performed well in interpreting relational schemas and exhibited high resistance to noise in the model parameters","1062-922X","0-7803-8566-7","10.1109/ICSMC.2004.1401285","","https://ieeexplore.ieee.org/stamp/stamp.jsp?arnumber=1401285","","Writing;Computer science;Warehousing;Query processing;Cities and towns;Dictionaries;Robustness;Spatial databases;Target tracking;Ontologies","Internet;pattern matching;probability;relational databases","probabilistic model;schema matching;relational database schema;Web repositories","","","","11","","7 Mar 2005","","","IEEE","IEEE Conferences"
"Integration of heterogeneous relational databases: RDF mapping approach","M. A. Ismail; M. Yaacob; S. A. Kareem","Faculty of CS & IT University of Malaya, 50603 Kuala Lumpur, Malaysia; Faculty of CS & IT University of Malaya, 50603 Kuala Lumpur, Malaysia; Faculty of CS & IT University of Malaya, 50603 Kuala Lumpur, Malaysia","2008 International Symposium on Information Technology","26 Sep 2008","2008","3","","1","7","Mapping process is important in integrating data and knowledge from multiple heterogeneous relational databases. Mapping from a relational database to a description that uses the Resource Description Framework (RDF) shows promising results where it will not jeopardize the semantics of the data. The integration is also important in realizing simultaneous data query from multiple databases. Thus, this paper defined a practical approach for creating mappings between three relational databases of scholarly content (journal and proceeding) to RDF.","2155-899X","978-1-4244-2327-9","10.1109/ITSIM.2008.4632012","","https://ieeexplore.ieee.org/stamp/stamp.jsp?arnumber=4632012","","Resource description format;Databases;Relational databases;Erbium;Ontologies;Data models;OWL","data integrity;distributed databases;query processing;relational databases;semantic Web","RDF mapping approach;data integration;multiple heterogeneous relational database;resource description framework;semantic Web;query processing","","","1","18","","26 Sep 2008","","","IEEE","IEEE Conferences"
"A linked data graph approach to integration of immunological data","S. A. C. Bukhari; J. Mandell; S. H. Kleinstein; K. -H. Cheung","Lesley H. & William L. Collins College of Professional Studies, St. John's University,Division of Computer Science, Mathematics and Science,New York,NY,USA; Yale University,Interdepartmental Program in Computational Biology and Bioinformatics,New Haven,CT,USA; Yale University,Interdepartmental Program in Computational Biology and Bioinformatics,Department of Pathology,New Haven,CT,USA; Medicine and Yale Center for Medical Informatics Computationa Biology and Bioinformaticcs, Yale University,Department of Emergency,New Haven,CT,USA","2019 IEEE International Conference on Bioinformatics and Biomedicine (BIBM)","6 Feb 2020","2019","","","1742","1749","Systems biology involves the integration of multiple data types (across different data sources) to offer a more complete picture of the biological system being studied. While many existing biological databases are implemented using the traditional SQL (Structured Query Language) database technology, NoSQL database technologies have been explored as a more relationship-based, flexible and scalable method of data integration. In this paper, we describe how to use the Neo4J graph database to integrate a variety of types of data sets in the context of systems vaccinology. Specifically, we have converted into a common graph model diverse types of vaccine response measurement data from the NIH/NIAID ImmPort data repository, pathway data from Reactome, influenza virus strains from WHO, and taxonomic data from NCBI Taxon. While Neo4J provides a graph-based query language (Cypher) for data retrieval, we develop a web-based dashboard for users to easily browse and visualize data without the need to learn Cypher. In addition, we have prototyped a natural language query interface for users to interact with our system. In conclusion, we demonstrate the feasibility of using a graph-based database for storing and querying immunological data with complex biological relationships. Querying a graph database through such relationships has the potential to reveal novel relationships among heterogeneous biological data.","","978-1-7281-1867-3","10.1109/BIBM47256.2019.8982986","","https://ieeexplore.ieee.org/stamp/stamp.jsp?arnumber=8982986","ontology;knowledgebase;graph database;immunology;influenza vaccine","Structured Query Language;Ciphers;Databases;NoSQL databases;Linked data;Natural languages;Systems biology","bioinformatics;data analysis;data integration;genetics;graph theory;Linked Data;natural language processing;NoSQL databases;query languages;query processing;user interfaces","linked data graph approach;systems biology;biological system;NoSQL database technologies;data integration;Neo4J graph database;systems vaccinology;vaccine response measurement data;pathway data;influenza virus strains;taxonomic data;graph-based query language;Cypher;data retrieval;web-based dashboard;natural language query interface;graph-based database;immunological data;biological relationships","","","","17","","6 Feb 2020","","","IEEE","IEEE Conferences"
"Mapping Between Data Sources on the Web","G. H. L. Fletcher; C. M. Wyss","Computer Science Department Indiana University, Bloomington, USA; NA","International Workshop on Challenges in Web Information Retrieval and Integration","12 Dec 2005","2005","","","173","178","The data mapping problem is to discover effective mappings between structured representations of data. These mappings are the basic ‘glue’ for facilitating large-scale ad-hoc information sharing between autonomous peers in a dynamic environment. Automating their discovery is one of the fundamental unsolved challenges for information integration and sharing on the Web. We outline a general approach to automating the discovery of mappings between relational data sources which leverages new perspectives on the data mapping problem and report on a prototype implementation. Our approach utilizes heuristic search within a space delineated by basic relational transformation operators. A further novelty of our approach is that these operators include data to metadata transformations (and vice versa), allowing a generalization of previous solutions such as token-based schema matching.","","0-7695-2414-1","10.1109/WIRI.2005.25","","https://ieeexplore.ieee.org/stamp/stamp.jsp?arnumber=1553011","","Semantic Web;Computer science;Large-scale systems;Prototypes;Peer to peer computing;Informatics;Database systems;Information management;Ontologies;Management information systems","","","","4","","26","","12 Dec 2005","","","IEEE","IEEE Conferences"
"Datalog and Logic Databases","S. Greco; C. Molinaro","University of Calabria (Italy).; University of Calabria, Italy.","Datalog and Logic Databases","","2015","","","","","The use of logic in databases started in the late 1960s. In the early 1970s Codd formalized databases in terms of the relational calculus and the relational algebra. A major influence on the use of logic in databases was the development of the field of logic programming. Logic provides a convenient formalism for studying classical database problems and has the important property of being declarative, that is, it allows one to express what she wants rather than how to get it. For a long time, relational calculus and algebra were considered the relational database languages. However, there are simple operations, such as computing the transitive closure of a graph, which cannot be expressed with these languages. Datalog is a declarative query language for relational databases based on the logic programming paradigm. One of the peculiarities that distinguishes Datalog from query languages like relational algebra and calculus is recursion, which gives Datalog the capability to express queries like computing a graph transitive closure. Recent years have witnessed a revival of interest in Datalog in a variety of emerging application domains such as data integration, information extraction, networking, program analysis, security, cloud computing, ontology reasoning, and many others. The aim of this book is to present the basics of Datalog, some of its extensions, and recent applications to different domains.","","9781627051149","","","https://ieeexplore.ieee.org/xpl/ebooks/bookPdfWithBanner.jsp?fileName=7347036.pdf&bkn=7347035&pdfType=book","relational databases;logic programs;datalog;recursion;negation;function symbols;aggregates;query optimization","","","","","","","","","9 Dec 2015","","","Morgan & Claypool","Morgan and Claypool eBooks"
"Table of contents","",,"2016 6th International Conference on IT Convergence and Security (ICITCS)","10 Nov 2016","2016","","","1","5","The following topics are dealt with: power-aware data structure; memory allocation techniques; EPS-based motion recognition systems; secure distance bounding protocol; TH-UWB; cooperative spectrum sensing scheme; femtocell network; video quality; unequal loss protection; Wi-Fi based broadcasting system; example-based retrieval system; human motion data; astronaut virtual training system; layout familiarization training; stereo image correction; 3D optical microscope; UHF RFID; BLE; stereo-based tag association; medical image segmentation; sensitive adaptive thresholding; interactive event recognition; semantic video understanding; Bgslibrary algorithms; traffic surveillance video; CUDA-based acceleration techniques; image filtering; image-based ship detection; AR navigation; augmented reality; vehicle information; head-up display: LiDAR data; classifier performance; people detection; wavelet transform; max-min energy-efficiency optimization; wireless powered communication network; harvest-then-transmit protocol; ARM64bit Server; WeChat text messages service flow traffic classification; machine learning technique; load balancing; WSN; novel Markov decision process based routing algorithm; repulsion-propulsion firefly algorithm; sentence based mathematical problem solving approach; ontology modeling; sentiment analysis; HARN algorithm; real-time road surface condition determination algorithm; automatic weather system; kinematic constraint method; human gesture recognition; weighted dynamic time warping; IT demand governance; business goal structuring notation; software requirement specification; AOP-based approach;decision support system; proactive flood control; context-aware user interface field classification; common vocabulary set; maritime equipment; e-navigation services; genetic algorithm; strategic information systems planning; speech enhancement; ES information; phase-error based filters; holistic service orchestration; distributed micro data center; hierarchical cluster network; wellness sports industry; secure agent based architecture; resource allocation; cloud computing; distributed multi-platform context-aware user interface; parallel prime number labeling; XML data; MapReduce; metadata extension; data presentations; aspect-oriented user interfaces design integration; Angular 2 framework; energy impact; Web user interface technology; mobile devices; JIT compilation-based unified SQL query optimization system; partial materialization; data integration; SQL-on-Hadoop engines; z-transform based encryption algorithm; FARIS; fast and memory-efficient URL filter; domain specific machine; synchronized blind audio watermarking; multilevel DWT; windowed vector modulation; packet length covert channel capacity estimation; flexible authentication protocol; WBAN; SMS-based mobile botnet detection module; full-duplex jamming attack; active eavesdropping; Big Data security analysis; complex security requirements patterns; SSH attacks; SSL/TLS nonintrusive proxy; JSON data; neural stegoclassifier; polymorphic malware detection; linguistic based steganography; lexical substitution; syntactical transformation; holistic-based feature extraction; error correcting code biometric template protection technique; network based IMSI catcher detection; Internet of Things environment; light-weight API-call safety checking; automotive control software; SmartDriver; project management software; model-based testing; exploratory testing; automated ECG beat classification system and convolutional neural networks.","","978-1-5090-3765-0","10.1109/ICITCS.2016.7740300","","https://ieeexplore.ieee.org/stamp/stamp.jsp?arnumber=7740300","","","application program interfaces;aspect-oriented programming;astronomy computing;audio watermarking;augmented reality;Big Data;biometrics (access control);body area networks;channel capacity;cloud computing;computer based training;cooperative communication;cryptographic protocols;data integration;data structures;decision support systems;discrete wavelet transforms;driver information systems;electrocardiography;electronic messaging;energy conservation;error correction codes;feature extraction;femtocellular radio;formal specification;genetic algorithms;gesture recognition;image filtering;image segmentation;information systems;Internet of Things;invasive software;learning (artificial intelligence);Markov processes;medical image processing;meta data;neural nets;object detection;ontologies (artificial intelligence);optical radar;parallel programming;power aware computing;problem solving;program testing;query processing;radiofrequency identification;resource allocation;sentiment analysis;signal classification;signal detection;speech enhancement;sport;SQL;stereo image processing;storage management;strategic planning;ubiquitous computing;ultra wideband communication;user interfaces;video surveillance;vocabulary;wireless LAN;wireless sensor networks;XML","power-aware data structure;memory allocation techniques;EPS-based motion recognition systems;secure distance bounding protocol;TH-UWB;cooperative spectrum sensing scheme;femtocell network;video quality;unequal loss protection;Wi-Fi based broadcasting system;example-based retrieval system;human motion data;astronaut virtual training system;layout familiarization training;stereo image correction;3D optical microscope;UHF RFID;BLE;stereo-based tag association;medical image segmentation;sensitive adaptive thresholding;interactive event recognition;semantic video understanding;Bgslibrary algorithms;traffic surveillance video;CUDA-based acceleration techniques;image filtering;image-based ship detection;AR navigation;augmented reality;vehicle information;head-up display;LiDAR data;classifier performance;people detection;wavelet transform;max-min energy-efficiency optimization;wireless powered communication network;harvest-then-transmit protocol;ARM64bit Server;WeChat text messages service flow traffic classification;machine learning technique;load balancing;WSN;Markov decision process based routing algorithm;repulsion-propulsion firefly algorithm;holistic service orchestration;distributed micro data center;hierarchical cluster network;wellness sports industry;secure agent based architecture;resource allocation;cloud computing;distributed multi-platform context-aware user interface;parallel prime number labeling;XML data;MapReduce;metadata extension;data presentations;aspect-oriented user interfaces design integration;Angular 2 framework;energy impact;Web user interface technology;mobile devices;JIT compilation-based unified SQL query optimization system;partial materialization;data integration;SQL-on-Hadoop engines;z-transform based encryption algorithm;FARIS;fast and memory-efficient URL filter;domain specific machine;synchronized blind audio watermarking;multilevel DWT;windowed vector modulation;packet length covert channel capacity estimation;flexible authentication protocol;WBAN;SMS-based mobile botnet detection module;phase-error based filters;ES information;speech enhancement;strategic information systems planning;genetic algorithm;e-navigation services;maritime equipment;common vocabulary set;context-aware user interface field classification;proactive flood control;decision support system;AOP-based approach;software requirement specification;business goal structuring notation;IT demand governance;weighted dynamic time warping;human gesture recognition;kinematic constraint method;automatic weather system;real-time road surface condition determination algorithm;HARN algorithm;sentiment analysis;ontology modeling;sentence based mathematical problem solving approach;full-duplex jamming attack;active eavesdropping;Big Data security analysis;complex security requirements patterns;SSH attacks;SSL/TLS nonintrusive proxy;JSON data;neural stegoclassifier;polymorphic malware detection;linguistic based steganography;lexical substitution;syntactical transformation;holistic-based feature extraction;error correcting code biometric template protection;network based IMSI catcher detection;convolutional neural networks;automated ECG beat classification system;exploratory testing;model-based testing;project management software;SmartDriver;automotive control Software;light-weight API-call safety checking;Internet of Things environment","","","","","","10 Nov 2016","","","IEEE","IEEE Conferences"
